Iteracja;Czas[us];Obecny_Koszt;Najlepszy_Koszt
8500;1442;222;56
17000;2868;207;56
25500;4301;398;56
34000;5729;245;56
42500;7179;268;56
51000;8630;303;56
59500;10046;334;56
68000;11485;250;56
76500;12936;333;56
85000;14344;228;56
93500;15745;292;56
102000;17142;143;56
110500;18547;279;55
119000;19948;110;55
127500;21349;327;55
136000;22902;231;55
144500;24287;299;55
153000;25663;286;55
161500;27059;271;55
170000;28432;110;55
178500;29793;264;55
187000;31162;247;55
195500;32517;143;55
204000;33844;249;55
212500;35197;269;55
221000;36753;289;55
229500;38279;269;55
238000;39570;232;55
246500;40840;258;55
255000;42118;231;53
263500;43390;263;53
272000;44663;299;53
280500;45929;227;53
289000;47201;169;53
297500;48467;235;53
306000;49753;123;53
314500;51022;258;53
323000;52507;171;53
331500;53985;224;53
340000;55261;284;53
348500;56544;265;53
357000;57811;228;53
365500;59082;310;53
374000;60350;242;53
382500;61619;307;53
391000;62899;281;53
399500;64174;276;53
408000;65445;171;53
416500;66717;422;53
425000;68038;279;53
433500;69611;186;53
442000;71077;327;53
450500;72346;215;53
459000;73611;319;53
467500;74874;252;53
476000;76142;314;53
484500;77425;178;53
493000;78691;226;53
501500;79961;180;53
510000;81232;271;53
518500;82498;312;53
527000;83773;231;53
535500;85209;267;53
544000;86813;249;53
552500;88093;322;53
561000;89374;347;53
569500;90648;198;53
578000;91931;266;53
586500;93200;190;53
595000;94458;207;53
603500;95721;275;53
612000;96995;265;53
620500;98282;198;53
629000;99553;339;53
637500;100824;157;53
646000;102212;283;53
654500;103788;167;53
663000;105080;161;53
671500;106352;203;53
680000;107618;291;50
688500;108883;216;50
697000;110153;234;50
705500;111421;278;50
714000;112693;324;50
722500;113962;231;50
731000;115231;120;50
739500;116504;93;50
748000;117843;299;50
756500;119181;235;50
765000;120461;193;50
773500;122103;243;50
782000;123386;276;50
790500;124652;370;50
799000;125928;327;50
807500;127200;179;50
816000;128468;228;50
824500;129738;346;50
833000;131012;288;50
841500;132282;201;50
850000;133557;254;50
858500;134828;250;50
867000;136153;208;50
875500;137711;259;50
884000;138983;233;50
892500;140270;281;50
901000;141547;266;50
909500;142816;189;50
918000;144107;229;50
926500;145379;356;50
935000;146664;216;50
943500;147934;204;50
952000;149209;148;50
960500;150483;243;50
969000;151761;259;50
977500;153152;137;50
986000;154443;259;50
994500;155711;244;50
1003000;156992;300;50
1011500;158263;201;50
1020000;159537;323;50
1028500;160813;224;50
1037000;162083;207;50
1045500;163352;257;50
1054000;164620;278;50
1062500;165882;229;50
1071000;167157;263;50
1079500;168491;134;50
1088000;169795;280;49
1096500;171064;294;49
1105000;172451;339;49
1113500;173717;274;49
1122000;174989;243;49
1130500;176259;272;49
1139000;177528;156;49
1147500;178797;286;49
1156000;180069;235;49
1164500;181343;342;49
1173000;182607;214;49
1181500;183864;133;49
1190000;185185;215;49
1198500;186452;224;49
1207000;187721;281;49
1215500;188987;330;49
1224000;190253;321;49
1232500;191520;269;49
1241000;192784;174;49
1249500;194054;221;49
1258000;195325;141;49
1266500;196592;261;49
1275000;197846;208;49
1283500;199110;324;49
1292000;200421;248;49
1300500;201696;376;49
1309000;202963;347;49
1317500;204231;196;49
1326000;205497;318;49
1334500;206766;311;49
1343000;208033;207;49
1351500;209305;372;49
1360000;210575;163;49
1368500;211848;222;49
1377000;213115;252;49
1385500;214387;312;49
1394000;215690;219;49
1402500;216981;285;49
1411000;218249;213;49
1419500;219518;222;49
1428000;220785;191;49
1436500;222051;267;49
1445000;223320;261;49
1453500;224573;161;49
1462000;225842;198;49
1470500;227101;305;49
1479000;228361;213;49
1487500;229631;309;49
1496000;230893;287;49
1504500;232190;269;49
1513000;233470;374;49
1521500;234761;338;49
1530000;236159;184;49
1538500;237508;270;49
1547000;238781;182;49
1555500;240061;304;49
1564000;241330;152;49
1572500;242595;307;49
1581000;243885;255;49
1589500;245157;250;49
1598000;246424;247;49
1606500;247692;303;49
1615000;248968;374;49
1623500;250244;267;49
1632000;251609;300;49
1640500;252917;254;49
1649000;254180;256;49
1657500;255447;170;49
1666000;256715;209;49
1674500;257993;209;49
1683000;259254;186;49
1691500;260520;190;49
1700000;261790;211;49
1708500;263057;242;49
1717000;264361;175;49
1725500;265628;146;49
1734000;266917;274;49
1742500;268189;204;49
1751000;269494;129;49
1759500;270760;170;49
1768000;272031;142;49
1776500;273293;334;49
1785000;274558;392;49
1793500;275824;88;49
1802000;277091;178;49
1810500;278374;241;49
1819000;279654;303;49
1827500;280924;189;49
1836000;282214;289;49
1844500;283492;216;49
1853000;284762;241;49
1861500;286175;203;49
1870000;287440;233;49
1878500;288703;148;49
1887000;289971;210;49
1895500;291239;289;49
1904000;292524;249;49
1912500;293805;280;49
1921000;295073;246;49
1929500;296334;168;49
1938000;297602;263;49
1946500;298877;190;49
1955000;300151;286;49
1963500;301436;290;49
1972000;302758;214;49
1980500;304026;228;49
1989000;305280;253;49
1997500;306561;193;49
2006000;307827;138;49
2014500;309099;265;49
2023000;310366;268;49
2031500;311634;176;49
2040000;312910;113;49
2048500;314180;164;49
2057000;315450;261;49
2065500;316718;239;49
2074000;318036;245;49
2082500;319435;236;49
2091000;320794;121;49
2099500;322056;329;49
2108000;323323;206;49
2116500;324597;215;49
2125000;325865;133;49
2133500;327141;339;49
2142000;328411;256;49
2150500;329680;259;49
2159000;330949;300;49
2167500;332216;276;49
2176000;333542;209;49
2184500;334870;203;49
2193000;336156;168;49
2201500;337424;147;49
2210000;338691;303;49
2218500;339961;268;49
2227000;341232;154;49
2235500;342505;282;49
2244000;343775;233;49
2252500;345046;233;49
2261000;346319;251;49
2269500;347595;286;49
2278000;348861;193;49
2286500;350283;213;49
2295000;351610;295;49
2303500;352910;86;49
2312000;354222;147;49
2320500;355536;174;49
2329000;356842;311;49
2337500;358143;233;49
2346000;359446;294;49
2354500;360753;253;49
2363000;362068;140;49
2371500;363375;120;49
2380000;364680;227;49
2388500;366199;225;49
2397000;367502;229;49
2405500;368807;230;49
2414000;370113;230;49
2422500;371415;261;49
2431000;372739;187;49
2439500;374026;206;49
2448000;375333;309;49
2456500;376636;287;49
2465000;377937;323;49
2473500;379231;225;49
2482000;380748;255;49
2490500;382120;237;49
2499000;383424;170;49
2507500;384736;304;49
2516000;386025;107;49
2524500;387329;235;49
2533000;388630;210;49
2541500;389935;322;49
2550000;391236;228;49
2558500;392539;180;49
2567000;393848;335;49
2575500;395154;206;49
2584000;396481;245;49
2592500;397781;269;49
2601000;399079;217;49
2609500;400395;280;49
2618000;401694;203;49
2626500;402994;174;49
2635000;404299;205;49
2643500;405603;161;49
2652000;406906;308;49
2660500;408206;230;49
2669000;409511;254;49
2677500;410820;207;49
2686000;412142;261;49
2694500;413442;176;49
2703000;414756;210;49
2711500;416056;327;49
2720000;417350;265;49
2728500;418642;225;49
2737000;419937;226;49
2745500;421242;302;49
2754000;422546;218;49
2762500;423841;127;49
2771000;425141;367;49
2779500;426443;366;49
2788000;427758;195;49
2796500;429068;304;49
2805000;430388;313;49
2813500;431693;171;49
2822000;432988;205;49
2830500;434291;279;49
2839000;435595;202;49
2847500;436896;285;49
2856000;438207;264;49
2864500;439509;277;49
2873000;440813;137;49
2881500;442114;278;49
2890000;443415;219;49
2898500;444761;237;49
2907000;446102;382;49
2915500;447404;242;49
2924000;448693;396;49
2932500;449994;304;49
2941000;451290;286;49
2949500;452587;217;49
2958000;453889;219;49
2966500;455189;154;49
2975000;456493;323;49
2983500;457796;347;49
2992000;459088;188;49
3000500;460413;313;49
3009000;461706;193;49
3017500;463006;367;49
3026000;464309;318;49
3034500;465614;199;49
3043000;466912;229;49
3051500;468203;247;49
3060000;469506;198;49
3068500;470814;222;49
3077000;472121;275;49
3085500;473424;231;49
3094000;474717;286;49
3102500;476296;301;48
3111000;477547;270;48
3119500;478807;212;48
3128000;480081;244;48
3136500;481341;245;48
3145000;482607;238;48
3153500;483872;219;48
3162000;485138;194;48
3170500;486411;277;48
3179000;487679;308;48
3187500;488942;184;48
3196000;490207;317;48
3204500;491550;293;48
3213000;492878;283;48
3221500;494147;223;48
3230000;495422;248;48
3238500;496694;313;48
3247000;497960;200;48
3255500;499234;211;48
3264000;500506;172;48
3272500;501775;285;48
3281000;503047;322;48
3289500;504315;176;48
3298000;505586;159;48
3306500;506852;298;48
3315000;508150;269;48
3323500;509408;207;48
3332000;510673;233;48
3340500;511939;343;48
3349000;513206;312;48
3357500;514476;225;48
3366000;515744;273;48
3374500;517014;167;48
3383000;518278;202;48
3391500;519546;243;48
3400000;520812;257;48
3408500;522084;238;48
3417000;523423;114;48
3425500;524724;139;48
3434000;526030;184;48
3442500;527349;207;48
3451000;528662;275;48
3459500;529942;292;48
3468000;531211;248;48
3476500;532479;175;48
3485000;533746;213;48
3493500;534998;222;48
3502000;536355;251;48
3510500;537668;171;48
3519000;538946;209;48
3527500;540212;324;48
3536000;541480;209;48
3544500;542752;230;48
3553000;544023;253;48
3561500;545305;240;48
3570000;546575;261;48
3578500;547836;190;48
3587000;549107;291;48
3595500;550378;283;48
3604000;551722;139;48
3612500;553094;195;48
3621000;554370;275;48
3629500;555644;252;48
3638000;556921;264;48
3646500;558182;227;48
3655000;559449;159;48
3663500;560724;288;48
3672000;561996;269;48
3680500;563267;315;48
3689000;564532;333;48
3697500;565802;159;48
3706000;567076;177;48
3714500;568459;210;48
3723000;569826;304;48
3731500;571174;212;48
3740000;572442;160;48
3748500;573706;189;48
3757000;574974;138;48
3765500;576244;290;48
3774000;577516;154;48
3782500;578784;206;48
3791000;580053;306;48
3799500;581320;280;48
3808000;582590;233;48
3816500;583860;159;48
3825000;585716;242;48
3833500;587891;320;48
3842000;589936;368;48
3850500;591995;350;48
3859000;594061;191;48
3867500;596014;316;48
3876000;598097;247;48
3884500;600143;256;48
3893000;602311;250;48
3901500;604435;238;48
3910000;606503;142;48
3918500;608526;212;48
3927000;610655;185;48
3935500;612341;238;48
3944000;613611;292;48
3952500;614875;328;48
3961000;616146;186;48
3969500;617411;223;48
3978000;618817;191;48
3986500;620165;328;48
3995000;621444;303;48
4003500;622701;265;45
4012000;623964;216;45
4020500;625234;232;45
4029000;626517;121;45
4037500;627785;272;45
4046000;629050;291;45
4054500;630316;168;45
4063000;631584;363;45
4071500;632851;278;45
4080000;634115;248;45
4088500;635539;202;45
4097000;636865;239;45
4105500;638143;274;45
4114000;639413;274;45
4122500;640683;141;45
4131000;641954;193;45
4139500;643223;257;45
4148000;644497;238;45
4156500;645767;258;45
4165000;647040;299;45
4173500;648309;180;45
4182000;649579;344;45
4190500;650847;221;45
4199000;652192;236;45
4207500;653513;298;45
4216000;654800;239;45
4224500;656067;205;45
4233000;657337;304;45
4241500;658605;233;45
4250000;659864;267;45
4258500;661140;257;45
4267000;662411;143;45
4275500;663680;230;45
4284000;664952;247;45
4292500;666225;179;45
4301000;667560;181;45
4309500;668859;98;45
4318000;670180;205;45
4326500;671456;275;45
4335000;672730;292;45
4343500;674004;160;45
4352000;675267;209;45
4360500;676539;288;45
4369000;677828;168;45
4377500;679095;267;45
4386000;680364;148;45
4394500;681633;200;45
4403000;682903;189;45
4411500;684169;298;45
4420000;685608;264;45
4428500;686915;255;45
4437000;688192;266;45
4445500;689463;277;45
4454000;690729;299;45
4462500;691998;380;45
4471000;693267;239;45
4479500;694533;260;45
4488000;695805;249;45
4496500;697075;210;45
4505000;698343;283;45
4513500;699603;251;45
4522000;700866;215;45
4530500;702277;191;45
4539000;703600;228;45
4547500;704880;161;45
4556000;706155;245;45
4564500;707427;326;45
4573000;708699;328;45
4581500;709973;208;45
4590000;711243;281;45
4598500;712510;247;45
4607000;713776;271;45
4615500;715050;260;45
4624000;716325;182;45
4632500;717599;175;45
4641000;718971;262;45
4649500;720273;232;45
4658000;721548;180;45
4666500;722825;127;45
4675000;724089;263;45
4683500;725353;328;45
4692000;726620;171;45
4700500;727882;303;45
4709000;729151;299;45
4717500;730426;268;45
4726000;731692;274;45
4734500;732959;235;45
4743000;734315;237;45
4751500;735609;324;45
4760000;736896;200;45
4768500;738206;232;45
4777000;739589;331;45
4785500;740858;258;45
4794000;742124;168;45
4802500;743395;253;45
4811000;744663;160;45
4819500;745922;235;45
4828000;747190;98;45
4836500;748459;308;45
4845000;749724;209;45
4853500;750997;337;45
4862000;752361;350;45
4870500;754030;269;45
4879000;755482;186;45
4887500;756877;223;45
4896000;758276;182;45
4904500;759650;214;45
4913000;761001;223;45
4921500;762353;187;45
4930000;763706;183;45
4938500;765072;257;45
4947000;766425;224;45
4955500;767759;225;45
4964000;769186;312;45
4972500;770534;268;45
4981000;771854;314;45
4989500;773155;251;45
4998000;774456;251;45
5006500;775757;303;45
5015000;777054;222;45
5023500;778351;288;45
5032000;779651;198;45
5040500;780949;306;45
5049000;782249;197;45
5057500;783540;370;45
5066000;784893;167;45
5074500;786404;249;45
5083000;787714;250;45
5091500;789021;183;45
5100000;790325;263;45
5108500;791626;103;45
5117000;792932;260;44
5125500;794238;250;44
5134000;795543;227;44
5142500;796849;214;44
5151000;798150;178;44
5159500;799451;320;44
5168000;800756;333;44
5176500;802199;301;44
5185000;803643;225;44
5193500;804994;304;44
5202000;806355;177;44
5210500;807688;199;44
5219000;809040;251;44
5227500;810411;231;44
5236000;811747;201;44
5244500;813059;211;44
5253000;814359;347;44
5261500;815662;304;44
5270000;816952;317;44
5278500;818279;178;44
5287000;819677;277;44
5295500;821014;310;44
5304000;822316;286;44
5312500;823612;273;44
5321000;824915;108;44
5329500;826218;205;44
5338000;827510;293;44
5346500;828808;107;44
5355000;830110;296;44
5363500;831405;201;44
5372000;832702;269;44
5380500;834012;236;44
5389000;835966;229;44
5397500;837671;253;44
5406000;838981;280;44
5414500;840286;289;44
5423000;841591;267;44
5431500;842881;299;44
5440000;844180;157;44
5448500;845486;273;44
5457000;846778;247;44
5465500;848081;310;44
5474000;849384;122;44
5482500;850677;315;44
5491000;852148;214;44
5499500;853731;219;44
5508000;855008;196;44
5516500;856275;239;44
5525000;857540;259;44
5533500;858807;279;44
5542000;860071;128;44
5550500;861342;229;44
5559000;862612;243;44
5567500;863880;225;44
5576000;865148;265;44
5584500;866417;149;44
5593000;867830;303;44
5601500;869222;281;44
5610000;870621;276;44
5618500;871913;212;44
5627000;873179;270;44
5635500;874450;350;44
5644000;875719;302;44
5652500;876980;237;44
5661000;878239;312;44
5669500;879498;204;44
5678000;880763;275;44
5686500;882025;151;44
5695000;883291;230;44
5703500;884614;214;44
5712000;886089;178;44
5720500;887404;270;44
5729000;888679;257;44
5737500;889938;217;44
5746000;891196;219;44
5754500;892459;235;44
5763000;893725;243;44
5771500;894993;186;44
5780000;896263;125;44
5788500;897516;314;44
5797000;898773;198;44
5805500;900035;167;44
5814000;901343;337;44
5822500;902679;263;44
5831000;903997;222;44
5839500;905264;248;44
5848000;906530;361;44
5856500;907798;268;44
5865000;909066;241;44
5873500;910333;324;44
5882000;911601;200;44
5890500;912872;239;44
5899000;914136;241;44
5907500;915404;200;44
5916000;916670;112;44
5924500;917935;217;44
5933000;919327;240;44
5941500;920620;246;44
5950000;921889;205;44
5958500;923157;237;44
5967000;924432;175;44
5975500;925701;242;44
5984000;926966;269;44
5992500;928234;352;44
6001000;929503;181;42
6009500;930772;294;42
6018000;932046;310;42
6026500;933314;173;42
6035000;934639;368;42
6043500;936018;326;42
6052000;937310;234;42
6060500;938583;243;42
6069000;939850;189;42
6077500;941123;272;42
6086000;942391;283;42
6094500;943657;316;42
6103000;944926;225;42
6111500;946181;291;42
6120000;947446;189;42
6128500;948706;226;42
6137000;949958;300;42
6145500;951225;139;42
6154000;952622;215;42
6162500;953927;281;42
6171000;955186;247;42
6179500;956456;231;42
6188000;957727;306;42
6196500;958996;183;42
6205000;960268;131;42
6213500;961540;191;42
6222000;962806;228;42
6230500;964081;181;42
6239000;965353;175;42
6247500;966624;206;42
6256000;967929;259;42
6264500;969289;333;42
6273000;970602;215;42
6281500;971866;205;42
6290000;973136;179;42
6298500;974401;302;42
6307000;975667;299;42
6315500;976934;304;42
6324000;978190;225;42
6332500;979454;213;42
6341000;980722;287;42
6349500;981977;344;42
6358000;983237;256;42
6366500;984502;203;42
6375000;985848;322;42
6383500;987155;287;42
6392000;988421;309;42
6400500;989688;257;42
6409000;990953;287;42
6417500;992217;312;42
6426000;993485;219;42
6434500;994745;198;42
6443000;996003;292;42
6451500;997269;85;42
6460000;998537;303;42
6468500;999802;338;42
6477000;1001148;193;42
6485500;1002504;241;42
6494000;1003820;117;42
6502500;1005096;189;42
6511000;1006362;188;42
6519500;1007636;134;42
6528000;1008903;363;42
6536500;1010162;186;42
6545000;1011422;213;42
6553500;1012686;295;42
6562000;1013955;212;42
6570500;1015225;296;42
6579000;1016490;314;42
6587500;1017836;179;42
6596000;1019340;249;42
6604500;1020661;340;42
6613000;1021928;311;42
6621500;1023196;225;42
6630000;1024464;236;42
6638500;1025728;236;42
6647000;1026994;181;42
6655500;1028269;110;42
6664000;1029535;214;42
6672500;1030806;228;42
6681000;1032071;311;42
6689500;1033338;222;42
6698000;1034779;289;42
6706500;1036210;272;42
6715000;1037526;283;42
6723500;1038830;367;42
6732000;1040133;204;42
6740500;1041436;177;42
6749000;1042743;241;42
6757500;1044051;157;42
6766000;1045351;327;42
6774500;1046652;244;42
6783000;1047955;259;42
6791500;1049259;196;42
6800000;1050564;208;42
6808500;1051985;247;42
6817000;1053318;202;42
6825500;1054590;231;42
6834000;1055859;227;42
6842500;1057130;374;42
6851000;1058394;319;42
6859500;1059658;316;42
6868000;1060921;336;42
6876500;1062175;241;42
6885000;1063440;303;42
6893500;1064709;264;42
6902000;1065972;255;42
6910500;1067239;260;42
6919000;1068585;196;42
6927500;1069919;282;42
6936000;1071192;270;42
6944500;1072460;231;42
6953000;1073725;123;42
6961500;1074991;191;42
6970000;1076262;301;42
6978500;1077534;167;42
6987000;1078800;209;42
6995500;1080067;202;42
7004000;1081334;301;42
7012500;1082599;218;42
7021000;1083871;273;42
7029500;1085231;214;42
7038000;1086563;225;42
7046500;1087838;179;42
7055000;1089102;237;42
7063500;1090355;181;42
7072000;1091623;294;42
7080500;1092891;337;42
7089000;1094155;214;42
7097500;1095419;256;42
7106000;1096688;336;42
7114500;1097958;288;42
7123000;1099226;212;42
7131500;1100494;238;42
7140000;1101955;126;42
7148500;1103522;326;42
7157000;1104815;232;42
7165500;1106080;240;42
7174000;1107347;247;42
7182500;1108612;277;42
7191000;1109880;271;42
7199500;1111147;239;42
7208000;1112428;290;42
7216500;1113695;193;42
7225000;1114966;267;42
7233500;1116239;266;42
7242000;1117578;223;42
7250500;1119061;265;42
7259000;1120398;171;42
7267500;1121678;269;42
7276000;1122946;171;42
7284500;1124216;244;42
7293000;1125497;196;42
7301500;1126767;269;42
7310000;1128034;190;42
7318500;1129302;288;42
7327000;1130568;287;42
7335500;1131835;54;42
7344000;1133114;308;42
7352500;1134377;199;42
7361000;1135814;123;42
7369500;1137149;297;42
7378000;1138423;250;42
7386500;1139707;220;42
7395000;1140976;309;42
7403500;1142243;169;42
7412000;1143510;293;42
7420500;1144779;258;42
7429000;1146056;384;42
7437500;1147332;220;42
7446000;1148599;285;42
7454500;1149868;328;42
7463000;1151222;200;42
7471500;1152782;218;42
7480000;1154067;198;42
7488500;1155337;241;42
7497000;1156606;249;42
7505500;1157876;210;42
7514000;1159144;309;42
7522500;1160403;158;42
7531000;1161673;279;42
7539500;1162942;173;42
7548000;1164211;252;42
7556500;1165482;221;42
7565000;1166752;170;42
7573500;1168142;209;42
7582000;1169825;341;42
7590500;1171126;187;42
7599000;1172402;251;42
7607500;1173670;246;42
7616000;1174937;225;42
7624500;1176206;267;42
7633000;1177475;304;42
7641500;1178744;275;42
7650000;1180009;198;42
7658500;1181278;276;42
7667000;1182551;147;42
7675500;1183823;359;42
7684000;1185202;217;42
7692500;1186758;261;42
7701000;1188034;218;42
7709500;1189289;253;42
7718000;1190555;339;42
7726500;1191824;199;42
7735000;1193094;151;42
7743500;1194364;299;42
7752000;1195636;278;42
7760500;1196902;291;42
7769000;1198169;282;42
7777500;1199433;290;42
7786000;1200698;296;42
7794500;1202232;295;42
7803000;1203768;242;42
7811500;1205101;348;42
7820000;1206407;250;42
7828500;1207709;277;42
7837000;1209020;290;42
7845500;1210320;278;42
7854000;1211623;304;42
7862500;1212927;275;42
7871000;1214235;212;42
7879500;1215554;235;42
7888000;1216859;356;42
7896500;1218220;323;42
7905000;1219630;229;42
7913500;1220953;220;42
7922000;1222258;180;42
7930500;1223573;213;42
7939000;1224873;222;42
7947500;1226166;253;42
7956000;1227461;328;42
7964500;1228756;228;42
7973000;1230064;179;42
7981500;1231371;197;42
7990000;1232678;128;42
7998500;1233981;179;42
8007000;1235360;166;42
8015500;1236671;258;42
8024000;1237994;155;42
8032500;1239413;310;42
8041000;1240724;190;42
8049500;1242023;140;42
8058000;1243327;185;42
8066500;1244626;251;42
8075000;1245927;329;42
8083500;1247227;273;42
8092000;1248526;303;42
8100500;1249826;205;42
8109000;1251131;244;42
8117500;1252514;250;42
8126000;1253870;166;42
8134500;1255179;177;42
8143000;1256477;101;42
8151500;1257784;240;42
8160000;1259090;304;42
8168500;1260398;368;42
8177000;1261700;252;42
8185500;1263008;190;42
8194000;1264319;242;42
8202500;1265624;131;42
8211000;1266926;224;42
8219500;1268314;173;42
8228000;1269703;369;42
8236500;1271009;253;42
8245000;1272307;335;42
8253500;1273605;202;42
8262000;1274907;247;42
8270500;1276205;167;42
8279000;1277510;244;42
8287500;1278822;305;42
8296000;1280122;263;42
8304500;1281430;233;42
8313000;1282736;297;42
8321500;1284039;261;42
8330000;1285431;286;42
8338500;1286834;239;42
8347000;1288149;286;42
8355500;1289455;332;42
8364000;1290758;129;42
8372500;1292066;266;42
8381000;1293366;286;42
8389500;1294673;204;42
8398000;1295981;263;42
8406500;1297281;254;42
8415000;1298580;315;42
8423500;1299887;157;42
8432000;1301230;254;42
8440500;1302665;286;42
8449000;1304109;321;42
8457500;1305422;325;42
8466000;1306732;199;42
8474500;1308036;323;42
8483000;1309336;210;42
8491500;1310643;312;42
8500000;1311945;216;42
8508500;1313241;168;42
8517000;1314543;229;42
8525500;1315851;210;42
8534000;1317155;218;42
8542500;1318550;221;42
8551000;1319883;286;42
8559500;1321241;216;42
8568000;1322600;244;42
8576500;1323913;248;42
8585000;1325215;225;42
8593500;1326515;178;42
8602000;1327823;248;42
8610500;1329127;238;42
8619000;1330429;287;42
8627500;1331721;250;42
8636000;1333024;156;42
8644500;1334329;223;42
8653000;1335679;295;42
8661500;1336997;199;42
8670000;1338305;287;42
8678500;1339613;284;42
8687000;1340915;174;42
8695500;1342212;224;42
8704000;1343521;231;42
8712500;1344826;325;42
8721000;1346170;218;42
8729500;1347481;341;42
8738000;1348786;179;42
8746500;1350091;181;42
8755000;1351409;353;42
8763500;1352742;195;42
8772000;1354049;335;42
8780500;1355362;239;42
8789000;1356665;143;42
8797500;1357971;298;42
8806000;1359278;139;42
8814500;1360583;137;42
8823000;1361894;189;42
8831500;1363190;164;42
8840000;1364497;195;42
8848500;1365799;307;42
8857000;1367109;183;42
8865500;1368477;244;42
8874000;1369800;285;42
8882500;1371102;211;42
8891000;1372404;287;42
8899500;1373707;379;42
8908000;1375009;174;42
8916500;1376316;226;42
8925000;1377620;192;42
8933500;1378924;273;42
8942000;1380228;233;42
8950500;1381532;253;42
8959000;1382850;274;42
8967500;1384188;226;42
8976000;1385521;320;42
8984500;1386821;271;42
8993000;1388120;264;42
9001500;1389421;251;42
9010000;1390726;277;42
9018500;1392023;303;42
9027000;1393318;251;42
9035500;1394621;221;42
9044000;1395927;283;42
9052500;1397234;231;42
9061000;1398537;341;42
9069500;1399838;110;42
9078000;1401178;219;42
9086500;1402503;81;42
9095000;1403834;212;42
9103500;1405136;153;42
9112000;1406442;218;42
9120500;1407741;249;42
9129000;1409040;305;42
9137500;1410348;240;42
9146000;1411647;320;42
9154500;1412940;261;42
9163000;1414243;253;42
9171500;1415538;344;42
9180000;1416978;257;42
9188500;1418285;219;42
9197000;1419592;275;42
9205500;1420901;236;42
9214000;1422204;278;42
9222500;1423509;286;42
9231000;1424817;237;42
9239500;1426120;220;42
9248000;1427426;297;42
9256500;1428731;284;42
9265000;1430034;278;42
9273500;1431341;252;42
9282000;1432673;203;42
9290500;1433977;223;42
9299000;1435283;274;42
9307500;1436583;244;42
9316000;1437891;145;42
9324500;1439195;308;42
9333000;1440496;273;42
9341500;1441791;210;42
9350000;1443096;278;42
9358500;1444401;191;42
9367000;1445705;197;42
9375500;1447012;318;42
9384000;1448353;322;42
9392500;1449663;273;42
9401000;1451001;178;42
9409500;1452324;361;42
9418000;1453629;256;42
9426500;1454934;316;42
9435000;1456241;197;42
9443500;1457552;260;42
9452000;1458861;246;42
9460500;1460167;291;42
9469000;1461474;267;42
9477500;1462773;239;42
9486000;1464106;203;42
9494500;1465407;226;42
9503000;1466715;216;42
9511500;1468010;366;42
9520000;1469309;220;42
9528500;1470614;178;42
9537000;1471922;238;42
9545500;1473229;215;42
9554000;1474572;298;42
9562500;1475873;234;42
9571000;1477181;296;42
9579500;1478487;249;42
9588000;1479797;289;42
9596500;1481099;178;42
9605000;1482406;164;42
9613500;1483709;211;42
9622000;1485100;129;42
9630500;1486373;321;42
9639000;1487643;239;42
9647500;1488912;293;42
9656000;1490182;299;42
9664500;1491452;194;42
9673000;1492723;236;42
9681500;1494000;262;42
9690000;1495333;188;42
9698500;1496601;253;42
9707000;1497870;296;42
9715500;1499136;282;42
9724000;1500408;178;42
9732500;1501676;226;42
9741000;1502947;277;42
9749500;1504217;173;42
9758000;1505507;267;42
9766500;1506777;159;42
9775000;1508039;201;42
9783500;1509303;272;42
9792000;1510573;310;42
9800500;1511842;228;42
9809000;1513113;385;42
9817500;1514386;88;42
9826000;1515671;358;42
9834500;1516941;208;42
9843000;1518211;215;42
9851500;1519483;291;42
9860000;1520751;269;42
9868500;1522025;245;42
9877000;1523292;149;42
9885500;1524561;178;42
9894000;1525993;254;42
9902500;1527262;192;42
9911000;1528538;354;42
9919500;1529811;196;42
9928000;1531082;245;42
9936500;1532350;305;42
9945000;1533622;225;42
9953500;1534894;273;42
9962000;1536208;227;42
9970500;1537475;215;42
9979000;1538742;205;42
9987500;1540011;264;42
9996000;1541283;236;42
10004500;1542558;350;42
10013000;1543824;249;42
10021500;1545115;340;42
10030000;1546422;252;42
10038500;1547687;288;42
10047000;1548959;212;42
10055500;1550240;244;42
10064000;1551509;340;42
10072500;1552779;207;42
10081000;1554050;218;42
10089500;1555343;304;42
10098000;1556628;116;42
10106500;1557917;285;42
10115000;1559184;183;42
10123500;1560454;404;42
10132000;1561726;220;42
10140500;1563000;187;42
10149000;1564266;353;42
10157500;1565537;289;42
10166000;1566850;289;42
10174500;1568117;260;42
10183000;1569388;105;42
10191500;1570662;329;42
10200000;1571931;330;42
10208500;1573198;120;42
10217000;1574464;222;42
10225500;1575734;190;42
10234000;1577026;273;42
10242500;1578294;292;42
10251000;1579562;306;42
10259500;1580830;139;42
10268000;1582100;306;42
10276500;1583367;227;42
10285000;1584638;202;42
10293500;1585903;211;42
10302000;1587972;190;42
10310500;1589233;191;42
10319000;1590504;169;42
10327500;1591768;165;42
10336000;1593032;299;42
10344500;1594298;226;42
10353000;1595563;235;42
10361500;1596876;148;42
10370000;1598147;204;42
10378500;1599415;164;42
10387000;1600682;201;42
10395500;1601950;266;42
10404000;1603216;301;42
10412500;1604488;274;42
10421000;1605758;228;42
10429500;1607048;268;42
10438000;1608318;317;42
10446500;1609586;187;42
10455000;1610853;285;42
10463500;1612131;217;42
10472000;1613396;179;42
10480500;1614665;279;42
10489000;1615931;162;42
10497500;1617230;232;42
10506000;1618509;284;42
10514500;1619778;190;42
10523000;1621048;282;42
10531500;1622316;321;42
10540000;1623584;194;42
10548500;1624853;305;42
10557000;1626128;204;42
10565500;1627545;311;42
10574000;1628808;327;42
10582500;1630078;216;42
10591000;1631348;138;42
10599500;1632622;182;42
10608000;1633881;296;42
10616500;1635140;331;42
10625000;1636407;213;42
10633500;1637706;235;42
10642000;1638978;193;42
10650500;1640248;202;42
10659000;1641520;234;42
10667500;1642788;199;42
10676000;1644056;209;42
10684500;1645330;262;42
10693000;1646603;277;42
10701500;1647887;292;42
10710000;1649155;246;42
10718500;1650426;387;42
10727000;1651700;148;42
10735500;1652972;267;42
10744000;1654233;222;42
10752500;1655500;258;42
10761000;1656769;211;42
10769500;1658076;296;42
10778000;1659346;246;42
10786500;1660617;231;42
10795000;1661886;231;42
10803500;1663157;343;42
10812000;1664426;173;42
10820500;1665694;297;42
10829000;1666966;199;42
10837500;1668279;242;42
10846000;1669558;233;42
10854500;1670816;132;42
10863000;1672084;202;42
10871500;1673360;220;42
10880000;1674629;309;42
10888500;1675897;233;42
10897000;1677156;324;42
10905500;1678429;309;42
10914000;1679699;225;42
10922500;1680973;269;42
10931000;1682241;273;42
10939500;1683507;305;42
10948000;1684780;301;42
10956500;1686051;276;42
10965000;1687316;277;42
10973500;1688707;267;42
10982000;1689981;252;42
10990500;1691249;248;42
10999000;1692518;184;42
11007500;1693787;261;42
11016000;1695061;290;42
11024500;1696326;248;42
11033000;1697592;188;42
11041500;1698886;250;42
11050000;1700153;293;42
11058500;1701423;174;42
11067000;1702705;127;42
11075500;1703974;359;42
11084000;1705241;292;42
11092500;1706513;158;42
11101000;1707781;282;42
11109500;1709068;252;42
11118000;1710333;243;42
11126500;1711597;195;42
11135000;1712867;228;42
11143500;1714134;189;42
11152000;1715409;270;42
11160500;1716679;262;42
11169000;1717945;200;42
11177500;1719246;289;42
11186000;1720509;249;42
11194500;1721767;312;42
11203000;1723035;271;42
11211500;1724306;223;42
11220000;1725578;187;42
11228500;1726848;181;42
11237000;1728110;343;42
11245500;1729441;348;42
11254000;1730844;155;42
11262500;1732132;254;42
11271000;1733492;224;42
11279500;1734805;273;42
11288000;1736092;273;42
11296500;1737380;293;42
11305000;1738644;210;42
11313500;1739918;256;42
11322000;1741195;353;42
11330500;1742503;292;42
11339000;1743776;208;42
11347500;1745040;202;42
11356000;1746347;213;42
11364500;1747620;301;42
11373000;1748896;316;42
11381500;1750172;196;42
11390000;1751452;271;42
11398500;1752765;167;42
11407000;1754037;292;42
11415500;1755304;273;42
11424000;1756574;162;42
11432500;1757857;224;42
11441000;1759131;304;42
11449500;1760419;337;42
11458000;1761685;196;42
11466500;1762952;137;42
11475000;1764226;282;42
11483500;1765487;213;42
11492000;1766754;158;42
11500500;1768299;251;42
11509000;1769675;257;42
11517500;1771012;222;42
11526000;1772342;254;42
11534500;1773665;361;42
11543000;1774994;207;42
11551500;1776321;306;42
11560000;1777652;316;42
11568500;1778984;207;42
11577000;1780280;223;42
11585500;1781549;267;42
11594000;1782816;176;42
11602500;1784085;240;42
11611000;1785364;168;42
11619500;1786631;328;42
11628000;1787902;232;42
11636500;1789169;368;42
11645000;1790455;244;42
11653500;1791725;209;42
11662000;1792993;165;42
11670500;1794260;155;42
11679000;1795520;136;42
11687500;1796778;310;42
11696000;1798048;331;42
11704500;1799318;207;42
11713000;1800599;233;42
11721500;1801869;314;42
11730000;1803138;282;42
11738500;1804399;369;42
11747000;1805673;235;42
11755500;1806941;179;42
11764000;1808207;164;42
11772500;1809477;244;42
11781000;1810778;291;42
11789500;1812049;229;42
11798000;1813320;222;42
11806500;1814589;178;42
11815000;1815861;167;42
11823500;1817131;260;42
11832000;1818402;154;42
11840500;1819676;342;42
11849000;1820980;186;42
11857500;1822252;145;42
11866000;1823518;117;42
11874500;1824779;203;42
11883000;1826041;202;42
11891500;1827313;293;42
11900000;1828582;221;42
11908500;1829852;243;42
11917000;1831295;214;42
11925500;1832564;167;42
11934000;1833832;197;42
11942500;1835090;314;42
11951000;1836364;232;42
11959500;1837635;235;42
11968000;1838907;197;42
11976500;1840180;301;42
11985000;1841503;276;42
11993500;1842769;296;42
12002000;1844040;237;42
12010500;1845313;322;42
12019000;1846584;230;42
12027500;1847847;188;42
12036000;1849120;112;42
12044500;1850395;151;42
12053000;1851683;218;42
12061500;1852955;203;42
12070000;1854231;310;42
12078500;1855503;228;42
12087000;1856770;331;42
12095500;1858033;387;42
12104000;1859298;291;42
12112500;1860569;298;42
12121000;1861932;254;42
12129500;1863216;269;42
12138000;1864481;295;42
12146500;1865747;183;42
12155000;1867015;214;42
12163500;1868289;206;42
12172000;1869607;195;42
12180500;1870886;177;42
12189000;1872154;235;42
12197500;1873418;210;42
12206000;1874687;231;42
12214500;1875961;237;42
12223000;1877303;200;42
12231500;1878615;319;42
12240000;1879883;238;42
12248500;1881151;211;42
12257000;1882424;300;42
12265500;1883693;172;42
12274000;1884960;252;42
12282500;1886256;295;42
12291000;1887525;235;42
12299500;1888792;151;42
12308000;1890066;223;42
12316500;1891334;279;42
12325000;1892603;298;42
12333500;1893873;282;42
12342000;1895194;229;42
12350500;1896468;267;42
12359000;1897738;227;42
12367500;1899009;330;42
12376000;1900274;304;42
12384500;1901539;313;42
12393000;1902809;173;42
12401500;1904079;257;42
12410000;1905344;293;42
12418500;1906630;213;42
12427000;1907904;246;42
12435500;1909175;294;42
12444000;1910449;206;42
12452500;1911718;224;42
12461000;1912985;318;42
12469500;1914255;319;42
12478000;1915539;286;42
12486500;1916819;195;42
12495000;1918088;332;42
12503500;1919357;239;42
12512000;1920623;211;42
12520500;1921896;292;42
12529000;1923167;151;42
12537500;1924437;203;42
12546000;1925728;303;42
12554500;1926999;354;42
12563000;1928265;194;42
12571500;1929538;100;42
12580000;1930810;179;42
12588500;1932080;219;42
12597000;1933344;224;42
12605500;1934614;258;42
12614000;1935956;241;42
12622500;1937293;229;42
12631000;1938566;186;42
12639500;1939831;276;42
12648000;1941096;230;42
12656500;1942362;194;42
12665000;1943623;297;42
12673500;1944891;208;42
12682000;1946153;273;42
12690500;1947455;378;42
12699000;1948721;335;42
12707500;1949986;284;42
12716000;1951253;211;42
12724500;1952525;256;42
12733000;1953789;269;42
12741500;1955052;268;42
12750000;1956313;219;42
12758500;1957595;184;42
12767000;1958863;155;42
12775500;1960125;247;42
12784000;1961392;294;42
12792500;1962658;252;42
12801000;1963922;228;42
12809500;1965180;333;42
12818000;1966438;233;42
12826500;1967734;286;42
12835000;1969020;219;42
12843500;1970277;317;42
12852000;1971545;155;42
12860500;1972812;168;42
12869000;1974079;209;42
12877500;1975348;258;42
12886000;1976618;143;42
12894500;1977888;260;42
12903000;1979156;327;42
12911500;1980428;351;42
12920000;1981699;230;42
12928500;1982994;246;42
12937000;1984260;320;42
12945500;1985531;281;42
12954000;1986796;173;42
12962500;1988056;240;42
12971000;1989310;219;42
12979500;1990574;254;42
12988000;1991837;230;42
12996500;1993109;356;42
13005000;1994378;355;42
13013500;1995645;282;42
13022000;1996909;259;42
13030500;1998202;193;42
13039000;1999464;264;42
13047500;2000729;209;42
13056000;2001987;255;42
13064500;2003246;238;42
13073000;2004511;331;42
13081500;2005777;330;42
13090000;2007045;255;42
13098500;2008304;272;42
13107000;2009569;210;42
13115500;2010836;291;42
13124000;2012092;293;42
13132500;2013359;312;42
13141000;2014703;277;42
13149500;2015970;302;42
13158000;2017236;286;42
13166500;2018499;257;42
13175000;2019757;272;42
13183500;2021027;178;42
13192000;2022292;334;42
13200500;2023562;328;42
13209000;2024817;288;42
13217500;2026071;320;42
13226000;2027341;368;42
13234500;2028597;239;42
13243000;2029903;190;42
13251500;2031185;239;42
13260000;2032452;267;42
13268500;2033722;224;42
13277000;2034995;190;42
13285500;2036257;296;42
13294000;2037519;312;42
13302500;2038788;121;42
13311000;2040056;265;42
13319500;2041327;247;42
13328000;2042601;149;42
13336500;2043871;271;42
13345000;2045139;317;42
13353500;2046642;293;42
13362000;2047945;218;42
13370500;2049258;270;42
13379000;2050559;234;42
13387500;2051856;228;42
13396000;2053156;215;42
13404500;2054461;247;42
13413000;2055772;269;42
13421500;2057074;176;42
13430000;2058377;145;42
13438500;2059680;218;42
13447000;2060987;245;42
13455500;2062335;295;42
13464000;2063644;188;42
13472500;2064948;293;42
13481000;2066250;216;42
13489500;2067555;192;42
13498000;2068863;266;42
13506500;2070170;401;42
13515000;2071473;306;42
13523500;2072778;189;42
13532000;2074080;335;42
13540500;2075387;308;42
13549000;2076686;358;42
13557500;2078014;261;42
13566000;2079313;273;42
13574500;2080619;296;42
13583000;2081926;273;42
13591500;2083228;333;42
13600000;2084533;305;42
13608500;2085837;244;42
13617000;2087141;270;42
13625500;2088446;153;42
13634000;2089753;266;42
13642500;2091067;266;42
13651000;2092371;330;42
13659500;2093708;272;42
13668000;2095006;218;42
13676500;2096314;255;42
13685000;2097623;193;42
13693500;2098926;243;42
13702000;2100229;338;42
13710500;2101530;219;42
13719000;2102837;248;42
13727500;2104142;220;42
13736000;2105455;229;42
13744500;2106759;176;42
13753000;2108068;172;42
13761500;2109397;282;42
13770000;2110699;274;42
13778500;2112007;244;42
13787000;2113309;295;42
13795500;2114615;189;42
13804000;2115918;296;42
13812500;2117221;144;42
13821000;2118536;286;42
13829500;2119830;363;42
13838000;2121129;183;42
13846500;2122433;254;42
13855000;2123728;291;42
13863500;2125044;247;42
13872000;2126368;256;42
13880500;2127675;245;42
13889000;2128984;177;42
13897500;2130288;198;42
13906000;2131592;224;42
13914500;2132899;211;42
13923000;2134194;264;42
13931500;2135492;310;42
13940000;2136798;188;42
13948500;2138098;233;42
13957000;2139407;325;42
13965500;2140715;308;42
13974000;2142045;170;42
13982500;2143345;263;42
13991000;2144644;217;42
13999500;2145948;213;42
14008000;2147251;301;42
14016500;2148550;153;42
14025000;2149846;207;42
14033500;2151148;338;42
14042000;2152442;200;42
14050500;2153739;347;42
14059000;2155042;137;42
14067500;2156347;81;42
14076000;2157856;114;42
14084500;2159163;226;42
14093000;2160466;262;42
14101500;2161768;236;42
14110000;2163071;255;42
14118500;2164374;389;42
14127000;2165679;286;42
14135500;2166986;196;42
14144000;2168294;244;42
14152500;2169593;200;42
14161000;2170915;191;42
14169500;2172258;263;42
14178000;2173584;194;42
14186500;2174916;217;42
14195000;2176223;203;42
14203500;2177526;192;42
14212000;2178828;302;42
14220500;2180135;377;42
14229000;2181437;261;42
14237500;2182741;214;42
14246000;2184043;276;42
14254500;2185362;137;42
14263000;2186666;253;42
14271500;2187985;286;42
14280000;2189298;260;42
14288500;2190599;217;42
14297000;2191904;219;42
14305500;2193208;208;42
14314000;2194515;254;42
14322500;2195824;242;42
14331000;2197130;199;42
14339500;2198436;290;42
14348000;2199761;299;42
14356500;2201065;283;42
14365000;2202375;229;42
14373500;2203719;270;42
14382000;2205048;256;42
14390500;2206360;152;42
14399000;2207670;223;42
14407500;2208980;261;42
14416000;2210282;328;42
14424500;2211590;284;42
14433000;2212896;166;42
14441500;2214200;228;42
14450000;2215521;299;42
14458500;2216827;241;42
14467000;2218135;254;42
14475500;2219455;288;42
14484000;2220763;221;42
14492500;2222067;312;42
14501000;2223378;346;42
14509500;2224681;168;42
14518000;2225987;161;42
14526500;2227288;272;42
14535000;2228580;150;42
14543500;2229896;237;42
14552000;2231201;216;42
14560500;2232503;193;42
14569000;2233807;309;42
14577500;2235115;273;42
14586000;2236515;243;42
14594500;2237830;167;42
14603000;2239239;255;42
14611500;2240634;331;42
14620000;2241955;220;42
14628500;2243266;234;42
14637000;2244580;324;42
14645500;2245883;300;42
14654000;2247188;330;42
14662500;2248490;309;42
14671000;2249792;239;42
14679500;2251103;264;42
14688000;2252494;164;42
14696500;2253800;249;42
14705000;2255110;335;42
14713500;2256421;262;42
14722000;2257737;304;42
14730500;2259042;161;42
14739000;2260360;187;42
14747500;2261653;261;42
14756000;2262952;272;42
14764500;2264265;186;42
14773000;2265571;296;42
14781500;2266876;309;42
14790000;2268395;138;42
14798500;2269725;200;42
14807000;2271022;260;42
14815500;2272329;235;42
14824000;2273633;193;42
14832500;2274941;296;42
14841000;2276245;231;42
14849500;2277550;313;42
14858000;2278863;331;42
14866500;2280168;241;42
14875000;2281473;129;42
14883500;2282776;290;42
14892000;2284086;300;42
14900500;2285400;315;42
14909000;2286715;278;42
14917500;2288011;303;42
14926000;2289306;259;42
14934500;2290599;188;42
14943000;2291902;175;42
14951500;2293205;215;42
14960000;2294502;263;42
14968500;2295795;272;42
14977000;2297099;342;42
14985500;2298401;217;42
14994000;2299707;269;42
15002500;2301008;296;42
15011000;2302398;253;42
15019500;2303698;297;42
15028000;2304999;283;42
15036500;2306299;278;42
15045000;2307595;185;42
15053500;2308887;241;42
15062000;2310184;286;42
15070500;2311486;246;42
15079000;2312793;241;42
15087500;2314095;258;42
15096000;2315402;180;42
15104500;2316708;288;42
15113000;2318042;180;42
15121500;2319349;236;42
15130000;2320658;368;42
15138500;2321960;282;42
15147000;2323264;349;42
15155500;2324567;255;42
15164000;2325871;261;42
15172500;2327181;243;42
15181000;2328484;309;42
15189500;2329787;279;42
15198000;2331088;220;42
15206500;2332394;255;42
15215000;2333723;302;42
15223500;2335023;170;42
15232000;2336318;225;42
15240500;2337623;152;42
15249000;2338922;176;42
15257500;2340220;255;42
15266000;2341526;297;42
15274500;2342833;230;42
15283000;2344142;306;42
15291500;2345451;208;42
15300000;2346755;294;42
15308500;2348068;275;42
15317000;2349403;324;42
15325500;2350708;282;42
15334000;2352014;403;42
15342500;2353319;209;42
15351000;2354630;271;42
15359500;2355936;204;42
15368000;2357242;125;42
15376500;2358548;186;42
15385000;2359856;316;42
15393500;2361165;199;42
15402000;2362474;322;42
15410500;2363781;217;42
15419000;2365114;288;42
15427500;2366420;309;42
15436000;2367723;302;42
15444500;2369036;204;42
15453000;2370342;332;42
15461500;2371644;213;42
15470000;2372948;165;42
15478500;2374254;280;42
15487000;2375564;273;42
15495500;2376868;353;42
15504000;2378173;239;42
15512500;2379479;317;42
15521000;2380912;266;42
15529500;2382232;320;42
15538000;2383539;135;42
15546500;2384851;195;42
15555000;2386158;294;42
15563500;2387467;314;42
15572000;2388778;241;42
15580500;2390085;275;42
15589000;2391396;215;42
15597500;2392701;322;42
15606000;2394010;231;42
15614500;2395317;247;42
15623000;2396641;191;42
15631500;2398025;286;42
15640000;2399335;188;42
15648500;2400643;126;42
15657000;2401965;174;42
15665500;2403281;330;42
15674000;2404590;344;42
15682500;2405907;372;42
15691000;2407210;150;42
15699500;2408503;301;42
15708000;2409811;338;42
15716500;2411123;329;42
15725000;2412440;215;42
15733500;2413750;236;42
15742000;2415053;251;42
15750500;2416356;263;42
15759000;2417667;259;42
15767500;2418988;249;42
15776000;2420281;215;42
15784500;2421569;237;42
15793000;2422862;306;42
15801500;2424166;269;42
15810000;2425470;383;42
15818500;2426774;209;42
15827000;2428079;312;42
15835500;2429378;191;42
15844000;2430689;199;42
15852500;2431994;373;42
15861000;2433300;271;42
15869500;2434616;159;42
15878000;2435921;146;42
15886500;2437226;305;42
15895000;2438533;313;42
15903500;2439837;242;42
15912000;2441139;200;42
15920500;2442443;279;42
15929000;2443746;356;42
15937500;2445052;183;42
15946000;2446361;203;42
15954500;2447667;247;42
15963000;2448970;185;42
15971500;2450317;274;42
15980000;2451628;202;42
15988500;2452931;342;42
15997000;2454235;274;42
16005500;2455539;332;42
16014000;2456841;217;42
16022500;2458145;184;42
16031000;2459453;366;42
16039500;2460758;155;42
16048000;2462060;259;42
16056500;2463366;197;42
16065000;2464673;174;42
16073500;2466014;190;42
16082000;2467308;290;42
16090500;2468606;209;42
16099000;2469913;252;42
16107500;2471218;176;42
16116000;2472528;218;42
16124500;2473836;343;42
16133000;2475139;210;42
16141500;2476435;297;42
16150000;2477731;248;42
16158500;2479033;225;42
16167000;2480341;299;42
16175500;2481759;185;42
16184000;2483062;290;42
16192500;2484360;177;42
16201000;2485655;233;42
16209500;2486955;180;42
16218000;2488251;316;42
16226500;2489555;262;42
16235000;2490861;283;42
16243500;2492165;314;42
16252000;2493465;280;42
16260500;2494764;181;42
16269000;2496057;232;42
16277500;2497413;181;42
16286000;2498850;174;42
16294500;2500157;246;42
16303000;2501460;314;42
16311500;2502756;364;42
16320000;2504060;257;42
16328500;2505364;346;42
16337000;2506664;185;42
16345500;2507965;217;42
16354000;2509269;189;42
16362500;2510573;210;42
16371000;2511874;269;42
16379500;2513223;197;42
16388000;2514544;303;42
16396500;2515847;289;42
16405000;2517151;220;42
16413500;2518454;137;42
16422000;2519756;318;42
16430500;2521069;172;42
16439000;2522378;225;42
16447500;2523681;229;42
16456000;2524984;150;42
16464500;2526277;244;42
16473000;2527571;297;42
16481500;2528880;259;42
16490000;2530200;275;42
16498500;2531506;316;42
16507000;2532810;186;42
16515500;2534100;190;42
16524000;2535403;238;42
16532500;2536705;323;42
16541000;2538009;303;42
16549500;2539309;208;42
16558000;2540613;322;42
16566500;2541923;248;42
16575000;2543225;317;42
16583500;2544526;285;42
16592000;2545842;246;42
16600500;2547144;130;42
16609000;2548452;279;42
16617500;2549759;289;42
16626000;2551063;313;42
16634500;2552363;157;42
16643000;2553662;234;42
16651500;2554966;197;42
16660000;2556271;182;42
16668500;2557566;203;42
16677000;2558866;191;42
16685500;2560168;314;42
16694000;2561544;213;42
16702500;2562845;240;42
16711000;2564143;299;42
16719500;2565447;311;42
16728000;2566755;325;42
16736500;2568061;401;42
16745000;2569367;149;42
16753500;2570674;95;42
16762000;2571979;267;42
16770500;2573280;269;42
16779000;2574585;328;42
16787500;2575894;202;42
16796000;2577235;206;42
16804500;2578544;195;42
16813000;2579853;296;42
16821500;2581158;325;42
16830000;2582456;247;42
16838500;2583765;148;42
16847000;2585071;296;42
16855500;2586373;114;42
16864000;2587678;167;42
16872500;2588976;245;42
16881000;2590284;273;42
16889500;2591588;272;42
16898000;2593031;303;42
16906500;2594326;234;42
16915000;2595629;193;42
16923500;2596923;246;42
16932000;2598234;172;42
16940500;2599537;243;42
16949000;2600839;257;42
16957500;2602131;234;42
16966000;2603434;250;42
16974500;2604745;229;42
16983000;2606048;220;42
16991500;2607342;265;42
17000000;2608698;268;42
17008500;2610004;241;42
17017000;2611313;287;42
17025500;2612609;205;42
17034000;2613907;186;42
17042500;2615207;263;42
17051000;2616513;257;42
17059500;2617815;252;42
17068000;2619126;316;42
17076500;2620430;293;42
17085000;2621724;338;42
17093500;2623021;288;42
17102000;2624341;265;42
17110500;2625649;233;42
17119000;2626983;220;42
17127500;2628285;375;42
17136000;2629579;237;42
17144500;2630885;304;42
17153000;2632197;264;42
17161500;2633501;83;42
17170000;2634809;351;42
17178500;2636117;185;42
17187000;2637424;216;42
17195500;2638730;154;42
17204000;2640098;369;42
17212500;2641401;246;42
17221000;2642692;208;42
17229500;2643991;324;42
17238000;2645288;163;42
17246500;2646592;314;42
17255000;2647885;308;42
17263500;2649183;261;42
17272000;2650487;295;42
17280500;2651787;238;42
17289000;2653088;255;42
17297500;2654394;299;42
17306000;2655727;306;42
17314500;2657025;206;42
17323000;2658330;196;42
17331500;2659633;156;42
17340000;2660935;285;42
17348500;2662241;218;42
17357000;2663546;224;42
17365500;2664850;239;42
17374000;2666148;271;42
17382500;2667448;128;42
17391000;2668749;198;42
17399500;2670054;122;42
17408000;2671411;339;42
17416500;2672728;216;42
17425000;2674073;276;42
17433500;2675379;216;42
17442000;2676681;272;42
17450500;2677971;288;42
17459000;2679263;220;42
17467500;2680560;226;42
17476000;2681862;212;42
17484500;2683166;196;42
17493000;2684468;164;42
17501500;2685770;294;42
17510000;2687088;235;42
17518500;2688399;217;42
17527000;2689704;228;42
17535500;2691005;279;42
17544000;2692313;261;42
17552500;2693618;333;42
17561000;2694923;151;42
17569500;2696227;143;42
17578000;2697535;303;42
17586500;2698840;227;42
17595000;2700134;311;42
17603500;2701438;205;42
17612000;2702745;138;42
17620500;2704119;300;42
17629000;2705372;326;42
17637500;2706635;225;42
17646000;2707894;209;42
17654500;2709151;150;42
17663000;2710401;285;42
17671500;2711663;216;42
17680000;2712930;197;42
17688500;2714195;133;42
17697000;2715468;321;42
17705500;2716736;274;42
17714000;2717999;137;42
17722500;2719316;239;42
17731000;2720584;280;42
17739500;2721842;236;42
17748000;2723106;327;42
17756500;2724367;286;42
17765000;2725634;181;42
17773500;2726905;237;42
17782000;2728175;270;42
17790500;2729446;231;42
17799000;2730715;259;42
17807500;2731988;235;42
17816000;2733260;226;42
17824500;2734525;139;42
17833000;2735899;200;42
17841500;2737170;222;42
17850000;2738439;133;42
17858500;2739706;205;42
17867000;2740976;169;42
17875500;2742240;200;42
17884000;2743509;342;42
17892500;2744777;218;42
17901000;2746045;292;42
17909500;2747316;193;42
17918000;2748583;272;42
17926500;2749835;159;42
17935000;2751158;251;42
17943500;2752436;128;42
17952000;2753711;260;42
17960500;2755139;199;42
17969000;2756479;200;42
17977500;2757767;193;42
17986000;2759024;265;42
17994500;2760290;302;42
18003000;2761555;214;42
18011500;2762809;223;42
18020000;2764080;336;42
18028500;2765352;287;42
18037000;2766619;229;42
18045500;2767888;246;42
18054000;2769195;229;42
18062500;2770770;327;42
18071000;2772204;275;42
18079500;2773532;264;42
18088000;2774863;309;42
18096500;2776190;229;42
18105000;2777525;274;42
18113500;2778861;271;42
18122000;2780191;234;42
18130500;2781519;361;42
18139000;2782847;200;42
18147500;2784145;151;42
18156000;2785491;262;42
18164500;2786764;272;42
18173000;2788031;133;42
18181500;2789295;191;42
18190000;2790563;229;42
18198500;2791845;280;42
18207000;2793115;299;42
18215500;2794376;330;42
18224000;2795640;258;42
18232500;2796905;329;42
18241000;2798171;320;42
18249500;2799459;377;42
18258000;2800731;189;42
18266500;2802024;229;42
18275000;2803301;259;42
18283500;2804569;191;42
18292000;2805855;166;42
18300500;2807115;278;42
18309000;2808377;238;42
18317500;2809645;333;42
18326000;2810911;253;42
18334500;2812182;242;42
18343000;2813461;144;42
18351500;2814728;377;42
18360000;2815999;396;42
18368500;2817267;310;42
18377000;2818656;283;42
18385500;2819935;181;42
18394000;2821204;290;42
18402500;2822470;298;42
18411000;2823731;238;42
18419500;2825000;231;42
18428000;2826273;263;42
18436500;2827544;290;42
18445000;2828807;236;42
18453500;2830072;311;42
18462000;2831340;223;42
18470500;2832609;237;42
18479000;2833942;225;42
18487500;2835226;385;42
18496000;2836493;202;42
18504500;2837762;267;42
18513000;2839030;264;42
18521500;2840301;351;42
18530000;2841568;321;42
18538500;2842834;237;42
18547000;2844097;146;42
18555500;2845364;224;42
18564000;2846628;214;42
18572500;2847899;324;42
18581000;2849164;249;42
18589500;2850557;218;42
18598000;2851820;264;42
18606500;2853084;183;42
18615000;2854358;216;42
18623500;2855625;209;42
18632000;2856893;121;42
18640500;2858162;246;42
18649000;2859431;199;42
18657500;2860698;273;42
18666000;2861972;206;42
18674500;2863241;255;42
18683000;2864505;329;42
18691500;2865806;237;42
18700000;2867072;347;42
18708500;2868343;299;42
18717000;2869598;280;42
18725500;2870864;288;42
18734000;2872133;222;42
18742500;2873398;206;42
18751000;2874663;208;42
18759500;2875932;146;42
18768000;2877194;283;42
18776500;2878464;286;42
18785000;2879731;218;42
18793500;2881001;307;42
18802000;2882388;221;42
18810500;2883660;231;42
18819000;2884930;231;42
18827500;2886197;261;42
18836000;2887461;294;42
18844500;2888724;305;42
18853000;2889992;308;42
18861500;2891246;135;42
18870000;2892509;252;42
18878500;2893774;282;42
18887000;2895027;159;42
18895500;2896294;284;42
18904000;2897630;297;42
18912500;2898927;167;42
18921000;2900222;205;42
18929500;2901500;165;42
18938000;2902784;364;42
18946500;2904060;278;42
18955000;2905328;150;42
18963500;2906601;235;42
18972000;2907887;258;42
18980500;2909157;202;42
18989000;2910437;230;42
18997500;2911733;240;42
19006000;2913179;253;42
19014500;2914450;69;42
19023000;2915741;271;42
19031500;2917008;284;42
19040000;2918271;300;42
19048500;2919531;156;42
19057000;2920799;161;42
19065500;2922065;217;42
19074000;2923335;207;42
19082500;2924595;246;42
19091000;2925859;203;42
19099500;2927126;170;42
19108000;2928384;180;42
19116500;2929987;443;42
19125000;2931256;307;42
19133500;2932521;195;42
19142000;2933780;244;42
19150500;2935044;251;42
19159000;2936332;251;42
19167500;2937614;254;42
19176000;2938878;207;42
19184500;2940149;178;42
19193000;2941420;95;42
19201500;2942680;232;42
19210000;2943941;143;42
19218500;2945244;310;42
19227000;2946513;200;42
19235500;2947784;345;42
19244000;2949054;220;42
19252500;2950325;288;42
19261000;2951600;240;42
19269500;2952920;240;42
19278000;2954193;263;42
19286500;2955460;254;42
19295000;2956722;179;42
19303500;2957983;288;42
19312000;2959252;340;42
19320500;2960522;338;42
19329000;2961792;163;42
19337500;2963063;268;42
19346000;2964331;250;42
19354500;2965602;222;42
19363000;2966867;315;42
19371500;2968204;155;42
19380000;2969472;194;42
19388500;2970739;313;42
19397000;2972008;250;42
19405500;2973280;256;42
19414000;2974550;239;42
19422500;2975821;223;42
19431000;2977095;289;42
19439500;2978360;308;42
19448000;2979628;233;42
19456500;2980899;208;42
19465000;2982171;139;42
19473500;2983484;330;42
19482000;2984769;193;42
19490500;2986044;300;42
19499000;2987309;230;42
19507500;2988577;189;42
19516000;2989848;247;42
19524500;2991116;237;42
19533000;2992383;219;42
19541500;2993653;303;42
19550000;2994919;236;42
19558500;2996181;171;42
19567000;2997441;202;42
19575500;2998750;357;42
19584000;3000026;150;42
19592500;3001297;159;42
19601000;3002564;205;42
19609500;3003829;220;42
19618000;3005095;259;42
19626500;3006359;279;42
19635000;3007625;225;42
19643500;3008893;270;42
19652000;3010162;225;42
19660500;3011430;137;42
19669000;3012695;284;42
19677500;3014005;286;42
19686000;3015324;287;42
19694500;3016593;226;42
19703000;3017861;215;42
19711500;3019133;304;42
19720000;3020397;294;42
19728500;3021667;259;42
19737000;3022937;319;42
19745500;3024203;350;42
19754000;3025472;283;42
19762500;3026737;207;42
19771000;3028005;301;42
19779500;3029272;219;42
19788000;3030643;142;42
19796500;3031909;217;42
19805000;3033180;300;42
19813500;3034450;317;42
19822000;3035718;241;42
19830500;3036987;260;42
19839000;3038255;224;42
19847500;3039526;209;42
19856000;3040796;113;42
19864500;3042068;257;42
19873000;3043338;282;42
19881500;3044605;378;42
19890000;3045911;274;42
19898500;3047176;275;42
19907000;3048445;354;42
19915500;3049715;327;42
19924000;3050985;321;42
19932500;3052255;186;42
19941000;3053524;206;42
19949500;3054787;193;42
19958000;3056058;176;42
19966500;3057324;247;42
19975000;3058593;275;42
19983500;3059863;224;42
19992000;3061172;190;42
20000500;3062781;240;42
20009000;3064064;205;42
20017500;3065348;253;42
20026000;3066617;194;42
20034500;3067887;300;42
20043000;3069171;248;42
20051500;3070484;276;42
20060000;3071777;238;42
20068500;3073085;372;42
20077000;3074355;340;42
20085500;3075625;290;42
20094000;3076894;169;42
20102500;3078232;222;42
20111000;3079501;257;42
20119500;3080768;140;42
20128000;3082028;171;42
20136500;3083298;175;42
20145000;3084570;269;42
20153500;3085840;256;42
20162000;3087111;175;42
20170500;3088380;235;42
20179000;3089651;277;42
20187500;3090928;152;42
20196000;3092196;288;42
20204500;3093508;313;42
20213000;3094761;199;42
20221500;3096029;297;42
20230000;3097292;310;42
20238500;3098559;308;42
20247000;3099812;234;42
20255500;3101074;257;42
20264000;3102343;332;42
20272500;3103610;294;42
20281000;3104872;194;42
20289500;3106142;217;42
20298000;3107411;327;42
20306500;3108717;198;42
20315000;3109980;226;42
20323500;3111250;178;42
20332000;3112522;270;42
20340500;3113792;368;42
20349000;3115060;302;42
20357500;3116329;233;42
20366000;3117599;212;42
20374500;3118869;292;42
20383000;3120139;210;42
20391500;3121413;183;42
20400000;3122684;258;42
20408500;3123953;164;42
20417000;3125262;314;42
20425500;3126530;111;42
20434000;3127799;149;42
20442500;3129067;205;42
20451000;3130340;255;42
20459500;3131609;265;42
20468000;3132884;143;42
20476500;3134150;220;42
20485000;3135413;281;42
20493500;3136683;227;42
20502000;3137953;351;42
20510500;3139220;127;42
20519000;3140649;143;42
20527500;3141922;263;42
20536000;3143193;204;42
20544500;3144463;269;42
20553000;3145736;294;42
20561500;3147008;241;42
20570000;3148278;80;42
20578500;3149550;312;42
20587000;3150820;266;42
20595500;3152091;320;42
20604000;3153361;266;42
20612500;3154631;231;42
20621000;3156060;179;42
20629500;3157332;319;42
20638000;3158593;228;42
20646500;3159854;295;42
20655000;3161114;229;42
20663500;3162384;327;42
20672000;3163652;207;42
20680500;3164917;228;42
20689000;3166188;323;42
20697500;3167460;346;42
20706000;3168730;177;42
20714500;3169998;326;42
20723000;3171261;318;42
20731500;3172595;324;42
20740000;3173869;264;42
20748500;3175141;385;42
20757000;3176409;234;42
20765500;3177680;267;42
20774000;3178945;318;42
20782500;3180215;251;42
20791000;3181490;311;42
20799500;3182760;235;42
20808000;3184028;192;42
20816500;3185297;197;42
20825000;3186566;174;42
20833500;3187881;264;42
20842000;3189152;251;42
20850500;3190438;179;42
20859000;3191707;183;42
20867500;3192978;300;42
20876000;3194246;222;42
20884500;3195520;188;42
20893000;3196791;321;42
20901500;3198057;257;42
20910000;3199318;223;42
20918500;3200587;263;42
20927000;3201858;207;42
20935500;3203156;105;42
20944000;3204421;274;42
20952500;3205689;266;42
20961000;3206943;334;42
20969500;3208202;271;42
20978000;3209468;192;42
20986500;3210734;269;42
20995000;3212001;199;42
21003500;3213275;317;42
21012000;3214550;283;42
21020500;3215822;240;42
21029000;3217088;231;42
21037500;3218344;335;42
21046000;3219639;302;42
21054500;3220901;205;42
21063000;3222173;259;42
21071500;3223437;275;42
21080000;3224704;247;42
21088500;3225969;320;42
21097000;3227236;188;42
21105500;3228507;301;42
21114000;3229779;234;42
21122500;3231045;269;42
21131000;3232315;297;42
21139500;3233584;163;42
21148000;3234921;330;42
21156500;3236231;204;42
21165000;3237520;315;42
21173500;3238794;307;42
21182000;3240062;209;42
21190500;3241328;356;42
21199000;3242589;160;42
21207500;3243857;303;42
21216000;3245130;259;42
21224500;3246397;299;42
21233000;3247670;275;42
21241500;3248953;194;42
21250000;3250388;351;42
21258500;3251654;250;42
21267000;3252972;259;42
21275500;3254352;250;42
21284000;3255641;229;42
21292500;3256916;300;42
21301000;3258185;224;42
21309500;3259452;264;42
21318000;3260722;309;42
21326500;3261987;275;42
21335000;3263255;203;42
21343500;3264528;198;42
21352000;3265793;141;42
21360500;3267051;316;42
21369000;3268320;336;42
21377500;3269706;172;42
21386000;3270980;348;41
21394500;3272246;222;41
21403000;3273503;97;41
21411500;3274772;280;41
21420000;3276035;312;41
21428500;3277308;285;41
21437000;3278581;218;41
21445500;3279867;247;41
21454000;3281134;255;41
21462500;3282397;150;41
21471000;3283664;213;41
21479500;3284947;212;41
21488000;3286276;168;41
21496500;3287551;188;41
21505000;3288819;238;41
21513500;3290088;183;41
21522000;3291357;176;41
21530500;3292624;259;41
21539000;3293900;217;41
21547500;3295166;244;41
21556000;3296439;244;41
21564500;3297710;244;41
21573000;3298981;289;41
21581500;3300265;155;41
21590000;3301537;291;41
21598500;3302814;228;41
21607000;3304079;203;41
21615500;3305347;188;41
21624000;3306606;295;41
21632500;3307872;236;41
21641000;3309141;271;41
21649500;3310407;215;41
21658000;3311672;136;41
21666500;3312946;285;41
21675000;3314212;306;41
21683500;3315481;238;41
21692000;3316750;251;41
21700500;3318018;158;41
21709000;3319331;165;41
21717500;3320594;235;41
21726000;3321865;210;41
21734500;3323138;179;41
21743000;3324410;297;41
21751500;3325678;301;41
21760000;3326954;332;41
21768500;3328221;255;41
21777000;3329488;221;41
21785500;3330762;313;41
21794000;3332031;196;41
21802500;3333307;196;41
21811000;3334608;187;41
21819500;3335867;204;41
21828000;3337131;201;41
21836500;3338395;197;41
21845000;3339665;234;41
21853500;3340938;208;41
21862000;3342203;261;41
21870500;3343473;221;41
21879000;3344746;388;41
21887500;3346015;304;41
21896000;3347286;229;41
21904500;3348555;283;41
21913000;3349852;214;41
21921500;3351118;263;41
21930000;3352385;165;41
21938500;3353655;294;41
21947000;3354927;229;41
21955500;3356197;285;41
21964000;3357469;150;41
21972500;3358733;271;41
21981000;3360003;189;41
21989500;3361273;231;41
21998000;3362538;176;41
22006500;3363811;179;41
22015000;3365142;365;41
22023500;3366466;167;41
22032000;3367738;165;41
22040500;3369009;239;41
22049000;3370274;255;41
22057500;3371541;243;41
22066000;3372811;264;41
22074500;3374078;202;41
22083000;3375351;297;41
22091500;3376622;259;41
22100000;3377888;161;41
22108500;3379147;307;41
22117000;3380407;208;41
22125500;3381740;301;41
22134000;3383012;250;41
22142500;3384280;220;41
22151000;3385550;231;41
22159500;3386815;260;41
22168000;3388082;232;41
22176500;3389353;278;41
22185000;3390622;219;41
22193500;3391892;219;41
22202000;3393161;166;41
22210500;3394425;317;41
22219000;3395699;280;41
22227500;3397093;164;41
22236000;3398361;119;41
22244500;3399627;236;41
22253000;3400893;258;41
22261500;3402160;310;41
22270000;3403433;235;41
22278500;3404708;306;41
22287000;3405976;225;41
22295500;3407253;175;41
22304000;3408520;277;41
22312500;3409792;238;41
22321000;3411047;153;41
22329500;3412316;274;41
22338000;3413611;227;41
22346500;3414879;205;41
22355000;3416145;223;41
22363500;3417414;294;41
22372000;3418681;186;41
22380500;3419947;285;41
22389000;3421214;271;41
22397500;3422480;339;41
22406000;3423751;113;41
22414500;3425021;304;41
22423000;3426291;189;41
22431500;3427557;338;41
22440000;3428839;239;41
22448500;3430106;196;41
22457000;3431380;242;41
22465500;3432636;337;41
22474000;3433897;221;41
22482500;3435168;303;41
22491000;3436433;354;41
22499500;3437698;312;41
22508000;3438957;263;41
22516500;3440228;306;41
22525000;3441496;241;41
22533500;3442757;348;41
22542000;3444062;337;41
22550500;3445493;184;41
22559000;3446770;173;41
22567500;3448045;241;41
22576000;3449316;289;41
22584500;3450578;312;41
22593000;3451843;141;41
22601500;3453141;143;41
22610000;3454401;113;41
22618500;3455666;214;41
22627000;3456943;189;41
22635500;3458214;338;41
22644000;3459506;141;41
22652500;3460778;254;41
22661000;3462044;196;41
22669500;3463306;352;41
22678000;3464587;218;41
22686500;3465859;334;41
22695000;3467126;273;41
22703500;3468396;115;41
22712000;3469816;259;41
22720500;3471123;139;41
22729000;3472448;401;41
22737500;3473741;332;41
22746000;3475037;263;41
22754500;3476329;327;41
22763000;3477622;197;41
22771500;3478938;187;41
22780000;3480245;275;41
22788500;3481555;174;41
22797000;3482864;336;41
22805500;3484209;203;41
22814000;3485526;267;41
22822500;3486832;307;41
22831000;3488131;341;41
22839500;3489430;215;41
22848000;3490736;111;41
22856500;3492040;323;41
22865000;3493355;207;41
22873500;3494661;229;41
22882000;3495960;281;41
22890500;3497269;207;41
22899000;3498575;182;41
22907500;3499966;224;41
22916000;3501273;243;41
22924500;3502579;199;41
22933000;3503882;225;41
22941500;3505185;335;41
22950000;3506483;155;41
22958500;3507785;230;41
22967000;3509089;261;41
22975500;3510394;209;41
22984000;3511713;283;41
22992500;3513018;208;41
23001000;3514320;230;41
23009500;3515624;250;41
23018000;3516941;278;41
23026500;3518243;184;41
23035000;3519547;223;41
23043500;3520840;210;41
23052000;3522141;313;41
23060500;3523442;276;41
23069000;3524748;370;41
23077500;3526058;276;41
23086000;3527360;280;41
23094500;3528662;197;41
23103000;3529961;183;41
23111500;3531266;205;41
23120000;3532582;180;41
23128500;3533887;239;41
23137000;3535192;288;41
23145500;3536494;268;41
23154000;3537798;228;41
23162500;3539098;254;41
23171000;3540392;333;41
23179500;3541697;319;41
23188000;3542986;177;41
23196500;3544273;193;41
23205000;3545566;310;41
23213500;3546867;229;41
23222000;3548200;202;41
23230500;3549505;270;41
23239000;3550807;190;41
23247500;3552110;255;41
23256000;3553416;126;41
23264500;3554723;243;41
23273000;3556043;176;41
23281500;3557341;276;41
23290000;3558641;187;41
23298500;3559941;168;41
23307000;3561245;300;41
23315500;3562556;151;41
23324000;3563886;197;41
23332500;3565186;266;41
23341000;3566490;281;41
23349500;3567794;241;41
23358000;3569097;286;41
23366500;3570393;206;41
23375000;3571697;287;41
23383500;3572999;181;41
23392000;3574298;218;41
23400500;3575602;288;41
23409000;3576909;223;41
23417500;3578212;293;41
23426000;3579667;343;41
23434500;3580979;246;41
23443000;3582285;276;41
23451500;3583608;222;41
23460000;3584921;322;41
23468500;3586213;304;41
23477000;3587507;147;41
23485500;3588808;257;41
23494000;3590107;148;41
23502500;3591401;275;41
23511000;3592710;317;41
23519500;3594014;160;41
23528000;3595318;178;41
23536500;3597333;245;41
23545000;3598630;244;41
23553500;3599920;149;41
23562000;3601214;360;41
23570500;3602518;279;41
23579000;3603807;217;41
23587500;3605105;308;41
23596000;3606403;203;41
23604500;3607704;132;41
23613000;3609007;317;41
23621500;3610313;372;41
23630000;3611669;323;41
23638500;3612972;314;41
23647000;3614396;248;41
23655500;3615700;248;41
23664000;3616996;134;41
23672500;3618316;167;41
23681000;3619621;253;41
23689500;3620929;297;41
23698000;3622235;291;41
23706500;3623541;218;41
23715000;3624839;245;41
23723500;3626132;238;41
23732000;3627450;240;41
23740500;3628757;248;41
23749000;3630061;159;41
23757500;3631367;348;41
23766000;3632673;297;41
23774500;3633976;250;41
23783000;3635277;201;41
23791500;3636575;342;41
23800000;3637878;234;41
23808500;3639186;158;41
23817000;3640495;232;41
23825500;3641799;258;41
23834000;3643131;169;41
23842500;3644447;272;41
23851000;3645760;297;41
23859500;3647066;238;41
23868000;3648371;316;41
23876500;3649680;186;41
23885000;3650984;128;41
23893500;3652293;240;41
23902000;3653605;231;41
23910500;3654957;265;41
23919000;3656260;129;41
23927500;3657563;218;41
23936000;3658865;278;41
23944500;3660204;303;41
23953000;3661510;239;41
23961500;3662815;340;41
23970000;3664121;307;41
23978500;3665416;289;41
23987000;3666728;298;41
23995500;3668028;215;41
24004000;3669334;170;41
24012500;3670637;395;41
24021000;3671941;335;41
24029500;3673297;147;41
24038000;3674611;309;41
24046500;3675951;225;41
24055000;3677259;212;41
24063500;3678564;265;41
24072000;3679859;170;41
24080500;3681166;172;41
24089000;3682471;169;41
24097500;3683762;227;41
24106000;3685073;252;41
24114500;3686376;242;41
24123000;3687687;354;41
24131500;3688991;216;41
24140000;3690297;269;41
24148500;3691821;231;41
24157000;3693131;246;41
24165500;3694437;259;41
24174000;3695744;362;41
24182500;3697046;237;41
24191000;3698352;141;41
24199500;3699674;262;41
24208000;3700982;90;41
24216500;3702288;131;41
24225000;3703597;284;41
24233500;3704903;224;41
24242000;3706203;250;41
24250500;3707550;278;41
24259000;3708867;240;41
24267500;3710171;225;41
24276000;3711476;317;41
24284500;3712782;329;41
24293000;3714077;191;41
24301500;3715390;289;41
24310000;3716697;198;41
24318500;3718004;129;41
24327000;3719309;210;41
24335500;3720615;254;41
24344000;3721924;287;41
24352500;3723333;292;41
24361000;3724641;204;41
24369500;3726043;93;41
24378000;3727422;189;41
24386500;3728746;177;41
24395000;3730056;301;41
24403500;3731360;223;41
24412000;3732666;372;41
24420500;3733969;282;41
24429000;3735297;267;41
24437500;3736612;258;41
24446000;3737936;250;41
24454500;3739236;231;41
24463000;3740575;271;41
24471500;3741873;221;41
24480000;3743189;274;41
24488500;3744500;278;41
24497000;3745812;237;41
24505500;3747120;231;41
24514000;3748426;192;41
24522500;3749733;299;41
24531000;3751047;250;41
24539500;3752384;156;41
24548000;3753696;299;41
24556500;3755003;279;41
24565000;3756314;97;41
24573500;3757620;283;41
24582000;3758924;226;41
24590500;3760229;288;41
24599000;3761529;205;41
24607500;3762836;105;41
24616000;3764144;157;41
24624500;3765452;285;41
24633000;3766754;205;41
24641500;3768057;328;41
24650000;3769395;346;41
24658500;3770703;207;41
24667000;3772009;281;41
24675500;3773315;214;41
24684000;3774617;355;41
24692500;3775922;227;41
24701000;3777226;182;41
24709500;3778529;292;41
24718000;3779831;280;41
24726500;3781135;183;41
24735000;3782443;274;41
24743500;3783750;244;41
24752000;3785080;112;41
24760500;3786757;203;41
24769000;3788175;244;41
24777500;3789571;206;41
24786000;3790968;204;41
24794500;3792364;201;41
24803000;3793761;202;41
24811500;3795156;236;41
24820000;3796510;196;41
24828500;3797844;323;41
24837000;3799157;204;41
24845500;3800459;269;41
24854000;3801857;219;41
24862500;3803161;309;41
24871000;3804461;193;41
24879500;3805771;100;41
24888000;3807077;309;41
24896500;3808379;239;41
24905000;3809682;258;41
24913500;3810989;166;41
24922000;3812292;273;41
24930500;3813598;226;41
24939000;3814903;322;41
24947500;3816206;224;41
24956000;3817528;267;41
24964500;3818835;246;41
24973000;3820143;280;41
24981500;3821447;227;41
24990000;3822748;197;41
24998500;3824053;166;41
25007000;3825359;238;41
25015500;3826665;286;41
25024000;3827958;248;41
25032500;3829259;277;41
25041000;3830560;283;41
25049500;3831865;254;41
25058000;3833200;245;41
25066500;3834506;341;41
25075000;3835811;309;41
25083500;3837109;307;41
25092000;3838409;253;41
25100500;3839711;201;41
25109000;3841013;235;41
25117500;3842308;194;41
25126000;3843611;325;41
25134500;3844916;203;41
25143000;3846219;161;41
25151500;3847527;205;41
25160000;3848853;189;41
25168500;3850157;314;41
25177000;3851460;207;41
25185500;3852765;251;41
25194000;3854075;180;41
25202500;3855382;212;41
25211000;3856683;303;41
25219500;3857988;267;41
25228000;3859293;205;41
25236500;3860594;216;41
25245000;3861899;323;41
25253500;3863202;217;41
25262000;3864531;189;41
25270500;3865838;196;41
25279000;3867144;168;41
25287500;3868456;174;41
25296000;3869761;221;41
25304500;3871065;295;41
25313000;3872369;315;41
25321500;3873673;281;41
25330000;3874975;232;41
25338500;3876281;176;41
25347000;3877583;196;41
25355500;3878886;248;41
25364000;3880189;275;41
25372500;3881612;96;41
25381000;3882916;181;41
25389500;3884219;180;41
25398000;3885523;322;41
25406500;3886826;270;41
25415000;3888134;279;41
25423500;3889436;278;41
25432000;3890727;236;41
25440500;3892017;308;41
25449000;3893316;274;41
25457500;3894619;224;41
25466000;3895924;232;41
25474500;3897251;252;41
25483000;3898555;299;41
25491500;3899860;214;41
25500000;3901163;324;41
25508500;3902455;273;41
25517000;3903754;133;41
25525500;3905060;171;41
25534000;3906354;286;41
25542500;3907660;213;41
25551000;3908966;290;41
25559500;3910272;233;41
25568000;3911566;330;41
25576500;3912933;254;41
25585000;3914235;280;41
25593500;3915524;222;41
25602000;3916823;298;41
25610500;3918125;261;41
25619000;3919426;287;41
25627500;3920729;243;41
25636000;3922031;165;41
25644500;3923333;153;41
25653000;3924639;314;41
25661500;3925941;225;41
25670000;3927245;257;41
25678500;3928602;285;41
25687000;3929904;306;41
25695500;3931230;265;41
25704000;3932532;253;41
25712500;3933833;226;41
25721000;3935137;247;41
25729500;3936441;188;41
25738000;3937733;218;41
25746500;3939036;313;41
25755000;3940340;248;41
25763500;3941645;239;41
25772000;3942948;304;41
25780500;3944253;246;41
25789000;3945653;257;41
25797500;3946957;283;41
25806000;3948262;255;41
25814500;3949566;271;41
25823000;3950869;216;41
25831500;3952176;293;41
25840000;3953480;291;41
25848500;3954783;241;41
25857000;3956086;274;41
25865500;3957389;305;41
25874000;3958696;222;41
25882500;3959999;261;41
25891000;3961324;376;41
25899500;3962626;274;41
25908000;3963929;267;41
25916500;3965219;253;41
25925000;3966517;234;41
25933500;3967818;203;41
25942000;3969119;246;41
25950500;3970419;161;41
25959000;3971724;208;41
25967500;3973029;213;41
25976000;3974332;335;41
25984500;3975635;332;41
25993000;3977070;277;41
26001500;3978371;273;41
26010000;3979676;311;41
26018500;3980984;269;41
26027000;3982286;329;41
26035500;3983592;305;41
26044000;3984898;183;41
26052500;3986233;213;41
26061000;3987537;299;41
26069500;3988840;228;41
26078000;3990143;211;41
26086500;3991452;122;41
26095000;3992776;233;41
26103500;3994094;264;41
26112000;3995397;217;41
26120500;3996704;150;41
26129000;3998009;340;41
26137500;3999323;198;41
26146000;4000631;216;41
26154500;4001948;201;41
26163000;4003264;175;41
26171500;4004560;121;41
26180000;4005853;243;41
26188500;4007158;229;41
26197000;4008462;302;41
26205500;4009763;255;41
26214000;4011053;212;41
26222500;4012353;258;41
26231000;4013648;211;41
26239500;4014943;268;41
26248000;4016235;270;41
26256500;4017724;235;41
26265000;4019051;163;41
26273500;4020355;122;41
26282000;4021663;411;41
26290500;4022969;192;41
26299000;4024275;359;41
26307500;4025581;339;41
26316000;4026885;241;41
26324500;4028194;111;41
26333000;4029498;311;41
26341500;4030801;113;41
26350000;4032107;283;41
26358500;4033484;261;41
26367000;4034823;359;41
26375500;4036125;244;41
26384000;4037428;276;41
26392500;4038733;265;41
26401000;4040036;230;41
26409500;4041340;245;41
26418000;4042653;243;41
26426500;4043959;259;41
26435000;4045258;114;41
26443500;4046563;216;41
26452000;4047867;242;41
26460500;4049235;279;41
26469000;4050532;196;41
26477500;4051828;287;41
26486000;4053134;290;41
26494500;4054442;155;41
26503000;4055749;270;41
26511500;4057052;312;41
26520000;4058357;217;41
26528500;4059661;289;41
26537000;4060965;297;41
26545500;4062272;243;41
26554000;4063579;349;41
26562500;4065101;319;41
26571000;4066453;304;41
26579500;4067756;353;41
26588000;4069058;274;41
26596500;4070363;181;41
26605000;4071663;162;41
26613500;4072963;226;41
26622000;4074263;117;41
26630500;4075558;326;41
26639000;4076853;140;41
26647500;4078153;225;41
26656000;4079457;230;41
26664500;4080834;307;41
26673000;4082139;213;41
26681500;4083444;270;41
26690000;4084750;190;41
26698500;4086053;307;41
26707000;4087356;337;41
26715500;4088660;135;41
26724000;4089963;270;41
26732500;4091256;215;41
26741000;4092554;297;41
26749500;4093857;265;41
26758000;4095159;354;41
26766500;4096464;316;41
26775000;4097786;186;41
26783500;4099089;259;41
26792000;4100377;281;41
26800500;4101673;366;41
26809000;4102978;236;41
26817500;4104285;224;41
26826000;4105585;225;41
26834500;4106886;197;41
26843000;4108189;339;41
26851500;4109490;335;41
26860000;4110792;172;41
26868500;4112103;257;41
26877000;4113467;314;41
26885500;4114775;183;41
26894000;4116079;238;41
26902500;4117381;315;41
26911000;4118686;183;41
26919500;4119988;341;41
26928000;4121292;170;41
26936500;4122595;202;41
26945000;4123896;251;41
26953500;4125205;225;41
26962000;4126508;192;41
26970500;4127810;322;41
26979000;4129239;216;41
26987500;4130541;361;41
26996000;4131842;200;41
27004500;4133146;329;41
27013000;4134450;282;41
27021500;4135751;160;41
27030000;4137048;160;41
27038500;4138344;385;41
27047000;4139649;280;41
27055500;4140949;147;41
27064000;4142254;225;41
27072500;4143555;284;41
27081000;4144913;288;41
27089500;4146220;213;41
27098000;4147522;184;41
27106500;4148824;101;41
27115000;4150119;271;41
27123500;4151415;176;41
27132000;4152720;289;41
27140500;4154022;183;41
27149000;4155323;260;41
27157500;4156621;262;41
27166000;4157924;312;41
27174500;4159226;196;41
27183000;4160545;154;41
27191500;4161844;136;41
27200000;4163136;224;41
27208500;4164427;264;41
27217000;4165714;348;41
27225500;4167018;200;41
27234000;4168322;311;41
27242500;4169627;185;41
27251000;4170929;150;41
27259500;4172232;310;41
27268000;4173554;310;41
27276500;4174857;260;41
27285000;4176195;204;41
27293500;4177499;176;41
27302000;4178802;261;41
27310500;4180102;274;41
27319000;4181406;325;41
27327500;4182705;281;41
27336000;4184006;408;41
27344500;4185306;176;41
27353000;4186608;314;41
27361500;4187916;257;41
27370000;4189218;326;41
27378500;4190517;251;41
27387000;4191846;193;41
27395500;4193153;180;41
27404000;4194463;198;41
27412500;4195767;287;41
27421000;4197070;263;41
27429500;4198369;153;41
27438000;4199669;186;41
27446500;4200966;209;41
27455000;4202271;157;41
27463500;4203573;108;41
27472000;4204873;194;41
27480500;4206177;244;41
27489000;4207479;214;41
27497500;4208806;354;41
27506000;4210108;238;41
27514500;4211410;292;41
27523000;4212711;297;41
27531500;4214011;301;41
27540000;4215320;227;41
27548500;4216611;208;41
27557000;4217907;199;41
27565500;4219210;235;41
27574000;4220510;277;41
27582500;4221806;365;41
27591000;4223112;167;41
27599500;4224479;218;41
27608000;4225787;297;41
27616500;4227157;267;41
27625000;4228558;327;41
27633500;4229880;368;41
27642000;4231183;302;41
27650500;4232484;163;41
27659000;4233783;203;41
27667500;4235090;272;41
27676000;4236425;399;41
27684500;4237727;158;41
27693000;4239018;328;41
27701500;4240314;388;41
27710000;4241751;311;41
27718500;4243058;182;41
27727000;4244376;258;41
27735500;4245686;294;41
27744000;4246995;283;41
27752500;4248299;291;41
27761000;4249607;247;41
27769500;4250913;343;41
27778000;4252246;283;41
27786500;4253546;272;41
27795000;4254849;399;41
27803500;4256149;262;41
27812000;4257446;236;41
27820500;4258753;320;41
27829000;4260055;167;41
27837500;4261356;232;41
27846000;4262661;195;41
27854500;4263964;290;41
27863000;4265262;234;41
27871500;4266560;108;41
27880000;4267876;301;41
27888500;4269181;121;41
27897000;4270475;241;41
27905500;4271774;259;41
27914000;4273077;279;41
27922500;4274377;269;41
27931000;4275679;179;41
27939500;4276981;264;41
27948000;4278282;387;41
27956500;4279584;242;41
27965000;4280887;228;41
27973500;4282183;297;41
27982000;4283481;238;41
27990500;4284786;170;41
27999000;4286107;260;40
28007500;4287408;266;40
28016000;4288712;237;40
28024500;4290014;265;40
28033000;4291318;158;40
28041500;4292609;239;40
28050000;4293906;171;40
28058500;4295204;237;40
28067000;4296493;254;40
28075500;4297796;141;40
28084000;4299100;333;40
28092500;4300401;130;40
28101000;4301868;182;40
28109500;4303203;234;40
28118000;4304507;224;40
28126500;4305826;379;40
28135000;4307129;211;40
28143500;4308425;215;40
28152000;4309719;196;40
28160500;4311022;176;40
28169000;4312332;315;40
28177500;4313640;266;40
28186000;4314948;141;40
28194500;4316249;256;40
28203000;4317647;329;40
28211500;4319019;351;40
28220000;4320321;273;40
28228500;4321626;233;40
28237000;4322929;215;40
28245500;4324234;198;40
28254000;4325535;317;40
28262500;4326840;211;40
28271000;4328140;277;40
28279500;4329443;150;40
28288000;4330745;293;40
28296500;4332046;305;40
28305000;4333407;210;40
28313500;4334713;234;40
28322000;4336020;147;40
28330500;4337325;307;40
28339000;4338631;347;40
28347500;4339933;243;40
28356000;4341239;115;40
28364500;4342539;187;40
28373000;4343843;218;40
28381500;4345145;267;40
28390000;4346452;250;40
28398500;4347757;250;40
28407000;4349218;305;40
28415500;4350517;314;40
28424000;4351822;219;40
28432500;4353123;219;40
28441000;4354428;182;40
28449500;4355733;248;40
28458000;4357039;218;40
28466500;4358345;288;40
28475000;4359647;238;40
28483500;4360946;225;40
28492000;4362237;190;40
28500500;4363538;206;40
28509000;4364852;258;40
28517500;4366174;206;40
28526000;4367476;229;40
28534500;4368783;277;40
28543000;4370088;270;40
28551500;4371385;184;40
28560000;4372685;215;40
28568500;4373987;276;40
28577000;4375290;257;40
28585500;4376595;203;40
28594000;4377897;183;40
28602500;4379199;275;40
28611000;4380501;288;40
28619500;4381855;308;40
28628000;4383152;163;40
28636500;4384441;191;40
28645000;4385743;206;40
28653500;4387048;308;40
28662000;4388353;247;40
28670500;4389658;228;40
28679000;4390962;221;40
28687500;4392263;219;40
28696000;4393569;342;40
28704500;4394869;256;40
28713000;4396171;257;40
28721500;4397551;357;40
28730000;4398852;248;40
28738500;4400158;201;40
28747000;4401462;269;40
28755500;4402771;302;40
28764000;4404073;291;40
28772500;4405379;273;40
28781000;4406681;276;40
28789500;4407985;242;40
28798000;4409289;158;40
28806500;4410594;239;40
28815000;4411892;166;40
28823500;4413223;286;40
28832000;4414530;123;40
28840500;4415835;319;40
28849000;4417141;167;40
28857500;4418444;250;40
28866000;4419747;203;40
28874500;4421048;352;40
28883000;4422348;237;40
28891500;4423652;276;40
28900000;4424953;319;40
28908500;4426255;286;40
28917000;4427561;198;40
28925500;4428861;192;40
28934000;4430182;344;40
28942500;4431488;247;40
28951000;4432792;307;40
28959500;4434092;212;40
28968000;4435391;186;40
28976500;4436689;287;40
28985000;4437994;216;40
28993500;4439293;278;40
29002000;4440594;310;40
29010500;4441894;169;40
29019000;4443192;317;40
29027500;4444499;307;40
29036000;4445848;324;40
29044500;4447146;296;40
29053000;4448451;219;40
29061500;4449753;216;40
29070000;4451059;293;40
29078500;4452367;291;40
29087000;4453671;287;40
29095500;4454975;313;40
29104000;4456278;157;40
29112500;4457577;345;40
29121000;4458884;190;40
29129500;4460185;155;40
29138000;4461643;219;40
29146500;4462949;222;40
29155000;4464253;207;40
29163500;4465563;242;40
29172000;4466854;155;40
29180500;4468155;283;40
29189000;4469460;192;40
29197500;4470762;181;40
29206000;4472068;227;40
29214500;4473374;228;40
29223000;4474678;247;40
29231500;4475982;189;40
29240000;4477329;317;40
29248500;4478635;218;40
29257000;4479941;328;40
29265500;4481243;235;40
29274000;4482548;232;40
29282500;4483853;292;40
29291000;4485155;207;40
29299500;4486465;322;40
29308000;4487771;259;40
29316500;4489080;271;40
29325000;4490381;247;40
29333500;4491688;207;40
29342000;4493018;327;40
29350500;4494326;242;40
29359000;4495630;225;40
29367500;4496934;340;40
29376000;4498241;262;40
29384500;4499544;198;40
29393000;4500856;224;40
29401500;4502163;285;40
29410000;4503469;303;40
29418500;4504776;270;40
29427000;4506084;202;40
29435500;4507389;257;40
29444000;4508850;299;40
29452500;4510421;178;40
29461000;4511728;264;40
29469500;4513027;327;40
29478000;4514339;318;40
29486500;4515641;241;40
29495000;4516945;260;40
29503500;4518248;229;40
29512000;4519573;179;40
29520500;4520888;191;40
29529000;4522185;257;40
29537500;4523483;277;40
29546000;4524796;235;40
29554500;4526100;295;40
29563000;4527404;211;40
29571500;4528717;196;40
29580000;4530019;187;40
29588500;4531321;262;40
29597000;4532625;181;40
29605500;4533930;284;40
29614000;4535249;228;40
29622500;4536571;294;40
29631000;4537878;158;40
29639500;4539181;314;40
29648000;4540484;234;40
29656500;4541787;265;40
29665000;4543073;205;40
29673500;4544377;124;40
29682000;4545680;147;40
29690500;4546983;188;40
29699000;4548286;125;40
29707500;4549589;255;40
29716000;4550883;259;40
29724500;4552220;176;40
29733000;4553520;186;40
29741500;4554818;233;40
29750000;4556125;186;40
29758500;4557426;174;40
29767000;4558722;235;40
29775500;4560012;224;40
29784000;4561314;120;40
29792500;4562618;295;40
29801000;4563922;298;40
29809500;4565221;205;40
29818000;4566525;179;40
29826500;4567954;314;40
29835000;4569250;317;40
29843500;4570542;336;40
29852000;4571847;237;40
29860500;4573150;272;40
29869000;4574454;218;40
29877500;4575760;310;40
29886000;4577067;302;40
29894500;4578370;278;40
29903000;4579675;212;40
29911500;4580979;209;40
29920000;4582281;196;40
29928500;4583643;214;40
29937000;4584943;229;40
29945500;4586245;180;40
29954000;4587544;175;40
29962500;4588849;141;40
29971000;4590155;229;40
29979500;4591452;286;40
29988000;4592756;295;40
29996500;4594061;209;40
30005000;4595366;379;40
30013500;4596670;237;40
30022000;4597973;293;40
30030500;4599351;149;40
30039000;4600655;246;40
30047500;4601958;218;40
30056000;4603281;126;40
30064500;4604595;253;40
30073000;4605947;191;40
30081500;4607342;284;40
30090000;4608796;298;40
30098500;4610209;261;40
30107000;4611619;235;40
30115500;4613033;226;40
30124000;4614460;205;40
30132500;4615904;225;40
30141000;4617337;231;40
30149500;4618769;215;40
30158000;4620197;213;40
30166500;4621629;348;40
30175000;4623058;301;40
30183500;4624489;306;40
30192000;4625920;271;40
30200500;4627348;222;40
30209000;4628779;242;40
30217500;4630228;160;40
30226000;4631658;169;40
30234500;4633075;263;40
30243000;4634497;269;40
30251500;4635929;372;40
30260000;4637356;242;40
30268500;4638786;241;40
30277000;4640215;270;40
30285500;4641646;218;40
30294000;4643075;163;40
30302500;4644506;246;40
30311000;4645950;309;40
30319500;4647380;203;40
30328000;4648814;337;40
30336500;4650244;230;40
30345000;4651672;127;40
30353500;4653104;138;40
30362000;4654538;240;40
30370500;4655969;259;40
30379000;4657400;235;40
30387500;4658830;211;40
30396000;4660266;187;40
30404500;4661701;226;40
30413000;4663127;284;40
30421500;4664555;320;40
30430000;4665986;136;40
30438500;4667414;284;40
30447000;4668857;233;40
30455500;4670291;190;40
30464000;4671728;321;40
30472500;4673163;307;40
30481000;4674604;330;40
30489500;4676036;270;40
30498000;4677464;249;40
30506500;4678897;249;40
30515000;4680325;224;40
30523500;4681756;196;40
30532000;4683191;213;40
30540500;4684623;243;40
30549000;4686465;247;40
30557500;4688920;272;40
30566000;4690368;296;40
30574500;4691982;271;40
30583000;4693682;274;40
30591500;4695162;198;40
30600000;4696611;214;40
30608500;4698057;399;40
30617000;4699508;276;40
30625500;4700964;296;40
30634000;4702434;287;40
30642500;4703881;174;40
30651000;4705409;144;40
30659500;4706879;365;40
30668000;4708338;301;40
30676500;4709774;343;40
30685000;4711223;265;40
30693500;4712663;240;40
30702000;4714205;227;40
30710500;4715653;333;40
30719000;4717102;176;40
30727500;4718560;342;40
30736000;4720015;327;40
30744500;4721583;211;40
30753000;4723036;208;40
30761500;4724483;264;40
30770000;4725928;239;40
30778500;4727373;262;40
30787000;4728815;226;40
30795500;4730265;244;40
30804000;4731704;329;40
30812500;4733156;349;40
30821000;4734593;229;40
30829500;4736105;268;40
30838000;4737535;201;40
30846500;4738933;355;40
30855000;4740323;312;40
30863500;4741714;285;40
30872000;4743103;289;40
30880500;4744482;153;40
30889000;4745875;199;40
30897500;4747269;253;40
30906000;4748661;266;40
30914500;4750053;249;40
30923000;4751444;242;40
30931500;4752874;193;40
30940000;4754662;291;40
30948500;4756062;335;40
30957000;4757454;318;40
30965500;4758849;249;40
30974000;4760235;148;40
30982500;4761625;164;40
30991000;4763023;191;40
30999500;4764420;314;40
31008000;4765813;157;40
31016500;4767208;244;40
31025000;4768696;201;40
31033500;4770096;365;40
31042000;4771490;162;40
31050500;4772887;204;40
31059000;4774284;267;40
31067500;4775681;174;40
31076000;4777069;219;40
31084500;4778455;224;40
31093000;4779849;234;40
31101500;4781245;302;40
31110000;4782642;215;40
31118500;4784030;180;40
31127000;4785428;287;40
31135500;4786826;321;40
31144000;4788203;259;40
31152500;4790048;323;40
31161000;4791487;171;40
31169500;4792923;139;40
31178000;4794391;135;40
31186500;4795820;340;40
31195000;4797252;200;40
31203500;4798687;166;40
31212000;4800117;240;40
31220500;4801550;159;40
31229000;4802997;189;40
31237500;4804490;242;40
31246000;4805911;321;40
31254500;4807321;149;40
31263000;4808760;272;40
31271500;4810214;272;40
31280000;4811646;245;40
31288500;4813074;272;40
31297000;4814509;134;40
31305500;4815941;213;40
31314000;4817375;241;40
31322500;4818802;220;40
31331000;4820238;102;40
31339500;4821667;222;40
31348000;4823100;307;40
31356500;4824531;338;40
31365000;4825967;225;40
31373500;4827396;276;40
31382000;4828831;332;40
31390500;4830262;310;40
31399000;4831685;191;40
31407500;4833108;275;40
31416000;4834540;254;40
31424500;4835973;183;40
31433000;4837406;190;40
31441500;4838853;154;40
31450000;4840281;267;40
31458500;4841700;301;40
31467000;4843115;247;40
31475500;4844510;210;40
31484000;4845910;192;40
31492500;4847310;287;40
31501000;4848714;216;40
31509500;4850113;317;40
31518000;4851499;168;40
31526500;4852878;287;40
31535000;4854244;267;40
31543500;4855614;225;40
31552000;4856960;326;40
31560500;4858293;243;40
31569000;4859631;288;40
31577500;4860977;216;40
31586000;4862293;278;40
31594500;4863600;339;40
31603000;4864904;234;40
31611500;4866209;225;40
31620000;4867515;282;40
31628500;4868856;222;40
31637000;4870169;136;40
31645500;4871466;191;40
31654000;4872771;186;40
31662500;4874070;277;40
31671000;4875381;136;40
31679500;4876686;274;40
31688000;4877991;380;40
31696500;4879290;224;40
31705000;4880583;365;40
31713500;4881900;211;40
31722000;4883380;330;40
31730500;4884737;265;40
31739000;4886078;275;40
31747500;4887390;132;40
31756000;4888690;251;40
31764500;4889996;310;40
31773000;4891300;285;40
31781500;4892603;140;40
31790000;4893894;312;40
31798500;4895193;263;40
31807000;4896511;266;40
31815500;4897800;218;40
31824000;4899094;307;40
31832500;4900395;350;40
31841000;4901772;243;40
31849500;4903074;199;40
31858000;4904376;170;40
31866500;4905666;209;40
31875000;4906958;193;40
31883500;4908259;167;40
31892000;4909563;291;40
31900500;4910868;289;40
31909000;4912166;174;40
31917500;4913452;277;40
31926000;4914756;295;40
31934500;4916059;189;40
31943000;4917399;299;40
31951500;4918699;252;40
31960000;4919991;239;40
31968500;4921286;279;40
31977000;4922583;219;40
31985500;4923886;182;40
31994000;4925191;252;40
32002500;4926494;196;40
32011000;4927800;260;40
32019500;4929105;233;40
32028000;4930407;219;40
32036500;4931696;353;40
32045000;4933058;242;40
32053500;4934380;230;40
32062000;4935686;264;40
32070500;4936987;285;40
32079000;4938293;198;40
32087500;4939594;251;40
32096000;4940935;204;40
32104500;4942356;203;40
32113000;4943697;288;40
32121500;4945088;147;40
32130000;4946492;212;40
32138500;4947956;201;40
32147000;4949307;252;40
32155500;4950709;292;40
32164000;4952099;328;40
32172500;4953519;179;40
32181000;4954919;223;40
32189500;4956325;261;40
32198000;4957740;300;40
32206500;4959146;208;40
32215000;4960570;141;40
32223500;4961966;316;40
32232000;4963372;279;40
32240500;4964785;161;40
32249000;4966221;384;40
32257500;4967653;216;40
32266000;4969069;328;40
32274500;4970502;248;40
32283000;4971936;285;40
32291500;4973366;226;40
32300000;4974795;263;40
32308500;4976231;290;40
32317000;4977661;351;40
32325500;4979091;221;40
32334000;4980506;264;40
32342500;4981934;333;40
32351000;4983365;250;40
32359500;4984873;268;40
32368000;4986294;334;40
32376500;4987719;167;40
32385000;4989147;261;40
32393500;4990584;260;40
32402000;4992021;222;40
32410500;4993449;406;40
32419000;4994873;283;40
32427500;4996289;390;40
32436000;4997716;275;40
32444500;4999138;160;40
32453000;5000573;215;40
32461500;5002004;358;40
32470000;5003431;321;40
32478500;5004861;306;40
32487000;5006309;180;40
32495500;5007737;223;40
32504000;5009170;238;40
32512500;5010588;284;40
32521000;5012020;282;40
32529500;5013449;353;40
32538000;5014881;319;40
32546500;5016301;248;40
32555000;5017726;259;40
32563500;5019159;219;40
32572000;5020597;291;40
32580500;5022012;198;40
32589000;5023442;285;40
32597500;5024875;179;40
32606000;5026306;161;40
32614500;5027736;158;40
32623000;5029165;259;40
32631500;5030599;264;40
32640000;5032029;307;40
32648500;5033467;186;40
32657000;5034893;202;40
32665500;5036339;296;40
32674000;5037768;296;40
32682500;5039200;290;40
32691000;5040626;163;40
32699500;5042045;342;40
32708000;5043475;184;40
32716500;5044903;249;40
32725000;5046334;303;40
32733500;5047765;288;40
32742000;5049189;318;40
32750500;5050622;147;40
32759000;5052062;185;40
32767500;5053492;258;40
32776000;5054920;228;40
32784500;5056350;245;40
32793000;5057781;213;40
32801500;5059209;326;40
32810000;5060640;175;40
32818500;5062068;356;40
32827000;5063490;234;40
32835500;5064912;322;40
32844000;5066353;235;40
32852500;5067776;167;40
32861000;5069225;297;40
32869500;5070652;270;40
32878000;5072080;222;40
32886500;5073509;125;40
32895000;5074937;304;40
32903500;5076348;229;40
32912000;5077743;173;40
32920500;5079128;199;40
32929000;5080484;215;40
32937500;5081870;196;40
32946000;5083229;196;40
32954500;5084597;197;40
32963000;5086067;317;40
32971500;5087438;215;40
32980000;5088800;194;40
32988500;5090176;261;40
32997000;5091517;241;40
33005500;5092875;236;40
33014000;5094210;304;40
33022500;5095575;331;40
33031000;5096916;228;40
33039500;5098281;131;40
33048000;5099658;331;40
33056500;5101032;317;40
33065000;5102449;240;40
33073500;5103869;398;40
33082000;5105295;232;40
33090500;5106726;214;40
33099000;5108156;306;40
33107500;5109589;191;40
33116000;5111024;173;40
33124500;5112453;239;40
33133000;5113887;260;40
33141500;5115308;349;40
33150000;5116734;233;40
33158500;5118160;277;40
33167000;5119579;268;40
33175500;5121002;276;40
33184000;5122433;236;40
33192500;5123865;204;40
33201000;5125290;213;40
33209500;5126722;231;40
33218000;5128148;166;40
33226500;5129575;239;40
33235000;5131008;247;40
33243500;5132438;256;40
33252000;5133865;182;40
33260500;5135278;254;40
33269000;5136709;275;40
33277500;5138140;217;40
33286000;5139569;205;40
33294500;5141012;306;40
33303000;5142441;208;40
33311500;5143870;297;40
33320000;5145297;282;40
33328500;5146727;197;40
33337000;5148153;129;40
33345500;5149582;191;40
33354000;5151009;224;40
33362500;5152442;237;40
33371000;5153876;316;40
33379500;5155307;249;40
33388000;5156737;247;40
33396500;5158167;281;40
33405000;5159600;251;40
33413500;5161029;217;40
33422000;5162461;294;40
33430500;5163889;309;40
33439000;5165319;228;40
33447500;5166752;259;40
33456000;5168181;213;40
33464500;5169605;267;40
33473000;5171039;215;40
33481500;5172473;314;40
33490000;5173904;173;40
33498500;5175323;192;40
33507000;5176754;291;40
33515500;5178190;362;40
33524000;5179622;225;40
33532500;5181054;133;40
33541000;5182487;261;40
33549500;5183920;198;40
33558000;5185363;233;40
33566500;5186867;270;40
33575000;5188286;246;40
33583500;5189704;324;40
33592000;5191135;211;40
33600500;5192563;207;40
33609000;5193983;248;40
33617500;5195411;159;40
33626000;5196843;79;40
33634500;5198256;310;40
33643000;5199670;173;40
33651500;5201113;222;40
33660000;5202546;295;40
33668500;5203978;242;40
33677000;5205404;349;40
33685500;5206838;151;40
33694000;5208268;255;40
33702500;5209693;276;40
33711000;5211124;322;40
33719500;5212549;238;40
33728000;5213976;188;40
33736500;5215404;300;40
33745000;5216841;222;40
33753500;5218264;313;40
33762000;5219685;356;40
33770500;5221097;245;40
33779000;5222523;264;40
33787500;5223955;356;40
33796000;5225383;228;40
33804500;5226806;140;40
33813000;5228230;246;40
33821500;5229662;351;40
33830000;5231099;210;40
33838500;5232526;144;40
33847000;5233956;215;40
33855500;5235385;317;40
33864000;5236816;265;40
33872500;5238246;232;40
33881000;5239671;275;40
33889500;5241092;348;40
33898000;5242519;158;40
33906500;5243947;236;40
33915000;5245372;185;40
33923500;5246801;260;40
33932000;5248226;314;40
33940500;5249645;270;40
33949000;5251066;196;40
33957500;5252494;219;40
33966000;5253924;274;40
33974500;5255353;251;40
33983000;5256786;330;40
33991500;5258217;286;40
34000000;5259644;167;40
34008500;5261087;136;40
34017000;5262507;296;40
34025500;5263924;263;40
34034000;5265319;201;40
34042500;5266715;233;40
34051000;5268113;194;40
34059500;5269526;309;40
34068000;5270930;220;40
34076500;5272322;315;40
34085000;5273722;142;40
34093500;5275116;252;40
34102000;5276521;308;40
34110500;5277920;241;40
34119000;5279316;319;40
34127500;5280696;301;40
34136000;5282081;237;40
34144500;5283476;256;40
34153000;5284851;301;40
34161500;5286186;250;40
34170000;5287488;296;40
34178500;5288795;284;40
34187000;5290097;184;40
34195500;5291412;385;40
34204000;5292715;251;40
34212500;5294017;318;40
34221000;5295316;283;40
34229500;5296613;247;40
34238000;5297916;258;40
34246500;5299224;294;40
34255000;5300617;278;40
34263500;5302945;211;40
34272000;5304434;305;40
34280500;5305871;241;40
34289000;5307219;216;40
34297500;5308517;272;40
34306000;5309818;122;40
34314500;5311110;374;40
34323000;5312432;308;40
34331500;5313736;237;40
34340000;5315039;288;40
34348500;5316339;269;40
34357000;5317655;273;40
34365500;5318979;272;40
34374000;5320387;250;40
34382500;5321782;308;40
34391000;5323141;183;40
34399500;5324474;304;40
34408000;5325810;286;40
34416500;5327167;283;40
34425000;5328557;355;40
34433500;5330055;162;40
34442000;5331644;197;40
34450500;5333319;162;40
34459000;5334740;243;40
34467500;5336192;217;40
34476000;5337588;281;40
34484500;5338977;197;40
34493000;5340388;350;40
34501500;5341777;239;40
34510000;5343182;221;40
34518500;5344574;255;40
34527000;5345969;238;40
34535500;5347389;294;40
34544000;5348787;120;40
34552500;5350206;226;40
34561000;5351598;217;40
34569500;5352996;265;40
34578000;5354353;223;40
34586500;5355686;308;40
34595000;5357021;120;40
34603500;5358381;220;40
34612000;5359935;308;40
34620500;5361382;248;40
34629000;5362965;210;40
34637500;5364408;297;40
34646000;5365802;234;40
34654500;5367204;245;40
34663000;5368645;239;40
34671500;5370048;247;40
34680000;5371436;232;40
34688500;5372823;277;40
34697000;5374208;311;40
34705500;5375634;303;40
34714000;5377060;237;40
34722500;5378466;174;40
34731000;5379803;277;40
34739500;5381152;202;40
34748000;5382488;285;40
34756500;5383814;290;40
34765000;5385157;406;40
34773500;5386541;242;40
34782000;5387898;269;40
34790500;5389234;133;40
34799000;5390586;221;40
34807500;5391975;209;40
34816000;5393279;280;40
34824500;5394602;263;40
34833000;5401721;292;40
34841500;5403996;319;40
34850000;5406372;253;40
34858500;5408651;255;40
34867000;5410286;172;40
34875500;5411687;187;40
34884000;5414109;234;40
34892500;5416666;227;40
34901000;5419223;195;40
34909500;5421359;250;40
34918000;5423416;188;40
34926500;5425573;288;40
34935000;5427667;330;40
34943500;5429700;134;40
34952000;5431831;282;40
34960500;5434052;184;40
34969000;5436118;252;40
34977500;5438779;194;40
34986000;5440679;192;40
34994500;5442047;330;40
35003000;5443385;284;40
35011500;5444720;203;40
35020000;5446059;203;40
35028500;5447365;233;40
35037000;5448753;292;40
35045500;5450533;188;40
35054000;5453089;209;40
35062500;5455591;165;40
35071000;5458050;273;40
35079500;5459528;90;40
35088000;5460831;247;40
35096500;5462142;246;40
35105000;5463442;179;40
35113500;5464749;246;40
35122000;5466059;236;40
35130500;5467384;291;40
35139000;5468746;335;40
35147500;5470050;231;40
35156000;5471373;181;40
35164500;5472687;245;40
35173000;5473989;263;40
35181500;5475294;202;40
35190000;5476598;177;40
35198500;5477900;280;40
35207000;5479214;157;40
35215500;5480520;347;40
35224000;5481826;267;40
35232500;5483115;248;40
35241000;5484419;296;40
35249500;5485725;260;40
35258000;5487047;211;40
35266500;5488352;255;40
35275000;5489657;258;40
35283500;5490961;129;40
35292000;5492262;218;40
35300500;5493567;225;40
35309000;5494873;247;40
35317500;5496176;186;40
35326000;5497480;339;40
35334500;5498783;293;40
35343000;5500091;229;40
35351500;5501393;170;40
35360000;5502721;193;40
35368500;5504027;196;40
35377000;5505328;329;40
35385500;5506635;321;40
35394000;5507938;392;40
35402500;5509243;190;40
35411000;5510539;181;40
35419500;5511838;276;40
35428000;5513139;247;40
35436500;5514458;265;40
35445000;5515761;227;40
35453500;5517062;179;40
35462000;5518520;235;40
35470500;5519827;231;40
35479000;5521134;276;40
35487500;5522435;299;40
35496000;5523737;248;40
35504500;5525040;281;40
35513000;5526344;227;40
35521500;5527648;168;40
35530000;5528954;321;40
35538500;5530257;201;40
35547000;5531558;195;40
35555500;5532861;330;40
35564000;5534209;295;40
35572500;5535513;319;40
35581000;5536825;363;40
35589500;5538128;349;40
35598000;5539431;279;40
35606500;5540735;248;40
35615000;5542033;170;40
35623500;5543330;286;40
35632000;5544633;305;40
35640500;5545938;88;40
35649000;5547241;275;40
35657500;5548544;330;40
35666000;5549883;148;40
35674500;5551187;141;40
35683000;5552487;345;40
35691500;5553793;214;40
35700000;5555098;206;40
35708500;5556398;253;40
35717000;5557686;273;40
35725500;5558988;211;40
35734000;5560291;336;40
35742500;5561592;194;40
35751000;5562896;346;40
35759500;5564196;241;40
35768000;5565557;225;40
35776500;5566960;317;40
35785000;5568309;235;40
35793500;5569650;203;40
35802000;5570954;209;40
35810500;5572256;298;40
35819000;5573563;172;40
35827500;5574867;187;40
35836000;5576176;306;40
35844500;5577477;392;40
35853000;5578798;224;40
35861500;5580099;312;40
35870000;5581471;302;40
35878500;5582779;223;40
35887000;5584084;170;40
35895500;5585416;282;40
35904000;5586719;302;40
35912500;5588014;251;40
35921000;5589314;278;40
35929500;5590622;193;40
35938000;5591927;228;40
35946500;5593229;242;40
35955000;5594548;177;40
35963500;5595854;224;40
35972000;5597215;203;40
35980500;5598522;297;40
35989000;5599823;257;40
35997500;5601128;255;40
36006000;5602440;190;40
36014500;5603748;258;40
36023000;5605047;275;40
36031500;5606341;301;40
36040000;5607631;217;40
36048500;5608923;193;40
36057000;5610223;365;40
36065500;5611529;207;40
36074000;5612834;302;40
36082500;5614137;158;40
36091000;5615442;328;40
36099500;5616743;188;40
36108000;5618048;369;40
36116500;5619464;175;40
36125000;5620774;261;40
36133500;5622081;314;40
36142000;5623384;245;40
36150500;5624691;333;40
36159000;5625997;229;40
36167500;5627303;240;40
36176000;5628609;209;40
36184500;5629909;322;40
36193000;5631208;244;40
36201500;5632504;349;40
36210000;5633808;294;40
36218500;5635147;288;40
36227000;5636442;301;40
36235500;5637743;307;40
36244000;5639050;177;40
36252500;5640357;281;40
36261000;5641659;314;40
36269500;5642958;267;40
36278000;5644254;174;40
36286500;5645551;261;40
36295000;5646856;213;40
36303500;5648157;210;40
36312000;5649462;351;40
36320500;5650787;222;40
36329000;5652087;291;40
36337500;5653393;268;40
36346000;5654696;274;40
36354500;5656006;259;40
36363000;5657309;215;40
36371500;5658612;317;40
36380000;5659918;288;40
36388500;5661223;226;40
36397000;5662528;330;40
36405500;5663834;201;40
36414000;5665139;196;40
36422500;5666535;291;40
36431000;5667895;174;40
36439500;5669248;217;40
36448000;5670583;163;40
36456500;5671909;240;40
36465000;5673254;216;40
36473500;5674773;192;40
36482000;5676283;188;40
36490500;5677705;211;40
36499000;5679106;183;40
36507500;5680500;221;40
36516000;5681896;375;40
36524500;5683295;250;40
36533000;5684691;285;40
36541500;5686097;226;40
36550000;5687527;180;40
36558500;5688926;182;40
36567000;5690330;224;40
36575500;5691740;261;40
36584000;5693112;255;40
36592500;5694547;156;40
36601000;5695964;255;40
36609500;5697370;190;40
36618000;5698782;251;40
36626500;5700159;251;40
36635000;5701555;274;40
36643500;5702963;341;40
36652000;5704371;125;40
36660500;5705773;256;40
36669000;5707205;335;40
36677500;5708581;235;40
36686000;5710028;223;40
36694500;5711470;310;40
36703000;5712868;207;40
36711500;5714266;298;40
36720000;5715663;176;40
36728500;5717089;300;40
36737000;5718491;211;40
36745500;5719900;170;40
36754000;5721301;308;40
36762500;5722700;294;40
36771000;5724249;315;40
36779500;5725649;245;40
36788000;5727080;186;40
36796500;5728523;185;40
36805000;5729955;258;40
36813500;5731403;281;40
36822000;5732821;219;40
36830500;5734248;236;40
36839000;5735680;241;40
36847500;5737112;136;40
36856000;5738569;192;40
36864500;5739999;188;40
36873000;5741427;259;40
36881500;5742862;243;40
36890000;5744315;329;40
36898500;5745750;236;40
36907000;5747162;234;40
36915500;5748597;247;40
36924000;5750029;331;40
36932500;5751462;239;40
36941000;5752899;297;40
36949500;5754332;293;40
36958000;5755765;280;40
36966500;5757199;217;40
36975000;5758633;309;40
36983500;5760060;175;40
36992000;5761513;262;40
37000500;5762946;234;40
37009000;5764374;175;40
37017500;5765806;197;40
37026000;5767241;259;40
37034500;5768682;221;40
37043000;5770118;254;40
37051500;5771531;193;40
37060000;5772934;253;40
37068500;5774333;184;40
37077000;5775755;196;40
37085500;5777202;336;40
37094000;5778613;291;40
37102500;5780013;221;40
37111000;5781407;157;40
37119500;5782802;185;40
37128000;5784200;254;40
37136500;5785614;262;40
37145000;5787025;319;40
37153500;5788428;307;40
37162000;5789829;257;40
37170500;5791241;265;40
37179000;5792697;113;40
37187500;5794316;211;40
37196000;5795724;178;40
37204500;5797120;156;40
37213000;5798532;208;40
37221500;5799932;257;40
37230000;5801337;189;40
37238500;5802756;192;40
37247000;5804147;341;40
37255500;5805522;166;40
37264000;5806875;233;40
37272500;5808226;367;40
37281000;5809528;217;40
37289500;5810825;268;40
37298000;5812134;245;40
37306500;5813556;249;40
37315000;5814863;213;40
37323500;5816166;186;40
37332000;5817471;255;40
37340500;5818817;239;40
37349000;5820195;264;40
37357500;5821500;220;40
37366000;5822802;186;40
37374500;5824102;297;40
37383000;5825406;154;40
37391500;5826731;323;40
37400000;5828020;211;40
37408500;5829313;190;40
37417000;5830611;250;40
37425500;5831915;188;40
37434000;5833233;220;40
37442500;5834795;252;40
37451000;5836070;219;40
37459500;5837332;212;40
37468000;5838605;247;40
37476500;5839876;187;40
37485000;5841136;177;40
37493500;5842407;141;40
37502000;5843682;289;40
37510500;5844952;354;40
37519000;5846224;202;40
37527500;5847495;295;40
37536000;5848765;267;40
37544500;5850089;248;40
37553000;5851366;178;40
37561500;5852636;147;40
37570000;5853910;267;40
37578500;5855176;341;40
37587000;5856441;351;40
37595500;5857707;298;40
37604000;5858979;195;40
37612500;5860244;254;40
37621000;5861515;269;40
37629500;5862785;213;40
37638000;5864055;197;40
37646500;5865323;281;40
37655000;5866640;300;40
37663500;5867915;296;40
37672000;5869186;264;40
37680500;5870453;299;40
37689000;5871723;186;40
37697500;5872995;249;40
37706000;5874266;238;40
37714500;5875539;151;40
37723000;5876811;188;40
37731500;5878080;361;40
37740000;5879337;194;40
37748500;5880599;282;40
37757000;5881942;250;40
37765500;5883294;318;40
37774000;5884564;262;40
37782500;5885844;216;40
37791000;5887111;372;40
37799500;5888384;338;40
37808000;5889678;307;40
37816500;5890978;168;40
37825000;5892249;333;40
37833500;5893520;223;40
37842000;5894788;253;40
37850500;5896064;325;40
37859000;5897334;270;40
37867500;5898625;294;40
37876000;5899879;100;40
37884500;5901143;270;40
37893000;5902417;170;40
37901500;5903689;207;40
37910000;5904964;328;40
37918500;5906236;182;40
37927000;5907507;223;40
37935500;5908778;254;40
37944000;5910047;372;40
37952500;5911306;183;40
37961000;5912559;224;40
37969500;5913859;149;40
37978000;5915129;226;40
37986500;5916401;209;40
37995000;5917668;275;40
38003500;5918937;220;40
38012000;5920203;348;40
38020500;5921475;223;40
38029000;5922745;219;40
38037500;5924021;312;40
38046000;5925294;207;40
38054500;5926565;269;40
38063000;5927832;203;40
38071500;5929098;212;40
38080000;5930411;156;40
38088500;5931681;239;40
38097000;5932947;279;40
38105500;5934216;219;40
38114000;5935487;271;40
38122500;5936752;181;40
38131000;5938024;229;40
38139500;5939293;201;40
38148000;5940562;200;40
38156500;5941827;232;40
38165000;5943095;202;40
38173500;5944371;267;40
38182000;5945767;264;40
38190500;5947040;91;40
38199000;5948308;215;40
38207500;5949568;199;40
38216000;5950842;242;40
38224500;5952107;249;40
38233000;5953375;286;40
38241500;5954645;246;40
38250000;5955917;287;40
38258500;5957186;228;40
38267000;5958455;300;40
38275500;5959726;259;40
38284000;5960994;351;40
38292500;5962359;239;40
38301000;5963655;248;40
38309500;5964942;232;40
38318000;5966204;243;40
38326500;5967472;303;40
38335000;5968748;309;40
38343500;5970016;284;40
38352000;5971286;225;40
38360500;5972557;242;40
38369000;5973824;341;40
38377500;5975088;227;40
38386000;5976358;195;40
38394500;5977655;256;40
38403000;5978926;158;40
38411500;5980199;258;40
38420000;5981471;242;40
38428500;5982738;277;40
38437000;5984010;154;40
38445500;5985282;236;40
38454000;5986554;273;40
38462500;5987822;337;40
38471000;5989091;236;40
38479500;5990364;219;40
38488000;5991633;232;40
38496500;5992899;237;40
38505000;5994201;406;40
38513500;5995482;178;40
38522000;5996745;281;40
38530500;5998017;168;40
38539000;5999289;266;40
38547500;6000642;232;40
38556000;6001923;258;40
38564500;6003193;266;40
38573000;6004467;202;40
38581500;6005750;333;40
38590000;6007031;193;40
38598500;6008300;290;40
38607000;6009827;195;40
38615500;6011093;262;40
38624000;6012365;210;40
38632500;6013639;131;40
38641000;6014906;264;40
38649500;6016176;162;40
38658000;6017445;155;40
38666500;6018718;193;40
38675000;6019995;280;40
38683500;6021274;256;40
38692000;6022541;220;40
38700500;6023810;412;40
38709000;6025080;364;40
38717500;6026388;260;40
38726000;6027656;246;40
38734500;6028922;298;40
38743000;6030189;216;40
38751500;6031456;188;40
38760000;6032723;202;40
38768500;6033990;264;40
38777000;6035264;217;40
38785500;6036524;207;40
38794000;6037783;360;40
38802500;6039050;360;40
38811000;6040313;264;40
38819500;6041613;230;40
38828000;6042879;333;40
38836500;6044145;267;40
38845000;6045415;325;40
38853500;6046685;290;40
38862000;6047946;271;40
38870500;6049217;258;40
38879000;6050485;192;40
38887500;6051756;210;40
38896000;6053024;240;40
38904500;6054290;193;40
38913000;6055566;232;40
38921500;6056835;346;40
38930000;6058254;241;40
38938500;6059529;153;40
38947000;6060791;150;40
38955500;6062054;252;40
38964000;6063323;208;40
38972500;6064594;319;40
38981000;6065863;262;40
38989500;6067135;266;40
38998000;6068411;298;40
39006500;6069689;104;40
39015000;6070958;374;40
39023500;6072228;231;40
39032000;6073567;233;40
39040500;6074841;257;40
39049000;6076118;246;40
39057500;6077389;245;40
39066000;6078658;277;40
39074500;6079925;243;40
39083000;6081197;245;40
39091500;6082468;254;40
39100000;6083732;258;40
39108500;6084999;262;40
39117000;6086271;209;40
39125500;6087539;157;40
39134000;6088812;235;40
39142500;6090188;242;40
39151000;6091456;195;40
39159500;6092727;248;40
39168000;6093998;153;40
39176500;6095265;143;40
39185000;6096538;363;40
39193500;6097808;313;40
39202000;6099076;168;40
39210500;6100344;128;40
39219000;6101622;243;40
39227500;6102892;298;40
39236000;6104165;210;40
39244500;6105505;155;40
39253000;6106820;278;40
39261500;6108195;332;40
39270000;6109469;286;40
39278500;6110810;200;40
39287000;6112084;265;40
39295500;6113382;141;40
39304000;6114658;246;40
39312500;6115927;219;40
39321000;6117200;222;40
39329500;6118555;288;40
39338000;6119820;262;40
39346500;6121201;204;40
39355000;6122505;206;40
39363500;6123813;305;40
39372000;6125141;340;40
39380500;6126440;180;40
39389000;6127743;220;40
39397500;6129049;188;40
39406000;6130348;196;40
39414500;6131679;226;40
39423000;6132983;159;40
39431500;6134286;231;40
39440000;6135653;199;40
39448500;6136955;184;40
39457000;6138279;272;40
39465500;6139587;281;40
39474000;6140889;215;40
39482500;6142191;223;40
39491000;6143497;193;40
39499500;6144800;258;40
39508000;6146120;212;40
39516500;6147429;256;40
39525000;6148734;184;40
39533500;6150036;209;40
39542000;6151343;330;40
39550500;6152683;129;40
39559000;6153987;185;40
39567500;6155290;366;40
39576000;6156593;357;40
39584500;6157898;166;40
39593000;6159209;298;40
39601500;6160513;336;40
39610000;6161816;245;40
39618500;6163120;297;40
39627000;6164428;238;40
39635500;6165726;242;40
39644000;6167032;240;40
39652500;6168460;201;40
39661000;6169804;245;40
39669500;6171107;264;40
39678000;6172410;280;40
39686500;6173804;274;40
39695000;6175111;360;40
39703500;6176413;177;40
39712000;6177715;266;40
39720500;6179019;238;40
39729000;6180334;256;40
39737500;6181635;143;40
39746000;6182942;276;40
39754500;6184259;367;40
39763000;6185622;262;40
39771500;6186932;237;40
39780000;6188237;263;40
39788500;6189541;294;40
39797000;6190847;263;40
39805500;6192156;221;40
39814000;6193461;248;40
39822500;6194772;180;40
39831000;6196079;184;40
39839500;6197389;170;40
39848000;6198696;254;40
39856500;6200001;262;40
39865000;6201363;324;40
39873500;6202687;197;40
39882000;6203994;158;40
39890500;6205301;257;40
39899000;6206604;245;40
39907500;6207920;98;40
39916000;6209227;182;40
39924500;6210534;342;40
39933000;6211841;234;40
39941500;6213150;120;40
39950000;6214537;279;40
39958500;6215887;173;40
39967000;6217268;251;40
39975500;6218583;247;40
39984000;6219892;258;40
39992500;6221202;141;40
40001000;6222515;212;40
40009500;6223823;182;40
40018000;6225126;279;40
40026500;6226432;277;40
40035000;6227743;235;40
40043500;6229057;237;40
40052000;6230368;226;40
40060500;6231671;149;40
40069000;6233059;176;40
40077500;6234367;331;40
40086000;6235708;215;40
40094500;6237013;210;40
40103000;6238322;212;40
40111500;6239633;168;40
40120000;6240953;230;40
40128500;6242262;317;40
40137000;6243577;220;40
40145500;6244881;271;40
40154000;6246192;246;40
40162500;6247501;169;40
40171000;6248804;237;40
40179500;6250117;231;40
40188000;6251443;173;40
40196500;6252778;319;40
40205000;6254085;274;40
40213500;6255391;241;40
40222000;6256700;262;40
40230500;6258009;228;40
40239000;6259318;130;40
40247500;6260625;250;40
40256000;6261929;299;40
40264500;6263244;314;40
40273000;6264539;180;40
40281500;6265845;334;40
40290000;6267194;385;40
40298500;6268591;246;40
40307000;6270048;338;40
40315500;6271401;265;40
40324000;6272709;348;40
40332500;6274012;297;40
40341000;6275326;222;40
40349500;6276627;323;40
40358000;6277950;346;40
40366500;6279255;244;40
40375000;6280560;285;40
40383500;6281866;198;40
40392000;6283177;225;40
40400500;6284517;286;40
40409000;6285851;317;40
40417500;6287152;311;40
40426000;6288455;287;40
40434500;6289757;165;40
40443000;6291069;239;40
40451500;6292375;266;40
40460000;6293677;153;40
40468500;6294980;309;40
40477000;6296284;234;40
40485500;6297589;240;40
40494000;6298907;284;40
40502500;6300209;101;40
40511000;6301533;190;40
40519500;6302872;278;40
40528000;6304168;233;40
40536500;6305483;285;40
40545000;6306785;246;40
40553500;6308088;212;40
40562000;6309393;195;40
40570500;6310697;263;40
40579000;6312011;167;40
40587500;6313320;215;40
40596000;6314620;312;40
40604500;6315922;279;40
40613000;6317280;323;40
40621500;6318635;233;40
40630000;6319947;160;40
40638500;6321301;195;40
40647000;6322623;282;40
40655500;6323927;315;40
40664000;6325223;303;40
40672500;6326529;230;40
40681000;6327834;260;40
40689500;6329137;304;40
40698000;6330438;317;40
40706500;6331740;330;40
40715000;6333046;248;40
40723500;6334380;265;40
40732000;6335703;230;40
40740500;6337006;158;40
40749000;6338311;151;40
40757500;6339624;266;40
40766000;6340925;242;40
40774500;6342227;262;40
40783000;6343531;185;40
40791500;6344835;261;40
40800000;6346137;367;40
40808500;6347452;291;40
40817000;6348759;183;40
40825500;6350111;161;40
40834000;6351411;275;40
40842500;6352724;338;40
40851000;6354036;265;40
40859500;6355331;358;40
40868000;6356635;200;40
40876500;6357933;288;40
40885000;6359235;355;40
40893500;6360546;177;40
40902000;6361845;376;40
40910500;6363149;322;40
40919000;6364458;182;40
40927500;6365829;166;40
40936000;6367137;206;40
40944500;6368457;224;40
40953000;6369763;260;40
40961500;6371071;122;40
40970000;6372380;197;40
40978500;6373686;241;40
40987000;6374999;187;40
40995500;6376309;192;40
41004000;6377614;271;40
41012500;6378922;243;40
41021000;6380227;266;40
41029500;6381665;243;40
41038000;6382939;247;40
41046500;6384208;222;40
41055000;6385483;223;40
41063500;6386751;333;40
41072000;6388021;152;40
41080500;6389295;313;40
41089000;6390563;359;40
41097500;6391826;300;40
41106000;6393080;265;40
41114500;6394348;210;40
41123000;6395624;296;40
41131500;6396921;268;40
41140000;6398190;220;40
41148500;6399463;250;40
41157000;6400729;154;40
41165500;6402004;219;40
41174000;6403279;310;40
41182500;6404548;299;40
41191000;6405814;230;40
41199500;6407080;197;40
41208000;6408346;199;40
41216500;6409620;200;40
41225000;6410884;142;40
41233500;6412152;178;40
41242000;6413994;283;40
41250500;6415664;159;40
41259000;6417068;351;40
41267500;6418346;205;40
41276000;6419610;143;40
41284500;6420879;248;40
41293000;6422152;294;40
41301500;6423426;202;40
41310000;6424699;213;40
41318500;6425965;240;40
41327000;6427238;303;40
41335500;6428554;141;40
41344000;6429989;212;40
41352500;6431270;196;40
41361000;6432538;306;40
41369500;6433809;260;40
41378000;6435084;183;40
41386500;6436353;296;40
41395000;6437630;261;40
41403500;6438900;288;40
41412000;6440166;276;40
41420500;6441436;225;40
41429000;6442709;205;40
41437500;6443982;247;40
41446000;6445301;310;40
41454500;6446574;327;40
41463000;6447845;173;40
41471500;6449116;316;40
41480000;6450386;178;40
41488500;6451664;320;40
41497000;6452933;349;40
41505500;6454197;79;40
41514000;6455462;168;40
41522500;6456730;294;40
41531000;6458008;363;40
41539500;6459280;293;40
41548000;6460572;262;40
41556500;6461842;270;40
41565000;6463115;246;40
41573500;6464383;193;40
41582000;6465657;391;40
41590500;6466925;275;40
41599000;6468185;267;40
41607500;6469455;289;40
41616000;6470722;190;40
41624500;6471997;334;40
41633000;6473263;221;40
41641500;6474533;208;40
41650000;6475802;246;40
41658500;6477097;310;40
41667000;6478362;236;40
41675500;6479639;217;40
41684000;6480907;206;40
41692500;6482177;353;40
41701000;6483446;323;40
41709500;6484715;355;40
41718000;6485989;165;40
41726500;6487257;85;40
41735000;6488524;218;40
41743500;6489783;239;40
41752000;6491045;184;40
41760500;6492480;209;40
41769000;6493753;157;40
41777500;6495023;192;40
41786000;6496289;299;40
41794500;6497563;271;40
41803000;6498836;252;40
41811500;6500105;164;40
41820000;6501375;223;40
41828500;6502648;206;40
41837000;6503922;141;40
41845500;6505191;146;40
41854000;6506466;350;40
41862500;6507723;258;40
41871000;6509024;267;40
41879500;6510292;275;40
41888000;6511561;292;40
41896500;6512828;233;40
41905000;6514222;208;40
41913500;6515492;223;40
41922000;6516758;245;40
41930500;6518026;172;40
41939000;6519301;246;40
41947500;6520568;149;40
41956000;6521834;213;40
41964500;6523101;276;40
41973000;6524444;256;40
41981500;6525716;210;40
41990000;6526989;222;40
41998500;6528265;300;40
42007000;6529538;300;40
42015500;6530809;222;40
42024000;6532074;167;40
42032500;6533342;252;40
42041000;6534620;256;40
42049500;6535924;256;40
42058000;6537189;223;40
42066500;6538454;301;40
42075000;6539721;251;40
42083500;6541045;251;40
42092000;6542311;285;40
42100500;6543574;258;40
42109000;6544829;212;40
42117500;6546091;283;40
42126000;6547356;192;40
42134500;6548627;340;40
42143000;6549897;206;40
42151500;6551167;142;40
42160000;6552442;164;40
42168500;6553709;201;40
42177000;6554972;295;40
42185500;6556283;191;40
42194000;6557558;181;40
42202500;6558825;198;40
42211000;6560094;379;40
42219500;6561362;211;40
42228000;6562631;335;40
42236500;6563898;248;40
42245000;6565171;306;40
42253500;6566436;238;40
42262000;6567696;193;40
42270500;6568972;298;40
42279000;6570242;136;40
42287500;6571518;231;40
42296000;6572821;314;40
42304500;6574094;236;40
42313000;6575361;130;40
42321500;6576637;399;40
42330000;6577908;268;40
42338500;6579179;250;40
42347000;6580450;260;40
42355500;6581721;214;40
42364000;6582995;236;40
42372500;6584262;222;40
42381000;6585536;228;40
42389500;6586805;256;40
42398000;6588103;300;40
42406500;6589370;167;40
42415000;6590644;321;40
42423500;6591912;202;40
42432000;6593181;203;40
42440500;6594450;206;40
42449000;6595723;235;40
42457500;6596998;221;40
42466000;6598265;156;40
42474500;6599535;326;40
42483000;6600804;247;40
42491500;6602078;274;40
42500000;6603345;133;40
42508500;6604824;278;40
42517000;6606089;239;40
42525500;6607361;286;40
42534000;6608629;344;40
42542500;6609896;170;40
42551000;6611167;210;40
42559500;6612437;274;40
42568000;6613704;334;40
42576500;6614971;251;40
42585000;6616240;193;40
42593500;6617511;190;40
42602000;6618773;260;40
42610500;6620166;189;40
42619000;6621441;287;40
42627500;6622705;256;40
42636000;6623973;257;40
42644500;6625242;346;40
42653000;6626506;232;40
42661500;6627792;278;40
42670000;6629058;348;40
42678500;6630328;257;40
42687000;6631716;246;40
42695500;6633365;274;40
42704000;6634867;161;40
42712500;6636284;275;40
42721000;6637673;232;40
42729500;6639039;296;40
42738000;6640422;236;40
42746500;6641783;112;40
42755000;6643136;259;40
42763500;6644514;327;40
42772000;6645878;291;40
42780500;6647297;236;40
42789000;6648713;206;40
42797500;6650100;340;40
42806000;6651516;267;40
42814500;6652998;249;40
42823000;6654426;263;40
42831500;6655905;204;40
42840000;6657321;278;40
42848500;6658726;236;40
42857000;6660170;222;40
42865500;6661584;271;40
42874000;6663000;180;40
42882500;6664410;168;40
42891000;6665870;197;40
42899500;6667310;123;40
42908000;6668735;241;40
42916500;6670173;305;40
42925000;6671581;278;40
42933500;6673082;249;40
42942000;6674509;326;40
42950500;6675924;237;40
42959000;6677349;243;40
42967500;6678766;372;40
42976000;6680200;282;40
42984500;6681614;290;40
42993000;6683037;362;40
43001500;6684476;109;40
43010000;6685905;264;40
43018500;6687338;312;40
43027000;6688745;194;40
43035500;6690157;301;40
43044000;6691571;319;40
43052500;6692973;298;40
43061000;6694388;248;40
43069500;6695814;193;40
43078000;6697226;227;40
43086500;6698652;228;40
43095000;6700073;223;40
43103500;6701493;272;40
43112000;6702947;241;40
43120500;6704379;278;40
43129000;6705946;250;40
43137500;6707398;239;40
43146000;6708856;215;40
43154500;6710310;251;40
43163000;6711750;314;40
43171500;6713331;250;40
43180000;6714779;220;40
43188500;6716229;270;40
43197000;6717669;259;40
43205500;6719124;387;40
43214000;6720570;173;40
43222500;6722024;218;40
43231000;6723477;259;40
43239500;6724914;283;40
43248000;6726356;157;40
43256500;6727801;276;40
43265000;6729260;310;40
43273500;6730697;213;40
43282000;6732145;296;40
43290500;6733585;231;40
43299000;6735027;257;40
43307500;6736483;153;40
43316000;6737926;138;40
43324500;6739370;276;40
43333000;6740796;191;40
43341500;6742244;257;40
43350000;6743696;326;40
43358500;6745145;385;40
43367000;6746585;314;40
43375500;6748026;216;40
43384000;6749482;325;40
43392500;6750924;268;40
43401000;6752385;282;40
43409500;6753826;282;40
43418000;6755272;232;40
43426500;6756714;223;40
43435000;6758181;291;40
43443500;6759617;232;40
43452000;6761056;116;40
43460500;6762506;298;40
43469000;6763957;267;40
43477500;6765400;188;40
43486000;6766840;176;40
43494500;6768293;264;40
43503000;6769732;273;40
43511500;6771190;362;40
43520000;6772735;260;40
43528500;6774172;228;40
43537000;6775611;297;40
43545500;6777056;228;40
43554000;6778507;294;40
43562500;6779941;286;40
43571000;6781369;286;40
43579500;6782805;180;40
43588000;6784252;335;40
43596500;6785704;209;40
43605000;6787147;285;40
43613500;6788579;225;40
43622000;6790009;262;40
43630500;6791458;296;40
43639000;6792889;131;40
43647500;6794320;247;40
43656000;6795747;196;40
43664500;6797168;308;40
43673000;6798608;220;40
43681500;6800210;282;40
43690000;6801772;234;40
43698500;6803207;207;40
43707000;6804596;181;40
43715500;6805990;242;40
43724000;6807383;231;40
43732500;6808780;221;40
43741000;6810177;314;40
43749500;6811569;316;40
43758000;6812966;255;40
43766500;6814364;216;40
43775000;6815763;336;40
43783500;6817164;196;40
43792000;6818683;252;40
43800500;6820054;307;40
43809000;6821363;174;40
43817500;6822679;275;40
43826000;6823981;132;40
43834500;6825285;171;40
43843000;6826603;202;40
43851500;6827901;275;40
43860000;6829205;173;40
43868500;6830508;244;40
43877000;6831797;193;40
43885500;6833122;226;40
43894000;6834425;187;40
43902500;6835799;207;40
43911000;6837104;255;40
43919500;6838412;322;40
43928000;6839722;169;40
43936500;6841024;285;40
43945000;6842325;279;40
43953500;6843623;235;40
43962000;6844922;287;40
43970500;6846224;232;40
43979000;6847556;307;40
43987500;6848847;284;40
43996000;6850147;283;40
44004500;6851613;235;40
44013000;6852935;319;40
44021500;6854249;267;40
44030000;6855555;286;40
44038500;6856857;266;40
44047000;6858162;209;40
44055500;6859465;300;40
44064000;6860779;145;40
44072500;6862084;242;40
44081000;6863386;319;40
44089500;6864688;230;40
44098000;6865974;271;40
44106500;6867324;289;40
44115000;6868627;345;40
44123500;6869925;230;40
44132000;6871230;251;40
44140500;6872531;180;40
44149000;6873834;199;40
44157500;6875134;190;40
44166000;6876436;179;40
44174500;6877741;240;40
44183000;6879040;362;40
44191500;6880342;339;40
44200000;6881642;347;40
44208500;6883008;238;40
44217000;6884425;54;40
44225500;6885723;379;40
44234000;6887027;223;40
44242500;6888326;218;40
44251000;6889630;270;40
44259500;6890924;145;40
44268000;6892220;258;40
44276500;6893522;163;40
44285000;6894825;158;40
44293500;6896126;281;40
44302000;6897426;276;40
44310500;6898759;200;40
44319000;6900062;330;40
44327500;6901361;148;40
44336000;6902665;254;40
44344500;6903969;133;40
44353000;6905268;270;40
44361500;6906574;224;40
44370000;6907876;229;40
44378500;6909178;186;40
44387000;6910477;215;40
44395500;6911782;241;40
44404000;6913084;278;40
44412500;6914385;144;40
44421000;6915709;182;40
44429500;6917014;292;40
44438000;6918316;143;40
44446500;6919625;267;40
44455000;6920929;178;40
44463500;6922229;244;40
44472000;6923532;246;40
44480500;6924838;219;40
44489000;6926143;320;40
44497500;6927448;203;40
44506000;6928756;281;40
44514500;6930062;338;40
44523000;6931493;294;40
44531500;6932805;350;40
44540000;6934113;291;40
44548500;6935419;173;40
44557000;6936727;342;40
44565500;6938032;211;40
44574000;6939338;249;40
44582500;6940635;304;40
44591000;6941932;249;40
44599500;6943235;259;40
44608000;6944541;180;40
44616500;6945849;257;40
44625000;6947241;220;40
44633500;6948607;303;40
44642000;6949913;229;40
44650500;6951229;340;40
44659000;6952558;272;40
44667500;6953890;271;40
44676000;6955231;178;40
44684500;6956567;273;40
44693000;6957899;229;40
44701500;6959226;218;40
44710000;6960559;326;40
44718500;6961888;274;40
44727000;6963232;246;40
44735500;6964568;238;40
44744000;6965908;273;40
44752500;6967242;175;40
44761000;6968578;280;40
44769500;6969914;376;40
44778000;6971244;296;40
44786500;6972587;276;40
44795000;6973921;158;40
44803500;6975247;290;40
44812000;6976547;175;40
44820500;6977850;308;40
44829000;6979282;245;40
44837500;6980592;349;40
44846000;6981899;280;40
44854500;6983204;218;40
44863000;6984506;236;40
44871500;6985806;196;40
44880000;6987111;221;40
44888500;6988414;321;40
44897000;6989716;238;40
44905500;6991038;210;40
44914000;6992339;223;40
44922500;6993627;146;40
44931000;6995273;328;40
44939500;6996843;179;40
44948000;6998147;157;40
44956500;6999452;177;40
44965000;7000747;174;40
44973500;7002042;144;40
44982000;7003333;279;40
44990500;7004632;192;40
