10000 50000
0 1 1
0 2145 2
0 6107 22
0 6254 21
0 6721 17
0 7110 12
1 2 8
1 232 9
1 453 3
1 2707 23
1 6118 22
1 7205 13
1 9766 12
2 3 20
2 6041 11
2 7192 14
2 9119 9
3 4 20
3 180 9
3 2688 13
3 3169 23
3 4423 2
3 5000 21
4 5 1
4 95 7
4 880 16
4 2904 5
4 7569 21
4 8239 18
4 9526 3
5 6 13
5 2863 17
5 3372 8
5 6791 6
6 7 4
6 395 17
6 1034 9
6 2315 10
6 3461 8
6 5197 23
7 8 2
7 425 7
7 1274 9
7 1606 19
7 2906 16
7 7608 11
8 9 1
8 1084 2
8 1875 10
8 2368 10
8 4680 10
8 5207 8
8 6401 23
8 6992 13
9 10 5
9 76 17
9 1560 9
9 6648 15
9 7127 18
9 9732 10
10 11 5
10 1863 19
10 4167 22
10 4275 12
11 12 11
11 7832 15
11 8982 19
12 13 19
12 425 1
12 1119 23
12 2885 5
12 9122 6
13 14 5
13 67 12
13 716 13
13 2026 1
13 2570 8
13 5280 19
13 8438 2
14 15 21
14 536 4
14 5550 3
14 9060 23
15 7 3
15 16 12
15 7517 13
15 8201 22
15 8245 2
16 17 3
16 732 20
16 5232 16
16 8417 6
16 8938 17
16 9680 8
17 18 8
17 1012 15
17 7294 18
17 8232 3
18 19 6
18 1595 23
18 2934 3
18 4001 13
18 6329 21
19 20 11
19 2397 5
19 5792 21
19 5838 4
19 6330 12
19 7865 19
19 9696 11
19 9738 15
20 21 3
20 1417 5
20 1929 20
20 6302 20
20 9787 6
21 22 4
21 871 18
21 9279 23
22 23 12
22 867 12
22 879 15
22 1252 11
22 1766 15
22 4400 9
22 8355 20
23 24 15
23 3424 3
23 3817 12
23 6095 15
23 9683 1
24 25 21
24 2119 4
24 2170 5
24 3672 16
24 7959 15
24 8240 21
25 26 20
25 1313 1
25 6757 2
25 7025 2
26 27 23
26 1596 14
26 7056 15
27 28 3
27 668 1
27 702 15
27 3307 12
27 3332 15
28 29 9
28 925 10
28 1092 10
28 2328 7
28 8821 21
29 30 7
29 6301 3
29 7655 16
29 7937 5
29 9248 6
30 31 6
30 1463 5
30 3061 10
30 3125 20
30 5342 2
30 6907 21
30 7581 7
30 8381 17
31 32 7
31 891 18
31 1305 10
31 6789 18
31 8192 1
32 33 1
32 3511 23
32 6374 14
32 7888 3
32 8065 12
33 34 14
33 118 23
33 168 15
33 2143 17
33 3525 12
33 7060 16
33 7131 19
34 35 15
34 125 9
34 339 10
34 1346 1
34 6660 22
34 7441 5
34 8650 7
35 36 8
35 4809 3
35 5236 18
35 6317 17
36 37 4
36 4721 14
36 5971 20
36 9889 3
37 38 10
37 1431 10
37 1823 9
37 2022 15
37 2106 7
37 3853 10
37 7017 19
37 7216 22
37 9148 14
38 39 1
38 136 16
38 169 10
38 239 3
38 775 14
38 1297 16
38 7094 23
38 8500 5
38 9354 11
39 40 8
39 914 16
39 2263 14
39 2722 18
39 4620 20
39 4764 11
39 7307 2
39 8721 13
40 41 23
40 350 4
40 363 3
40 628 14
40 5278 23
40 9379 7
40 9495 20
41 42 1
41 283 10
41 953 4
41 3977 7
41 5660 11
41 5846 1
41 7492 13
42 43 4
42 90 20
42 1812 14
42 2792 20
42 4363 10
42 5982 8
42 6558 10
42 7423 10
43 44 2
43 1744 20
43 4401 13
44 45 19
44 5526 21
44 6102 18
44 7162 6
45 46 10
45 3810 13
45 5211 22
46 47 8
46 2796 12
46 5906 20
46 6705 10
46 9154 21
47 48 18
47 1031 1
47 1345 8
47 2036 2
47 2324 21
48 49 4
48 144 2
48 959 16
48 9560 7
49 50 2
49 53 22
49 8477 12
50 51 13
50 271 8
50 7855 7
50 9138 13
51 52 17
51 1366 4
51 2225 13
52 53 23
52 1128 18
52 4073 4
52 5325 16
52 6120 2
52 6832 8
52 7469 5
52 8482 13
53 54 13
53 940 17
53 1333 20
53 2557 21
53 3903 8
53 6387 14
53 6855 18
53 8012 10
54 55 2
54 755 20
54 922 1
54 2307 6
54 3354 16
54 3825 12
54 4787 19
54 5989 6
55 56 2
55 2021 23
55 4465 17
55 4965 8
55 5069 10
55 8618 3
55 9429 7
56 57 22
56 1793 3
56 4892 7
56 5223 18
56 6192 17
56 9237 13
56 9904 16
57 58 8
57 1166 9
57 4471 16
57 5405 16
57 5411 1
58 59 18
58 765 2
58 1101 21
58 4062 14
58 6876 5
59 60 16
59 993 17
59 6537 12
59 7283 14
60 61 21
60 3472 16
60 4189 19
60 5394 7
60 8862 5
60 9419 8
60 9635 12
61 62 18
61 1298 18
61 4927 6
61 5089 9
61 5362 6
61 6329 5
61 7019 6
61 9508 4
62 63 5
62 565 1
62 1362 23
62 2045 2
62 2766 4
62 4265 9
62 4368 15
62 5837 4
62 6021 17
62 8386 1
63 64 13
63 986 1
63 3499 15
63 8139 7
63 8385 11
63 8481 19
63 9517 13
64 65 14
64 1263 18
64 3957 13
64 5008 5
64 6230 15
65 66 7
65 1678 12
65 2122 10
65 5226 9
65 7802 6
66 67 23
66 2376 17
66 3400 14
66 5307 19
66 9218 23
67 68 10
67 3412 18
67 6508 13
68 69 8
68 3988 10
69 70 11
69 410 7
69 1529 14
69 2842 16
69 4450 10
69 6797 20
69 7770 7
69 9625 13
70 71 13
70 1581 23
70 2507 4
70 5303 15
70 5761 7
70 8268 2
70 9035 18
71 72 11
71 615 6
71 672 6
71 2196 9
71 3246 16
71 3254 18
72 73 23
72 169 13
72 6346 19
73 74 21
73 1292 16
73 1615 17
73 2690 23
73 4208 20
73 6779 17
74 75 3
74 837 19
74 1684 7
74 5674 19
74 9659 3
75 76 14
75 360 1
75 7182 6
75 7924 7
76 77 2
76 87 21
76 676 18
76 1245 19
76 1969 20
76 3631 15
77 78 23
77 1727 16
77 2585 9
77 6051 20
77 7070 17
77 8080 15
78 79 7
78 277 16
78 675 17
78 1317 17
78 1968 7
78 2769 17
78 6549 2
78 6798 10
78 7697 17
78 7777 5
78 9448 2
78 9884 9
79 80 1
79 226 1
79 1534 2
79 2212 20
79 2474 15
79 2738 13
79 2923 13
79 3620 23
79 6381 5
79 8248 17
80 81 6
80 4881 2
80 7453 21
80 8894 12
80 8988 20
80 9506 17
81 82 6
81 2425 9
81 4375 2
81 5282 15
81 5415 13
81 5441 15
81 8912 14
81 9387 3
82 83 5
82 1911 11
83 84 19
83 4802 6
83 9124 4
83 9626 16
84 85 17
84 810 5
84 1751 7
84 5556 2
84 7516 3
84 8640 21
84 8712 6
85 86 18
85 1419 17
85 2758 21
85 4645 2
85 5662 20
85 9867 10
86 87 6
86 535 23
86 1234 16
86 2530 21
86 3660 5
86 4552 23
86 6372 7
87 88 22
87 265 8
87 532 7
87 716 3
87 1016 18
87 1825 2
87 2397 19
87 3081 2
87 3132 22
87 4980 16
87 6690 14
87 9187 20
88 89 6
88 646 13
88 2100 13
88 2861 16
88 3188 15
88 4189 3
88 4925 3
88 6610 4
88 8782 21
88 9438 10
89 90 11
89 1723 22
89 2447 2
89 3336 6
89 4968 16
89 6103 23
89 6145 5
89 6735 7
90 91 9
90 873 23
90 1137 12
90 5919 1
90 7908 18
91 71 18
91 92 20
91 831 10
91 2989 1
92 93 23
92 1861 12
92 2037 4
92 6419 10
92 8795 15
92 9687 7
93 94 15
93 264 12
93 1248 6
93 1672 7
93 9409 7
93 9487 21
94 95 19
94 511 20
94 3916 11
94 9474 16
95 96 13
95 516 22
95 1872 4
95 2846 2
95 3414 22
95 4050 17
95 4537 21
95 7060 21
95 8343 14
96 97 17
96 1467 3
96 5452 18
96 7272 10
96 7367 20
97 98 15
97 949 17
97 1041 14
97 2028 4
98 99 7
98 524 20
98 2578 9
98 2591 7
98 3724 17
98 6727 23
98 7630 10
98 7952 16
98 8540 7
98 8983 4
99 100 7
99 468 20
99 1091 3
99 9710 12
100 11 4
100 101 23
100 3627 1
100 5502 21
100 6710 11
100 7324 15
100 8224 21
101 102 14
101 1159 11
101 2429 16
101 3997 14
101 4919 8
102 103 16
102 753 16
102 756 8
102 2485 23
102 5921 7
102 8420 5
103 104 21
103 2166 20
103 2208 21
103 5738 1
104 105 16
104 499 7
104 1708 22
104 2550 14
104 8448 10
105 106 3
105 484 2
105 6756 1
105 8236 23
106 107 7
106 1893 16
106 3251 6
106 5188 12
106 7536 22
106 7903 1
107 52 11
107 108 16
107 423 3
107 3571 13
107 6889 11
107 8764 13
108 109 10
108 804 11
108 2120 13
108 3968 21
108 4170 11
108 7288 5
109 110 22
109 751 14
109 5551 3
109 6455 1
109 8126 12
109 9710 12
110 111 17
110 795 14
110 2055 13
110 4402 10
110 5759 21
110 6116 6
110 8410 18
111 112 13
111 4839 12
111 4858 4
111 5288 5
111 9930 2
112 113 8
112 614 14
112 1113 23
112 1559 12
112 4415 17
113 114 6
113 2213 17
113 6709 1
113 6830 9
113 7469 10
113 8605 5
113 9387 2
113 9770 21
114 115 5
114 8594 1
115 116 6
115 238 12
115 1059 23
115 2875 10
115 4523 6
115 5216 18
115 5330 10
115 5602 5
115 6297 17
115 8397 21
115 8449 6
116 117 1
116 4653 4
116 5066 23
116 5400 23
116 8012 3
116 8310 18
116 9447 8
117 118 3
117 2419 4
117 7346 16
117 8338 20
118 119 4
118 1606 10
118 2949 12
118 4055 15
118 8375 12
118 8733 10
118 8813 22
119 120 5
119 1216 7
119 4875 9
119 8955 11
120 121 7
120 617 20
120 2376 16
120 4612 13
121 122 23
121 1862 19
121 3534 14
121 3988 18
121 7260 11
121 9433 19
122 123 12
122 153 21
122 511 23
122 5898 23
122 6496 7
122 7591 2
123 124 4
123 159 20
123 1742 1
124 125 21
124 2938 1
124 3695 18
124 6246 1
124 7199 10
124 8353 17
125 110 10
125 126 2
125 6831 20
126 127 5
126 464 3
126 9150 17
127 128 22
127 2425 10
128 129 21
128 1131 10
128 1768 16
128 2019 4
128 4043 16
128 4799 14
128 6558 16
129 102 11
129 130 15
129 3806 23
129 5955 5
129 6719 17
129 6922 19
130 61 6
130 131 18
130 1801 12
130 1925 11
130 2834 11
130 3927 13
130 5307 8
130 6266 8
130 9591 3
131 132 14
131 2579 9
131 2755 11
131 4081 14
131 6979 9
131 8383 17
132 133 10
132 1323 22
132 4328 21
132 4907 13
132 7797 17
133 134 5
133 2919 3
133 5577 5
133 9135 11
133 9312 12
134 135 8
134 1866 5
134 2471 6
134 2539 2
134 4868 6
134 5839 21
134 6165 22
134 9568 11
135 136 23
135 2726 2
135 9935 7
136 137 15
136 201 16
136 5542 2
136 5600 9
136 6056 16
136 7471 11
136 9245 6
137 138 19
137 581 8
137 2722 15
137 3273 19
137 5767 12
138 78 14
138 139 8
138 3555 9
138 6305 6
138 8172 23
138 9682 5
139 140 5
139 794 1
139 1988 7
139 6156 11
139 9450 3
140 141 9
140 304 17
140 5795 20
141 135 22
141 142 20
141 1686 17
141 2454 8
141 6157 20
141 7417 14
141 9827 8
141 9901 23
142 143 13
142 1341 15
142 1359 12
142 2565 6
142 9605 9
143 144 1
143 4278 23
143 5797 10
143 6833 11
143 8707 4
143 9007 3
144 145 8
144 1459 11
144 3342 1
144 6476 11
144 9194 9
144 9620 9
144 9750 5
145 146 14
145 1124 9
145 4273 23
145 6121 14
145 8570 10
146 147 12
146 317 10
146 486 11
146 1185 15
146 6428 6
146 8770 10
146 9093 21
146 9169 23
147 148 7
147 1157 13
147 1884 14
147 4039 19
147 6188 12
147 7607 5
148 149 23
148 554 17
148 3123 8
148 7087 23
148 8033 19
148 8186 14
148 9299 7
149 150 18
149 202 11
149 1756 22
149 1956 19
149 2020 20
149 4499 21
149 9070 12
150 151 18
150 5383 4
150 6087 1
150 7833 8
150 9116 3
151 6 15
151 152 3
152 153 5
152 1401 8
152 1961 7
152 2019 19
152 4627 18
153 137 1
153 154 16
153 432 15
153 2088 13
153 3816 10
153 5738 22
153 9275 9
154 155 2
154 841 18
154 1046 6
154 2241 5
154 8798 16
155 156 5
155 1643 22
155 2308 3
155 2334 21
155 2578 4
155 3305 18
155 8494 23
155 8926 5
155 9418 19
156 157 5
156 1259 14
156 2619 18
156 5291 4
156 5669 18
157 121 5
157 158 16
157 946 11
157 2283 12
157 4083 3
157 4179 12
157 6823 7
157 7000 21
158 159 9
158 4107 4
158 4592 23
158 5312 1
158 5581 17
158 6050 13
159 160 17
159 469 17
159 835 19
159 1635 17
159 3357 12
159 7211 22
160 141 1
160 161 21
160 311 17
160 1658 5
160 3962 4
160 9521 17
160 9833 13
161 162 11
161 4464 9
161 6929 5
162 163 13
162 2050 21
162 7076 10
163 164 12
163 3060 22
163 3586 5
163 9005 14
164 165 12
164 405 8
164 1112 23
164 3527 6
164 5851 3
164 5960 16
165 166 20
165 4441 11
165 6442 18
165 7521 18
165 8492 12
165 8552 20
166 167 11
166 1693 8
166 2896 7
166 3750 19
166 7992 6
167 168 20
167 1268 11
167 1316 13
167 1598 9
167 2104 2
167 2292 16
167 5517 4
167 7946 11
167 8823 6
168 169 18
168 2047 5
168 5696 11
168 7843 8
168 9048 23
169 170 16
169 3947 23
169 4441 13
169 6783 4
170 171 6
170 5286 19
170 5981 21
170 7080 15
170 7562 4
170 9056 12
171 172 5
171 6421 22
171 6811 16
172 173 5
172 2186 2
172 3152 8
172 3453 1
172 5748 17
172 6615 13
172 7219 11
173 174 21
173 301 3
173 7832 4
173 9708 16
174 175 8
174 1902 20
174 2517 13
174 4337 18
174 6165 1
174 6327 22
174 6689 22
175 176 18
175 1804 12
175 3104 9
175 5932 14
175 8148 2
175 8555 2
175 9643 13
176 177 13
176 3866 9
176 7641 5
176 9319 7
177 178 5
177 1391 16
177 2471 16
177 5573 21
177 6706 7
177 8000 6
177 9730 6
178 125 14
178 179 7
178 2898 2
178 8325 11
179 180 2
179 1375 23
179 3417 18
179 3478 8
179 4624 18
179 5129 1
179 5648 17
179 7293 21
179 7886 6
179 8244 20
179 9408 10
180 181 22
180 318 10
180 1059 23
180 1193 3
180 1585 5
180 3655 13
180 3768 7
180 4215 20
180 7003 23
180 9318 8
180 9796 20
181 182 15
181 396 20
181 1663 2
181 4330 11
181 5178 8
181 6079 23
181 8602 2
182 183 22
182 2296 3
182 4639 8
182 4857 13
182 5453 9
182 6768 1
182 7217 1
183 184 17
183 216 17
183 1590 14
183 3062 1
183 7210 14
183 7848 7
183 9120 3
183 9956 11
184 185 12
184 2239 13
184 2704 12
184 5211 9
184 9217 2
185 186 13
185 1921 13
185 2353 7
185 7352 3
186 187 11
186 3916 15
186 5102 15
186 8729 20
187 188 18
187 4851 20
187 5485 23
187 8278 15
187 8412 12
188 189 15
188 3210 3
188 3659 3
188 4655 22
188 7528 15
188 8351 5
188 8759 15
189 158 14
189 190 3
189 4664 13
189 6220 13
190 106 15
190 191 21
190 1937 1
190 2237 10
191 192 8
191 672 20
191 864 23
191 3478 11
191 3514 7
191 3986 13
191 5884 2
191 6235 2
191 6832 17
191 8283 3
192 38 19
192 193 7
192 267 17
192 327 1
192 5613 17
192 6508 10
192 7719 20
193 194 8
193 2067 7
193 2335 20
193 3271 10
194 195 5
194 3823 17
194 5600 21
194 5938 18
194 6383 2
194 8008 17
194 8541 19
195 196 17
195 200 10
195 2327 9
195 2532 20
195 3506 13
195 4673 13
195 7779 15
196 197 21
196 274 6
196 2473 2
197 198 21
197 330 19
197 771 22
198 199 19
198 1209 9
198 1623 18
198 7634 21
198 8858 15
199 200 23
199 4257 3
200 179 23
200 201 10
200 2372 12
200 5316 15
200 8768 20
201 202 10
201 2301 1
201 2319 1
201 7975 20
202 203 12
202 698 15
202 1227 21
202 2773 19
202 7328 8
202 9979 5
203 204 15
203 579 20
203 626 12
203 1357 18
203 5311 22
203 6108 5
203 7317 5
204 205 18
204 2449 17
204 3152 22
204 5419 15
204 5650 6
204 7110 3
204 7226 14
204 8999 18
205 206 16
205 1762 18
205 1788 5
205 3028 6
206 207 14
206 1089 20
206 1179 9
206 5192 1
206 5990 12
207 208 20
207 1749 22
207 4577 7
207 5923 22
208 4 1
208 209 18
208 792 4
208 2377 3
208 5443 17
208 5528 14
208 5726 19
208 6827 13
208 6828 23
208 7804 21
208 8381 1
208 8720 7
208 9664 6
209 210 10
209 426 21
209 5878 11
210 211 18
210 2502 16
210 3118 11
210 3600 22
210 8374 20
211 212 12
211 1610 12
211 1760 7
211 2682 12
211 8883 1
212 213 19
212 597 6
212 4706 20
212 9857 4
213 214 17
213 997 12
213 1130 13
213 1581 23
213 2466 18
213 3630 8
213 4563 4
214 215 3
214 1992 1
214 2719 5
214 4626 19
214 6903 10
215 216 1
215 2457 6
215 3214 23
216 217 19
216 1137 4
216 2836 16
216 3844 7
216 4108 4
216 7927 23
216 7981 9
216 9556 23
217 218 14
217 3035 17
217 6281 18
217 6514 10
217 8352 2
218 219 13
218 2477 7
218 5987 2
218 9723 7
219 220 14
219 4476 22
219 5850 15
219 7094 14
219 8220 4
219 9135 13
220 221 10
220 1153 2
220 1723 13
220 2866 15
220 3344 23
220 4045 8
220 5398 16
220 5904 19
220 6493 22
221 222 6
221 649 12
221 3464 7
221 3636 15
221 6715 16
221 7774 6
222 223 11
222 1681 20
222 2263 4
222 3592 5
222 5972 11
222 8439 21
222 9211 3
223 224 22
223 2521 19
223 9798 10
224 225 18
225 226 8
225 845 11
225 1313 18
225 1367 19
225 2892 2
225 7027 18
226 227 4
226 642 22
226 750 7
226 2395 10
226 4841 3
226 8197 17
226 8309 21
227 228 12
227 631 5
227 1419 20
227 3096 7
227 3470 6
227 3714 1
227 4651 13
227 6553 10
227 7277 14
227 9303 7
227 9327 7
227 9856 22
228 229 14
228 501 9
228 1282 6
228 8167 9
228 9782 21
229 53 13
229 230 3
229 306 17
229 1248 12
229 2878 15
229 4677 18
229 6159 4
229 9670 14
229 9887 23
230 231 16
230 1250 22
230 4363 20
230 5942 2
230 6020 18
230 6138 2
230 6804 15
230 9814 3
231 232 4
231 7278 23
231 8125 9
231 8385 12
231 8429 20
232 233 5
232 1609 21
232 7398 5
232 8159 3
233 234 20
233 409 15
233 646 7
233 779 18
233 2795 22
233 4159 18
233 5035 23
233 6338 11
233 9578 7
234 235 15
234 2238 8
234 4168 23
234 4729 8
234 5940 12
234 7178 18
234 8280 11
235 236 1
235 809 4
235 2810 1
235 6558 2
235 9769 16
236 237 2
236 393 12
236 1403 23
236 4357 10
236 4426 16
236 9018 15
237 145 5
237 238 17
237 948 3
237 1641 15
237 2428 15
237 2463 17
237 3890 6
237 6878 22
237 9779 2
238 239 23
238 351 5
238 1292 5
238 2736 1
238 3067 23
238 4484 6
238 8810 18
239 240 17
239 620 18
240 241 4
240 1111 2
240 5679 18
240 5891 7
240 7117 17
241 242 13
241 741 18
241 1760 21
241 1936 18
241 7393 6
241 8478 6
241 9394 4
242 243 2
242 265 14
242 1548 10
242 5669 6
243 244 19
243 6670 15
243 8096 10
243 8866 17
244 245 13
244 911 8
244 4039 21
244 4047 13
244 5505 11
244 6762 21
244 6784 17
244 6822 1
244 7700 23
244 7770 13
244 8932 5
245 246 4
245 7056 23
245 7425 5
245 8348 15
245 8717 13
246 247 19
246 372 20
246 706 5
246 743 12
246 1024 23
246 1670 19
246 1878 11
246 2506 17
246 3870 12
246 9655 2
247 248 19
247 1479 9
247 3049 11
247 4508 5
247 5599 20
247 7943 21
247 9799 13
248 249 7
248 6233 1
248 6402 18
248 6775 16
248 6879 2
248 9203 3
249 250 20
249 1435 23
249 5009 11
249 6968 23
250 251 8
250 3875 10
250 4635 23
250 5576 16
251 80 12
251 252 19
251 5088 2
252 137 21
252 203 13
252 253 10
252 1392 13
252 2753 13
252 3650 12
252 5848 23
252 5912 7
252 6904 7
252 8328 7
252 9215 22
253 254 14
253 708 12
253 1396 21
253 2130 19
253 3671 8
253 6575 12
253 8194 13
253 8319 13
254 255 9
254 2755 17
254 6449 4
254 6968 6
254 9055 23
255 256 2
255 3550 13
255 3817 22
255 4788 13
255 6590 22
255 7847 18
256 257 11
256 1854 3
256 2056 12
256 7248 7
256 8689 9
257 258 21
257 6128 4
258 259 6
258 2138 19
258 2867 2
258 3783 20
258 4021 2
258 5004 18
258 6882 22
258 9049 13
259 253 23
259 260 1
259 1016 5
260 261 12
260 860 15
260 3200 13
260 9194 8
261 172 5
261 262 23
261 670 23
261 844 17
261 1805 17
261 2391 10
261 4858 8
262 263 8
262 698 3
262 4416 12
262 5239 19
262 6621 18
262 7430 16
262 8084 9
262 8671 22
263 264 15
263 405 5
263 417 19
263 732 1
263 1253 18
263 4154 10
263 7601 4
263 8048 4
264 265 11
264 546 20
264 6446 16
264 8834 3
265 266 8
265 1162 21
265 1668 17
265 2597 10
265 3127 17
265 6257 14
265 6524 5
265 9251 4
266 267 18
266 977 16
266 4506 19
266 4777 10
267 268 16
267 579 7
267 1589 8
267 6169 20
267 8039 20
267 8620 1
268 269 13
268 1820 9
268 3548 17
268 3657 16
268 9564 5
269 270 9
269 896 20
269 1030 10
269 3295 22
269 9696 19
270 271 3
270 614 1
270 963 3
270 3211 20
270 3295 22
270 5085 2
270 5147 19
270 5941 8
270 7324 1
270 9559 10
271 272 10
271 1309 1
271 1650 15
271 7918 12
271 8157 3
272 273 17
272 540 20
272 1323 10
272 1772 21
272 4633 12
272 5550 16
272 7096 15
272 9099 8
273 274 12
273 523 7
273 1149 5
273 1571 5
273 3546 20
274 275 11
274 2814 2
274 2901 12
274 2947 13
274 3064 15
274 5289 22
274 7121 9
274 7550 3
274 8554 23
275 276 7
275 1690 5
275 3046 10
275 6882 5
275 6969 4
275 8605 17
275 8632 16
276 277 20
276 282 15
276 606 21
276 2164 4
276 4159 18
277 278 3
277 1010 23
277 1910 3
277 5162 6
277 5189 5
277 5330 18
277 7698 9
277 7814 10
277 9807 13
278 244 7
278 279 22
278 2591 17
279 51 6
279 280 6
279 925 2
279 3369 6
279 3601 5
279 4761 4
279 8043 3
279 9270 7
279 9563 4
279 9617 23
280 281 21
280 7335 22
280 7426 2
281 282 20
281 5358 17
281 5663 20
281 9530 18
281 9993 8
282 283 5
282 352 12
283 98 8
283 284 5
283 1193 13
283 1619 16
283 1882 17
283 3299 19
283 6059 10
283 9360 9
284 252 15
284 285 3
284 1028 2
284 6740 21
285 286 4
285 1682 13
286 94 9
286 287 20
286 835 11
286 3180 2
286 6305 11
286 8089 16
286 8564 10
287 288 1
287 4525 20
287 4682 3
287 5528 21
287 8054 5
287 9387 14
287 9481 19
287 9504 23
288 289 11
288 1715 13
288 5164 22
288 5507 9
288 6766 12
288 7875 21
288 9295 15
288 9413 8
289 119 19
289 290 11
289 8627 14
290 291 8
290 1010 17
290 3996 10
290 4176 15
290 6071 2
290 7731 4
291 292 9
291 961 22
291 3036 1
291 5135 15
291 5891 17
291 7731 18
291 8460 12
292 293 1
292 3098 8
292 4140 7
292 5463 17
292 7004 9
292 8364 14
292 9314 5
292 9779 17
293 294 11
293 7204 15
293 8512 22
293 9288 13
294 295 3
294 748 12
294 2174 17
294 4328 10
294 8919 21
295 296 8
295 2612 20
295 3215 23
295 5505 1
295 5855 16
295 9911 20
296 297 21
296 3288 11
296 4783 13
297 298 13
297 2826 22
297 3139 1
297 3981 5
297 6100 1
297 6631 13
297 6802 23
297 7077 4
297 7199 18
297 9724 23
297 9797 6
298 299 22
298 1656 3
298 3147 16
298 4987 12
298 5563 14
298 6206 8
298 6268 20
298 6714 9
298 8116 16
298 9226 3
298 9995 19
299 300 21
299 1604 18
299 3808 8
300 301 16
300 4516 13
300 7696 19
301 302 15
301 2522 23
301 3088 2
301 4540 13
302 303 2
302 1257 4
302 1764 8
302 3663 19
302 4118 15
302 7614 14
302 8255 21
303 304 22
303 4922 2
303 5286 18
303 8969 8
304 305 5
304 7477 16
304 9828 4
305 306 16
305 496 14
305 837 12
305 867 9
305 1013 10
305 1812 6
305 5406 2
305 5490 1
305 6075 20
305 7359 2
306 307 11
306 2120 5
306 4803 3
306 5177 6
306 8690 3
307 140 22
307 308 20
307 7979 19
307 9105 19
308 309 11
308 2336 21
308 3203 14
308 6162 18
309 310 23
309 1491 6
309 3039 14
309 4512 10
309 6769 13
310 311 1
310 5516 8
310 7556 17
311 312 12
311 622 8
311 820 10
311 1592 3
311 4204 4
311 7271 6
311 7934 14
312 313 21
312 579 10
312 5304 19
312 7467 16
312 7714 7
312 7920 10
312 8679 2
313 46 7
313 314 14
313 2185 11
313 5055 1
313 8155 8
314 315 13
314 2115 12
314 2299 18
314 4784 20
314 5360 22
314 5724 23
314 6334 5
314 8545 4
315 97 4
315 316 12
315 3405 18
315 6169 1
315 7982 7
315 8382 15
316 317 3
316 653 7
316 697 12
316 4433 21
316 8987 3
317 318 2
317 3034 15
317 3066 7
317 5477 10
317 9622 23
318 319 19
318 661 10
318 1960 10
318 3080 10
318 3417 20
318 7851 20
319 320 22
319 3245 10
319 4169 15
319 5047 2
320 303 2
320 321 8
320 3901 6
320 4835 23
320 7261 20
320 8620 5
321 322 9
321 2353 10
322 323 3
322 1049 21
322 1545 19
322 3012 17
322 6407 7
323 324 1
323 2388 3
323 2662 17
323 4402 6
323 4942 6
323 8674 21
324 325 12
324 336 12
324 685 9
324 3072 21
325 326 11
325 1275 11
325 2119 7
325 2345 14
325 2478 12
325 2637 9
325 6241 7
325 8675 16
325 9228 8
326 327 18
326 731 17
326 1800 15
326 2231 1
326 2879 6
326 4758 12
326 5734 22
326 6150 13
326 6912 9
326 7113 23
327 328 4
327 1069 23
327 5623 22
328 329 15
328 3956 6
328 5657 18
328 6833 18
328 7519 21
329 330 1
329 605 20
329 3693 14
329 5709 15
329 8567 2
329 9724 1
330 331 18
330 4562 3
330 5396 11
330 6358 13
331 332 22
331 4273 8
332 298 4
332 333 8
332 2450 13
332 7750 11
332 8857 18
333 250 5
333 334 22
333 3195 16
334 6 20
334 31 2
334 335 1
334 707 7
334 3300 7
334 4504 23
334 7678 22
334 8927 5
335 336 13
335 795 19
335 8757 11
336 337 20
336 1886 9
336 2481 17
336 2589 3
336 4652 21
336 6176 4
336 6597 16
336 6896 3
336 8701 7
337 338 5
337 2636 15
337 2714 14
337 6286 13
337 8327 8
338 339 14
338 747 20
338 1039 20
338 1680 19
338 5442 6
338 6705 13
338 8195 21
339 340 5
339 863 6
339 2925 6
339 5138 21
339 6222 8
339 9129 8
340 180 15
340 341 12
340 995 2
340 2198 1
340 2506 23
340 3151 14
340 3884 3
341 342 14
341 992 18
341 1074 23
341 1128 18
341 2633 10
341 4865 23
341 5185 1
341 6249 20
342 343 15
342 1142 11
342 1401 20
342 2745 19
342 5470 6
342 5919 7
342 8194 5
342 9626 8
343 344 22
343 2851 22
343 3144 10
343 3302 5
343 5448 9
344 345 23
344 1353 13
344 5653 10
344 6102 23
344 9316 23
344 9339 23
344 9506 19
345 346 21
345 931 23
345 1688 2
345 5627 15
345 7470 20
345 7512 4
346 347 17
346 5211 2
347 348 10
347 519 15
347 3032 2
347 3285 1
347 3784 6
347 4842 16
347 8355 19
348 349 9
348 894 21
348 1513 19
348 2600 4
348 6365 1
348 6734 17
348 8447 11
349 350 19
349 6435 2
349 7306 15
350 351 17
350 1266 17
350 3294 12
350 3445 13
350 4830 8
350 7520 11
350 8274 1
351 352 9
351 9373 23
352 353 10
352 485 22
352 523 10
352 1128 14
352 3374 6
352 3768 19
352 8234 23
352 8327 3
352 8758 17
353 354 3
353 864 1
353 1571 9
353 1724 9
353 9046 7
353 9747 23
354 355 8
354 620 7
354 2552 16
354 5536 11
354 9016 14
355 301 9
355 356 23
355 4434 18
355 4915 14
355 6321 10
355 7728 8
355 9554 2
356 357 3
356 1022 10
356 1805 11
356 3500 13
356 4494 13
356 5771 15
356 5830 20
356 6562 13
356 8590 20
357 45 13
357 358 16
357 550 19
357 1783 15
357 1939 2
357 4248 19
357 4956 9
357 5380 18
357 5453 16
357 7298 11
357 9630 12
358 359 21
358 1185 9
358 1643 19
358 1772 23
358 5476 14
359 360 17
359 880 9
359 1481 15
359 1861 4
359 5703 13
359 6512 2
359 8651 5
360 75 4
360 361 1
360 922 1
360 1396 11
360 1519 9
360 5402 7
360 5815 23
360 7370 18
360 7513 3
360 9741 3
361 362 9
361 3119 4
361 7535 1
362 363 4
362 541 16
362 5725 22
363 364 13
363 873 4
363 1567 23
363 1706 8
363 5545 7
363 6360 2
364 100 18
364 365 19
364 3819 9
364 5647 21
364 6895 20
364 9061 9
365 366 15
365 3968 13
365 5485 23
365 6649 14
365 7333 13
365 7345 6
365 8610 23
366 367 8
366 3328 21
366 4861 2
366 5073 2
366 8249 15
367 368 8
367 5639 21
367 5854 17
367 8578 11
367 9214 10
368 369 4
368 3388 17
368 5962 5
368 6851 12
369 370 14
369 949 3
369 1451 2
369 1508 13
369 1817 10
369 3085 23
369 3259 11
369 5583 19
369 8734 13
369 9510 12
370 371 6
370 4897 15
370 6340 16
370 6490 2
370 9176 16
371 372 8
371 1140 12
371 1296 2
371 2387 17
371 7190 17
372 373 12
372 461 6
372 2553 7
372 4179 15
372 5331 18
372 6165 15
372 7505 17
372 8560 20
373 107 16
373 374 10
373 3419 1
373 6104 21
373 6263 11
373 7851 9
373 9047 1
373 9658 6
374 375 19
374 513 16
374 900 21
374 2932 9
374 3535 10
374 6872 11
374 7764 9
374 7935 16
375 376 17
375 1305 13
375 1672 13
375 2273 8
375 2473 20
375 7767 11
375 7914 16
375 8816 3
376 377 9
376 2193 3
376 4053 10
377 378 20
377 2166 3
378 330 5
378 379 22
378 1688 22
378 2059 15
378 2198 13
378 2363 17
378 5222 16
378 7113 1
379 380 13
379 7070 12
379 8611 14
379 8734 2
379 9007 17
380 110 15
380 381 3
380 871 3
380 2155 22
380 6208 4
380 6505 13
381 382 15
381 722 22
381 1420 22
381 3177 21
381 4925 2
381 5172 19
381 7017 4
382 383 7
382 1461 13
382 2884 23
382 6366 11
382 9975 22
383 384 20
383 743 20
383 2662 22
383 3394 23
383 4453 11
383 7231 10
383 8045 20
384 385 23
384 405 8
384 1801 18
384 2265 12
384 2847 4
385 386 5
385 1450 15
385 2327 1
385 2719 17
385 6768 20
386 110 1
386 158 15
386 387 6
386 451 14
386 2301 14
386 4449 22
386 5571 11
386 6955 22
386 9949 19
387 388 12
387 1569 23
387 2157 22
387 3215 16
387 7111 14
387 8508 22
388 389 1
388 2679 19
388 5067 19
388 9585 4
389 71 10
389 390 10
389 1796 17
389 3874 16
389 5173 9
389 6348 1
389 6411 10
390 41 22
390 391 11
390 403 5
390 8985 8
390 9075 3
391 392 14
391 7761 11
391 9711 14
392 194 6
392 393 14
392 791 16
392 944 17
392 957 10
392 2043 7
392 3754 23
392 5191 18
392 6030 23
393 394 2
393 1985 10
393 2275 7
393 3707 22
393 6479 14
394 395 3
394 1217 16
394 1691 15
394 2210 21
394 3482 4
394 4333 1
394 4649 2
394 6477 1
394 7356 16
394 8172 6
394 8471 16
395 396 22
395 6714 18
395 8098 11
395 8412 4
395 8717 14
395 9326 4
396 52 13
396 397 14
396 1042 4
396 3328 2
396 5528 11
396 5695 12
396 5884 6
396 7950 4
397 398 23
397 3464 22
397 3927 5
397 4073 13
398 399 22
398 2271 16
398 5866 9
398 7254 14
399 173 23
399 400 9
399 5545 13
399 8101 11
399 9013 16
400 327 22
400 401 6
400 5762 5
401 402 18
401 6386 16
401 7365 4
401 9349 23
401 9604 21
402 403 1
402 3268 4
402 5178 11
402 5858 23
402 7990 2
403 404 17
403 4128 9
403 8452 15
404 405 16
404 4237 9
404 6415 11
404 7003 15
404 9100 10
405 406 7
405 2669 12
405 4659 19
405 8457 3
405 8495 23
405 9040 10
406 49 22
406 407 20
406 411 5
406 5598 2
406 7773 2
406 9171 16
407 335 13
407 408 18
407 3156 17
407 4247 19
407 5138 23
407 6732 1
408 409 22
408 584 11
408 1331 7
408 1898 12
408 8265 1
408 8922 14
408 8991 13
409 410 2
409 5860 17
409 6463 20
409 7376 4
409 9213 16
409 9370 16
409 9838 15
410 288 6
410 411 4
410 2884 19
410 7925 9
410 8525 15
410 9149 7
411 412 16
411 717 21
411 2755 13
411 3340 13
411 8513 15
411 8994 17
412 413 16
412 1950 4
412 4266 12
412 9560 22
413 414 23
413 1004 5
413 1584 14
413 2137 20
413 7563 1
413 8776 11
413 9498 22
413 9971 10
414 415 8
414 2365 9
414 3366 9
414 5619 5
414 7241 6
415 416 16
415 937 16
415 1707 3
415 1936 3
415 3254 5
415 3658 9
415 5325 1
415 9407 14
415 9684 6
416 400 3
416 417 18
416 4698 10
416 7030 2
416 7975 8
416 9164 17
417 418 5
417 494 12
417 690 22
417 937 22
417 2065 16
417 2499 18
417 2895 23
417 5883 11
417 7840 8
418 419 1
418 2576 13
418 3196 18
418 9662 17
419 420 21
419 1737 11
419 2833 3
419 5351 11
419 8231 12
420 392 3
420 421 6
420 1346 4
420 1444 15
420 3265 13
420 3848 4
420 7811 12
420 7927 5
420 8260 11
420 9108 23
420 9896 20
421 422 8
421 1113 8
421 1752 14
421 2918 5
421 3222 14
421 6775 13
421 8185 9
421 9445 10
422 423 16
422 3804 12
422 3829 4
422 4312 17
422 8390 5
423 67 10
423 424 2
423 3667 20
423 5253 3
423 5841 6
424 326 2
424 425 11
424 584 13
424 4474 1
424 6585 17
424 7295 19
425 426 16
425 2934 4
425 3759 19
425 4919 16
425 5701 10
425 9886 16
426 427 13
426 511 18
426 3756 13
426 4022 16
426 8244 19
426 9378 8
426 9485 5
427 428 3
427 2739 8
427 5711 16
427 6503 1
428 220 14
428 429 4
428 947 10
428 1030 7
428 6563 4
429 430 8
429 669 10
429 5335 19
429 6551 9
429 8454 15
429 9660 3
430 431 11
430 621 10
430 1108 20
430 2992 16
430 4134 16
430 9835 13
431 432 13
431 535 3
431 2157 1
431 2252 7
431 3461 14
431 4943 13
431 7641 20
431 8417 13
431 8844 4
432 433 15
432 4228 18
432 6507 5
433 434 1
433 4865 13
433 5180 14
434 30 17
434 435 21
434 914 17
434 1718 20
434 2742 3
434 2779 23
434 4305 6
434 5249 7
434 5599 10
435 436 10
435 1386 5
435 1909 10
435 2388 2
435 2644 20
435 4110 22
435 6189 23
435 7264 9
435 8068 9
436 437 4
436 1233 12
436 5244 22
436 7542 23
436 8678 19
436 9689 7
437 438 10
437 3260 3
437 5249 20
437 6024 9
437 6189 8
437 9711 1
438 439 15
438 1062 3
438 5599 18
438 5737 2
438 7089 21
438 8019 7
438 8291 19
439 440 12
439 1437 16
439 2626 6
439 5021 17
439 5372 16
439 8687 6
440 337 8
440 441 4
440 1536 12
440 5997 6
440 6247 18
441 398 13
441 442 11
441 1501 14
441 2577 12
441 5174 23
442 443 8
442 2874 3
442 3333 8
442 3761 2
442 4752 6
442 5965 2
442 9855 3
443 444 2
443 1941 3
443 4420 23
443 4758 4
443 4796 19
443 6498 23
443 7143 5
443 7843 3
443 8254 15
443 8342 5
443 9411 7
444 305 14
444 445 15
444 1035 12
444 2152 2
444 4219 23
444 6781 9
444 9181 7
445 446 10
445 1173 15
445 1250 20
445 8930 5
446 447 17
446 2593 2
446 3408 2
446 6499 12
447 448 8
447 595 4
447 630 9
447 1648 5
447 7837 2
447 8752 9
448 449 15
448 1334 8
448 5746 13
449 362 10
449 450 17
449 455 22
449 554 17
449 2760 23
449 2890 21
449 3196 20
449 3215 4
449 5057 13
449 9574 21
450 451 6
450 3469 14
450 7706 1
450 9746 21
451 172 22
451 452 21
451 1785 22
451 1977 7
451 2145 15
451 4170 7
451 5814 23
451 7840 4
451 9958 14
452 321 23
452 453 18
452 836 21
452 1328 19
452 5020 16
452 8687 16
453 454 2
453 628 18
453 663 20
453 5936 14
454 407 19
454 455 17
454 2620 9
454 4647 5
454 5630 16
454 8125 19
455 456 14
455 1048 18
455 2853 4
455 3414 16
455 5582 7
455 6876 12
455 7083 17
455 8124 10
456 457 20
456 2151 6
456 6982 6
456 7826 20
457 458 20
457 1122 21
457 1751 17
457 7169 22
457 9302 19
457 9861 6
458 238 21
458 459 7
458 917 8
458 4936 7
458 6120 21
459 460 8
459 3768 4
459 7927 5
459 9944 5
460 461 5
460 1023 8
460 2331 14
460 4929 15
460 6155 20
460 6636 15
461 462 12
461 1310 5
461 4472 8
461 6996 20
461 8380 23
462 463 11
462 633 23
462 2468 10
462 2589 1
462 6600 11
462 7172 1
462 7488 2
462 8010 20
462 8042 10
463 464 5
463 1752 23
463 2196 3
463 3311 13
463 6379 8
464 465 14
464 2533 15
464 3364 4
465 466 12
465 929 15
465 4874 23
466 242 13
466 467 2
466 1426 11
466 2620 12
466 9378 12
467 468 12
467 2984 16
467 3285 6
467 3827 18
467 5361 4
467 7829 17
467 8164 9
467 8548 19
468 66 18
468 469 3
468 1399 9
469 470 1
469 3744 10
470 471 21
470 933 22
470 1712 23
470 3715 9
470 7427 14
470 7509 16
471 472 21
471 4228 16
471 7448 6
471 8211 12
472 473 12
472 726 13
472 2283 23
472 4283 14
472 6689 3
472 6822 22
472 9434 7
472 9540 4
473 356 18
473 474 17
473 1827 4
473 2549 9
473 5003 8
473 5376 6
473 5540 17
473 8692 9
473 8765 9
473 9273 7
474 475 12
474 1251 10
474 3405 3
474 3503 20
474 4230 9
474 4515 3
474 4645 21
475 476 21
475 3147 20
475 6246 17
475 8079 3
475 9135 6
476 477 15
476 2628 13
476 2750 23
476 3991 13
476 6279 19
476 6998 21
476 9068 19
477 312 21
477 389 6
477 478 18
477 2110 20
477 4095 8
477 8887 10
478 479 1
478 949 9
478 4812 18
478 5564 15
479 480 12
479 1334 22
479 2312 6
479 8975 4
480 83 9
480 136 3
480 481 22
480 1508 3
480 1863 23
480 2752 7
480 7341 23
480 8950 15
481 163 23
481 482 6
481 3111 12
481 3774 12
481 5241 11
481 5924 6
481 6008 4
481 6035 4
481 6325 12
481 6968 1
482 276 1
482 483 2
482 1322 13
482 8723 20
483 484 17
483 1631 8
483 1855 10
483 2397 22
483 2737 23
483 6927 22
483 9398 16
484 485 12
484 2259 8
484 6743 14
485 486 5
485 2334 14
485 2782 12
485 4598 5
485 8165 3
485 8551 6
486 487 7
486 671 19
486 4006 5
486 4191 6
486 9523 11
487 488 14
487 1369 2
487 3066 11
487 5115 15
487 5327 14
487 5932 12
487 9165 18
488 441 12
488 489 7
488 2282 20
488 2722 15
488 5426 15
488 5530 23
488 9039 12
488 9331 1
489 490 22
489 930 21
489 5474 22
489 7730 5
490 4 4
490 491 20
490 1881 17
490 3514 8
490 6441 17
490 6645 16
491 492 15
491 571 8
491 1354 12
491 9596 5
492 493 22
492 1003 6
492 2010 10
492 3394 2
492 9275 21
493 494 14
493 1386 8
493 6381 6
493 8989 8
494 276 1
494 495 3
494 778 8
494 3107 17
494 3641 16
494 4282 1
494 6706 7
494 8259 10
495 110 18
495 496 12
495 1026 22
495 4066 18
495 4687 17
495 5058 5
495 6905 3
495 9459 20
496 325 23
496 497 7
496 672 2
496 991 7
496 1742 1
496 5533 22
496 6234 4
496 6824 4
496 8842 19
496 9621 5
497 229 15
497 498 17
497 3589 19
497 4216 8
497 6130 10
497 6667 7
497 9778 20
498 499 4
498 989 17
498 1231 4
498 1839 20
498 1953 12
499 14 7
499 500 17
499 5211 9
499 7104 4
499 9339 16
499 9433 8
500 501 21
500 2703 16
500 3021 18
500 5464 3
500 5681 15
500 7945 5
500 9590 23
501 502 18
501 5796 5
501 6985 18
501 8454 21
501 9614 16
501 9832 19
501 9989 15
502 503 5
502 2935 5
502 7408 7
502 7626 4
502 9986 7
503 504 17
503 2421 8
504 505 1
504 1037 9
504 2263 1
504 5337 17
505 506 13
505 5196 23
505 5383 9
505 8121 10
506 507 18
506 2106 9
506 3127 17
506 4318 13
506 7218 15
507 508 3
507 540 9
507 778 23
507 7130 8
507 7439 17
507 8079 22
507 8903 11
507 8911 20
507 9950 3
508 509 6
508 878 5
508 1154 9
508 2278 5
508 6155 1
509 510 18
509 852 19
509 1444 19
509 3910 11
509 4106 5
509 4232 5
509 4645 11
509 5430 4
510 511 5
510 2310 15
510 3696 4
510 6299 3
511 512 12
511 2009 7
511 2759 23
511 3643 16
511 5067 18
512 235 11
512 513 21
512 2517 3
512 2954 5
512 5842 22
512 8292 6
513 514 19
513 3115 16
513 5019 14
513 8209 10
513 8357 8
513 8492 4
513 8998 8
514 54 21
514 515 19
514 3152 11
514 3327 7
514 3822 21
514 4428 10
514 6914 6
515 516 13
515 1551 6
516 34 16
516 517 4
516 1397 3
516 2155 20
516 2819 11
516 3658 21
516 5910 18
516 7135 1
517 518 2
517 1137 19
517 8385 9
518 98 9
518 519 14
518 2273 23
518 2454 4
518 3166 21
518 5908 11
518 9654 18
519 520 15
519 1306 4
519 2342 19
520 521 3
520 8700 13
520 8703 19
520 9744 15
521 301 13
521 522 21
521 1699 23
521 2749 21
521 6009 14
521 8622 4
522 523 7
522 1030 14
522 2365 14
522 5344 2
522 6108 13
522 7170 9
523 524 15
523 571 11
523 1938 22
523 2086 14
523 7724 5
523 8045 1
523 8381 2
523 9991 22
524 525 22
524 3760 10
524 4744 10
524 5630 17
524 6608 10
524 7433 1
524 7685 8
525 526 16
525 593 22
525 1682 3
525 6492 4
525 7482 17
526 527 12
526 605 10
526 1008 20
526 4121 1
526 5573 17
526 7369 18
526 8463 7
526 9432 23
527 528 19
527 1691 8
527 3235 22
527 4288 5
527 5080 7
528 529 5
528 708 8
528 2093 15
528 3679 2
528 8883 5
529 530 15
529 5136 22
529 8023 9
529 8844 22
529 9800 17
530 531 5
530 1353 5
530 2100 14
530 7963 1
530 8671 17
531 532 17
531 2290 16
531 6457 5
532 352 2
532 528 1
532 533 2
532 1644 1
532 6879 8
532 9617 5
533 534 9
533 3207 11
534 535 23
534 757 2
534 3955 4
534 4416 13
534 7470 5
534 7855 21
534 8964 3
534 9207 5
535 461 3
535 536 11
535 1073 8
535 5705 22
535 8221 22
536 537 23
536 1325 6
536 2125 16
536 3475 23
536 7665 20
536 9052 6
537 176 14
537 538 13
537 1643 17
537 9596 5
538 539 15
538 2701 11
538 9274 7
538 9800 5
539 45 1
539 540 6
539 886 19
539 4105 19
539 6012 4
539 6834 5
539 7915 19
539 9451 9
539 9518 5
540 541 13
540 2142 20
540 5391 8
541 542 21
541 3875 7
541 5470 21
541 6826 19
541 9148 7
541 9190 5
542 543 4
542 1519 15
542 2426 23
542 2635 21
542 4777 8
542 5563 17
542 5866 5
542 6035 2
542 6330 18
542 7204 5
542 7959 22
542 9988 15
543 544 14
543 6081 12
543 7563 3
543 7701 10
543 9057 10
543 9410 8
544 393 10
544 545 17
544 2561 15
544 3912 7
544 4127 11
544 4825 15
544 8329 4
544 9385 11
545 70 13
545 546 21
545 1931 8
545 3016 15
545 5504 23
545 9101 7
546 547 23
546 3117 4
546 4414 17
546 8377 4
547 548 9
547 3502 2
547 3892 20
547 5463 18
547 6297 10
547 7359 19
547 8447 21
548 549 8
548 1438 13
548 3709 21
548 6413 4
548 7046 17
548 8895 17
549 550 10
550 551 7
550 841 23
550 1130 22
550 2384 10
550 2493 10
551 198 23
551 552 22
551 3317 19
551 4951 20
551 6063 11
551 8247 10
551 9600 17
552 553 18
552 4673 2
552 6728 11
552 8996 16
552 9131 2
552 9863 13
553 554 2
553 3383 14
553 5126 2
553 5331 3
553 7754 7
554 555 4
554 1463 11
554 1781 5
554 3146 11
554 3966 1
554 6077 2
554 7967 13
555 556 4
555 1167 10
555 6085 2
555 7509 14
556 52 20
556 557 13
556 1016 10
556 1290 19
556 1669 21
556 2236 13
556 2625 7
556 3543 5
556 5194 3
556 7454 20
557 558 5
557 2862 22
557 2994 10
557 6053 3
557 6077 12
557 6436 19
557 7566 10
557 8865 21
557 9861 23
558 559 3
558 594 22
558 2040 13
558 2396 9
558 5047 3
558 5994 1
558 7799 7
558 8674 21
559 560 21
559 3554 18
559 3853 17
559 7770 6
559 8125 22
559 9368 18
560 452 16
560 561 15
560 940 18
560 1092 6
560 2275 22
560 2626 6
560 7222 23
561 536 4
561 562 6
561 2105 3
561 4428 16
561 8213 23
562 563 14
562 961 3
562 3851 20
562 4079 22
562 9460 20
563 484 20
563 564 11
563 1446 9
563 3405 7
563 7559 13
563 9229 15
563 9850 6
563 9879 19
564 136 3
564 565 7
564 1133 19
565 566 20
565 1313 14
565 4423 17
565 5610 19
566 567 7
566 2007 9
566 5546 1
566 9977 23
567 568 15
567 5370 22
567 6983 11
567 8049 5
567 9698 6
568 365 19
568 569 13
568 715 21
568 887 5
568 2213 20
569 570 1
569 703 17
569 1210 6
569 6346 9
570 571 9
570 1573 6
570 1828 13
570 1917 13
570 6472 21
570 8184 12
571 572 7
571 1534 13
571 1965 9
571 2548 15
571 3863 18
571 3901 12
571 9712 16
571 9952 10
572 573 17
572 2336 4
572 3832 11
572 7948 17
572 8585 10
572 8778 19
572 8943 8
573 29 23
573 40 19
573 574 18
573 1539 12
573 1873 16
573 3498 14
573 4185 13
573 4734 4
574 545 21
574 575 10
574 2096 14
574 2255 18
574 3339 21
574 4625 7
574 5250 17
574 6185 14
574 7626 5
574 9522 17
575 576 17
575 3577 12
575 6504 19
575 7076 6
576 577 11
576 8937 22
576 9709 10
577 578 4
577 900 10
577 2644 2
577 4721 14
578 243 4
578 579 18
578 3316 14
578 4785 23
578 5856 23
579 577 2
579 580 15
579 1081 13
579 6861 17
580 581 3
580 3462 3
581 64 23
581 582 20
581 756 22
581 3328 9
581 8446 14
582 583 4
582 6018 5
582 7421 2
583 584 3
583 1779 8
583 3511 3
583 6018 4
583 8361 20
583 9983 10
584 3 1
584 585 18
584 1004 8
584 1967 19
584 2222 10
584 7553 7
584 9500 19
585 127 11
585 586 14
585 682 1
585 1131 4
585 3009 14
585 4261 20
585 7488 12
585 8129 1
585 8427 13
585 9464 10
585 9705 14
586 587 19
586 2924 16
586 3151 3
586 6683 16
586 7194 18
586 8686 15
587 123 10
587 588 7
587 974 16
587 2618 21
587 3904 16
587 4453 7
588 589 17
588 922 14
588 3773 21
588 4446 15
589 590 16
589 1335 22
589 1973 20
589 5283 14
589 9970 13
590 522 21
590 591 22
590 3076 14
590 7939 9
590 8072 18
591 224 20
591 592 19
591 3483 8
591 3940 3
591 6452 13
591 8159 22
591 8795 8
591 8866 20
592 593 15
592 682 22
592 1558 5
592 2460 14
592 2762 14
592 7186 9
592 7634 23
592 8875 7
592 9052 6
592 9592 7
593 594 4
593 4241 9
593 5043 3
593 7152 5
593 7508 16
594 595 2
594 1589 2
594 2522 2
595 144 3
595 596 20
595 2464 15
595 2703 14
595 2734 19
595 4996 6
595 8141 2
596 597 6
596 1783 17
596 5446 22
596 8321 21
597 598 2
597 5030 7
597 9989 5
598 599 13
598 9013 12
599 600 5
599 2306 16
599 4597 19
599 6630 6
599 8608 14
600 601 20
600 916 19
600 1291 22
600 1417 6
600 1465 18
600 2505 3
600 6598 7
600 8075 6
601 602 8
601 615 12
601 2766 17
601 4668 9
601 4952 9
601 5471 2
601 8377 3
601 8722 12
601 8969 10
602 603 11
603 604 1
603 3676 10
603 6794 15
604 605 1
604 2129 22
604 2752 17
604 2882 17
604 3709 18
604 3892 4
604 5633 16
604 6916 8
604 9791 8
605 478 6
605 606 21
605 6005 22
605 6100 22
605 9706 19
606 171 3
606 607 4
606 2063 12
606 2276 23
606 2798 1
606 3359 17
606 4670 20
606 7404 18
606 8938 15
607 608 11
607 797 1
607 1625 3
607 5619 11
607 5682 14
607 6731 3
607 7640 3
608 86 11
608 609 7
608 1032 3
608 3894 16
608 4291 20
608 8146 6
608 9898 23
609 452 20
609 610 23
609 1486 11
609 2510 23
609 2932 10
610 611 20
610 947 3
610 1930 1
610 2601 5
610 5940 14
610 6144 1
610 7400 20
610 9394 16
611 463 4
611 612 16
611 8098 14
612 613 11
612 7594 20
612 8654 17
613 171 16
613 614 5
613 1089 18
613 6490 6
613 7121 11
613 7882 12
613 9987 10
614 615 9
614 2035 13
614 2122 18
615 616 8
615 2358 15
615 4534 12
616 617 5
616 1882 14
616 2161 16
616 3209 18
616 5932 9
616 7164 7
616 7179 5
616 9605 14
616 9736 8
617 618 10
617 3306 10
617 5301 13
617 8085 23
618 619 10
618 1255 9
618 1529 12
618 7194 5
619 620 18
619 1444 7
619 2824 5
620 621 18
620 8788 23
621 13 23
621 622 19
621 1059 19
621 1365 15
621 1847 18
621 2339 9
621 7902 18
621 8513 18
621 9177 19
622 11 21
622 623 9
622 1410 2
622 8774 2
623 624 4
623 8825 9
623 9590 17
624 625 10
624 8000 3
624 9437 8
624 9932 3
625 555 16
625 626 3
625 1808 12
625 2185 8
625 7621 17
626 627 8
626 1539 5
626 3396 22
626 5515 2
627 628 1
627 2285 18
627 8166 17
627 8634 20
627 8978 9
628 345 13
628 629 18
628 4228 15
628 5844 1
628 7250 12
628 9577 20
629 630 15
629 1238 1
629 1796 13
629 5741 14
629 6940 20
629 8851 13
630 631 20
630 3693 5
630 4187 11
630 5868 11
630 6352 6
630 8376 14
631 632 1
631 7937 21
632 633 5
632 2131 9
632 2553 5
632 5059 7
632 5129 16
632 5961 10
632 7485 9
632 7688 18
633 443 3
633 634 22
633 2825 13
633 6888 20
633 8360 4
634 612 6
634 635 8
634 3532 5
634 9255 18
635 636 14
635 722 21
635 897 17
635 2531 1
635 2590 8
635 5612 14
635 6197 18
635 6280 23
635 6887 6
635 9611 1
636 637 20
636 690 11
636 1925 2
636 1951 23
636 2367 14
636 2721 16
636 5080 11
636 5462 4
637 638 14
637 2422 23
637 4320 16
637 5753 14
637 6804 14
637 8620 5
637 8741 20
637 9570 10
637 9646 13
638 639 10
638 4101 3
638 6793 20
638 7643 10
639 640 10
639 6426 9
639 6516 13
639 7946 17
639 8726 14
640 641 21
640 1280 9
640 6222 22
640 7008 3
640 8155 12
641 272 17
641 642 21
641 1337 12
641 7430 9
642 88 9
642 643 22
642 2277 20
642 3520 9
643 444 9
643 644 23
643 951 16
643 1014 1
643 4536 8
644 645 13
644 1471 20
644 1734 4
644 4162 16
644 7057 17
644 7463 14
645 61 10
645 646 10
645 940 1
645 1056 7
645 1945 6
645 3700 1
645 5762 7
646 647 11
646 919 4
646 2127 2
646 2517 22
646 2977 13
646 4321 22
646 4556 11
646 5674 11
646 5980 10
646 6503 20
646 7371 14
647 4 22
647 218 22
647 292 20
647 648 9
647 966 20
647 4271 22
647 6230 23
647 8561 11
647 9721 9
648 649 18
648 2368 11
648 3343 21
648 3434 10
648 4133 17
648 7498 15
648 8733 7
649 397 7
649 650 2
649 2442 7
649 6144 20
649 6360 17
650 651 6
650 3656 17
650 4227 13
650 6655 6
650 7691 21
650 7995 14
650 8559 15
650 9145 6
651 338 13
651 652 2
651 2764 7
651 5773 16
651 6369 7
651 6647 7
651 9746 3
651 9817 1
652 653 18
652 2584 7
652 4468 19
652 9158 21
653 654 14
653 6948 4
653 7916 4
653 9692 18
654 655 5
654 1137 13
655 656 13
655 3536 21
655 3725 17
655 5154 6
655 5301 6
655 6246 15
655 7023 1
655 7168 22
656 657 13
656 1614 5
656 1742 8
656 3752 3
656 4640 3
656 4997 18
656 5218 18
657 173 22
657 381 17
657 658 21
657 6118 2
657 9382 3
658 659 10
658 1197 17
658 1493 9
658 2406 8
658 4406 10
658 6531 21
658 7363 12
658 8807 6
659 660 21
659 1010 2
659 5356 7
659 7149 6
660 661 1
660 6931 13
661 381 6
661 662 7
661 3931 8
661 5638 21
661 8051 14
661 8974 18
662 172 13
662 663 20
662 2630 21
662 2820 6
663 664 13
663 1468 18
663 4707 15
664 536 20
664 665 4
664 3187 11
664 7526 18
664 9760 5
665 666 23
666 667 15
666 5800 21
666 7552 2
666 7792 9
666 7839 20
667 384 3
667 557 3
667 668 17
667 4466 11
667 5754 9
667 8101 14
667 9263 8
668 669 8
668 2151 3
668 2591 13
668 5143 20
668 5586 15
668 5988 22
668 9572 4
669 571 10
669 670 15
669 1179 18
669 1389 2
669 2393 14
669 3850 5
669 7246 22
669 7723 19
669 7950 1
670 671 18
670 8322 19
670 9591 7
670 9665 22
671 424 17
671 522 16
671 672 7
671 3104 23
672 5 1
672 673 10
672 1374 13
672 3378 14
672 4118 7
672 9441 20
673 674 2
673 2755 9
673 6774 5
674 675 20
674 3419 5
674 3676 10
675 67 12
675 676 2
675 780 4
675 962 15
675 2821 1
675 6530 21
675 8187 22
676 677 2
676 2122 13
676 2565 5
676 2733 12
676 3713 17
677 678 15
677 5841 13
677 7973 15
677 8750 13
678 679 15
678 5610 5
679 680 4
679 718 19
679 2570 13
679 8653 20
680 567 23
680 681 3
680 917 3
681 682 6
681 1074 15
681 1640 19
681 4905 17
681 7100 12
681 9890 18
682 683 17
682 5184 10
682 5530 21
682 5777 20
682 6664 11
682 9334 10
683 684 14
683 9933 8
683 9969 8
684 685 2
684 1942 13
684 2140 14
684 2817 16
684 3069 22
684 3205 22
684 4506 2
684 4799 17
684 6508 17
684 8682 14
685 200 7
685 686 16
685 2514 15
685 2741 10
685 3430 3
685 3562 1
685 3873 17
686 687 21
686 2277 18
686 6230 18
686 7948 19
686 8470 11
686 9276 17
687 688 22
687 3699 13
687 3947 13
688 689 13
688 1096 15
688 1594 1
688 2629 22
688 3017 3
688 5237 23
688 7291 5
689 690 11
689 4867 13
689 4943 20
689 8748 13
689 9750 23
690 477 18
690 691 15
690 3877 23
690 4631 7
690 5257 13
690 9291 1
691 199 7
691 692 2
691 832 5
691 932 10
691 1804 6
691 4545 6
691 4584 18
691 7445 22
691 7651 11
691 7656 14
691 9271 23
692 693 6
692 787 16
692 3096 11
692 3943 11
693 694 17
693 2303 16
693 2384 14
693 7625 15
693 8635 4
693 9517 9
694 695 9
694 1459 17
694 1782 2
694 6438 15
694 7273 16
694 8251 8
694 9426 11
695 571 21
695 696 13
695 1196 20
695 1754 13
695 2593 1
695 3168 6
695 5145 22
695 9125 8
696 697 6
696 1540 2
696 1831 19
696 3788 11
696 5678 15
696 5694 12
697 698 12
697 1075 1
697 1485 1
697 1563 19
697 2648 21
697 7893 5
698 154 14
698 699 4
698 1620 19
698 8507 20
698 9318 18
699 700 21
699 1648 7
699 2070 21
699 4084 14
700 701 14
700 1358 8
700 4401 4
700 7272 3
700 9452 15
701 702 20
701 2305 16
701 3618 20
702 27 20
702 703 23
702 1925 10
702 7111 21
702 9010 18
702 9162 7
702 9989 22
703 590 16
703 621 9
703 704 14
703 1201 15
703 5378 22
703 8000 2
703 9878 2
704 308 6
704 705 6
704 1340 10
704 1449 4
704 3236 22
704 3576 1
704 4921 7
704 6103 9
705 706 10
705 4105 3
705 5530 1
705 7407 11
705 7742 12
706 707 11
706 1636 20
706 1841 4
706 2297 20
706 6719 1
706 6844 20
706 7284 17
706 8876 19
707 708 10
707 3001 8
707 7805 19
707 7832 13
708 709 8
708 9176 15
708 9270 10
709 710 10
709 2976 19
709 3258 22
709 4239 10
709 5990 5
709 9200 14
710 711 6
710 2703 21
710 3126 17
710 3317 20
710 3783 2
710 7203 2
710 9129 16
710 9702 9
711 256 2
711 712 21
711 1752 8
711 2252 8
711 2635 13
711 4069 3
711 4870 17
712 685 14
712 713 16
712 1949 12
712 2467 4
712 3630 3
712 3810 14
712 4793 16
712 8789 21
713 552 12
713 714 21
713 3265 16
713 5038 21
713 9518 8
714 715 5
714 1316 10
714 1512 10
714 1578 21
714 3122 22
714 7651 21
714 7837 13
714 8165 5
715 716 11
715 4008 8
715 6243 15
715 6538 19
715 8271 4
715 8531 2
716 167 21
716 717 8
716 1576 14
716 2379 18
716 3945 1
716 4644 21
717 718 5
717 4519 20
717 5874 18
718 719 20
718 1483 5
718 5100 21
718 9424 1
719 720 9
719 1838 15
719 2434 11
719 2474 7
719 4601 13
719 5061 18
719 5420 8
719 6612 20
719 7358 10
719 8751 14
719 9230 18
720 721 21
720 1105 4
720 3729 2
720 6620 13
720 8838 15
721 722 22
721 1017 7
721 2413 6
721 2883 8
721 3229 3
722 723 6
722 1529 9
722 2631 4
722 3004 14
722 4239 2
722 6572 1
723 724 2
723 1171 1
723 1277 4
723 4915 13
723 6794 17
723 7999 23
723 8028 14
723 8647 16
723 9776 8
724 725 15
724 1364 23
724 1577 8
724 2674 1
724 5202 19
724 8135 17
725 726 2
725 2770 3
725 3633 1
725 3752 10
725 5111 23
725 5296 10
725 5609 23
726 727 20
726 5679 20
726 5787 1
726 6888 16
727 72 19
727 728 10
727 767 4
727 1336 19
727 3099 17
727 3747 23
727 3775 9
727 3927 4
727 5175 23
727 5833 1
727 8518 15
728 729 4
728 3040 9
728 6470 8
728 8498 11
728 8916 21
729 245 19
729 301 23
729 730 9
729 5368 17
729 7184 15
729 9360 12
730 241 11
730 364 15
730 419 6
730 682 22
730 731 19
730 1049 23
730 1766 7
730 2500 14
730 2518 17
730 8470 10
731 576 21
731 729 6
731 732 23
731 1453 6
731 3256 6
731 4374 9
731 6358 13
731 7903 23
731 7976 21
732 733 1
732 2273 15
732 2989 14
732 3840 2
732 6033 15
732 7155 21
732 9124 13
732 9742 6
733 734 5
733 3758 10
733 3997 17
733 4669 10
733 5504 1
733 5911 18
734 253 9
734 735 6
734 1396 7
734 2699 22
734 2964 1
734 5103 5
734 6046 18
734 7324 7
735 736 16
735 741 22
735 2207 1
735 5140 4
736 737 9
736 2155 15
736 5748 4
736 7727 5
737 206 5
737 738 22
738 739 9
738 1396 22
738 1510 21
738 1762 3
738 6954 5
738 7067 15
738 7349 17
738 7820 20
738 8595 13
739 351 2
739 740 1
739 2514 19
740 741 15
740 757 23
740 1200 23
740 2070 5
741 22 22
741 594 9
741 742 21
741 6431 22
742 743 7
742 1840 1
742 2465 14
742 2539 9
742 3731 3
743 744 19
743 1485 7
743 5909 14
743 9666 9
743 9769 2
744 745 11
744 1250 21
744 3278 12
744 3324 2
744 4793 11
744 5131 17
744 6070 13
744 6745 4
744 6931 23
744 7305 8
744 8794 18
744 8854 8
744 9838 13
745 746 20
745 1039 9
745 1481 10
745 4271 8
745 5831 22
746 747 14
746 6260 4
746 9097 6
746 9397 8
746 9481 20
746 9855 17
747 748 13
747 5773 16
748 107 2
748 749 11
748 1085 19
748 2150 14
748 2722 9
748 6397 13
749 386 6
749 750 7
749 805 20
749 814 10
749 1287 13
749 3966 22
749 5256 10
749 6100 8
749 6618 10
749 7659 23
749 9490 17
750 751 3
750 839 18
750 923 12
750 9902 6
751 752 12
751 828 5
751 2526 16
751 5641 4
751 8035 3
751 8752 15
752 753 7
752 2418 14
752 8821 3
753 91 18
753 754 8
753 2393 23
753 3456 1
753 5793 2
753 8752 7
754 755 21
754 1268 16
754 2929 21
754 6450 13
754 6485 22
754 7376 8
754 8119 7
754 9352 14
755 493 15
755 756 19
755 817 23
755 2856 15
755 4145 18
756 727 4
756 757 8
756 1041 14
756 1101 23
756 1499 20
756 3987 19
756 4630 21
756 5992 16
756 6874 9
756 8181 18
757 265 9
757 758 1
757 1609 23
757 2075 21
757 2108 1
757 2461 10
757 2774 12
757 6055 9
757 8215 16
757 8969 16
758 759 1
758 1979 12
758 7387 17
759 527 7
759 760 9
759 6016 23
759 6067 4
759 7341 1
759 7907 16
760 761 5
760 1827 2
760 2047 22
760 5661 9
760 5748 12
760 6457 17
760 9640 9
761 3 8
761 762 22
761 1653 1
761 3349 5
761 4124 2
761 5551 13
761 5796 4
761 5917 7
761 9787 6
762 763 6
762 967 14
762 2405 5
762 3317 5
762 4553 17
762 5355 21
762 6963 5
763 225 3
763 764 14
763 1562 1
763 2264 19
763 2638 11
763 5948 5
763 8144 17
763 8854 3
763 9071 11
764 765 9
764 4218 1
764 9182 23
765 606 16
765 766 22
765 810 22
765 845 13
765 1740 6
765 5992 6
765 6842 9
765 8034 18
766 767 21
766 1743 11
766 2390 3
766 5607 7
766 5671 4
766 7529 5
766 7727 11
766 9702 5
767 111 4
767 768 4
767 2750 11
767 4593 19
767 9092 11
768 769 7
768 1273 17
768 2069 22
768 3519 19
768 9545 5
769 770 7
769 2183 10
769 2480 3
769 6008 17
769 6241 12
769 7791 6
770 771 18
770 1984 14
770 3392 7
770 4882 5
770 5007 13
770 6268 13
770 9159 6
771 772 10
771 1278 9
771 2374 2
771 2661 5
772 773 13
772 4216 22
772 5660 17
772 6402 16
772 6737 17
772 7471 23
772 8113 6
772 8889 19
773 774 10
773 3018 5
773 5191 2
773 7010 8
774 775 10
774 2687 3
774 4479 15
774 5652 19
774 5968 13
774 6257 2
774 9038 7
775 776 5
775 4515 12
775 4800 6
775 7562 5
775 7635 18
776 100 7
776 108 17
776 146 5
776 777 4
776 1627 6
776 5934 20
776 8024 19
776 9489 22
777 433 8
777 778 8
777 2592 15
777 5147 14
777 6472 22
778 756 14
778 779 13
778 9229 1
779 532 2
779 780 5
779 2482 11
779 2671 16
779 3209 9
779 8367 19
779 9240 3
779 9865 12
780 781 17
780 6334 10
780 6647 6
780 7030 19
781 782 13
781 3460 13
781 4167 8
781 5347 22
781 5987 12
781 6323 10
781 7211 16
782 71 15
782 612 9
782 783 19
782 3715 2
782 5465 3
782 6333 20
782 9756 17
783 784 22
783 1555 4
783 2644 13
783 3683 9
783 8266 17
784 785 6
784 929 2
784 984 21
784 1284 16
784 1286 7
784 2392 20
784 8067 19
784 9242 8
785 786 20
785 1338 21
785 2701 21
785 4706 19
785 6229 9
785 7364 10
786 787 21
786 2051 12
786 2652 15
786 2976 19
786 3415 20
787 788 9
787 8498 10
787 9345 8
788 789 16
788 1232 17
788 1496 10
788 4929 2
788 4982 4
788 8939 3
789 790 6
789 1101 19
789 3514 6
789 3666 16
789 3839 21
789 5331 20
789 6568 11
789 6829 7
789 8358 1
789 8632 3
789 9677 8
790 650 16
790 791 8
790 2894 23
790 5910 18
790 6564 18
790 7576 19
791 792 1
791 3093 7
791 3607 1
791 5157 9
791 7956 16
792 793 7
792 8197 14
792 9699 6
793 794 11
793 1342 20
793 3471 1
793 4041 11
793 4534 1
793 6988 12
794 84 21
794 365 6
794 795 17
794 1119 2
794 2894 12
794 4121 2
794 6431 1
794 7680 9
794 7714 20
794 9084 8
795 190 5
795 796 22
795 3909 3
795 8153 21
795 9028 16
796 566 22
796 797 17
796 8974 7
796 9764 12
797 798 17
797 1491 2
797 2561 12
797 3143 18
798 799 3
798 1925 2
798 2598 10
798 8602 9
799 800 7
799 3425 15
799 8250 20
799 9508 6
800 139 23
800 801 20
800 1727 2
800 4050 9
800 4810 6
800 7111 12
800 9854 12
801 441 20
801 802 3
801 2593 23
801 3276 12
801 7605 17
801 8317 10
801 9015 19
801 9895 23
802 744 14
802 803 14
802 2375 6
802 9043 7
802 9936 9
803 416 12
803 804 8
803 1404 9
803 2784 14
804 805 4
804 7847 2
805 806 3
805 2473 22
805 2495 20
806 807 7
806 1386 20
806 1634 12
806 6867 11
806 7580 16
806 7638 6
806 9445 23
806 9679 15
807 808 23
807 2927 15
807 3177 13
807 5903 17
807 9154 1
808 809 13
808 1758 9
808 3134 12
808 5540 9
808 6364 9
809 810 19
809 1783 12
809 6385 4
809 8508 12
810 811 19
810 9979 12
811 463 8
811 812 21
811 2713 10
811 3246 1
811 5185 17
811 6679 13
812 813 22
812 1430 4
812 2401 12
812 4416 11
812 4993 4
812 6852 21
812 7610 1
812 8535 20
813 311 8
813 814 19
813 6601 19
813 7318 19
814 815 17
814 7606 4
814 7932 20
815 816 7
815 992 8
815 7511 18
815 7814 9
815 8286 15
815 8767 15
816 172 8
816 817 21
816 1772 9
816 1817 3
816 2840 20
816 8002 12
817 754 8
817 758 14
817 818 17
817 1018 2
817 2145 6
817 3184 9
817 5162 15
817 5390 18
817 5520 21
818 655 4
818 819 11
818 914 15
818 1173 15
818 5042 13
818 9612 10
819 820 15
819 1583 21
819 2459 2
819 9287 16
820 501 21
820 821 15
820 975 14
820 2537 22
820 4173 21
820 6850 21
820 7303 20
821 822 19
821 1905 15
821 2176 16
821 2756 11
821 9892 14
822 823 4
822 1165 10
822 1227 2
822 4987 17
822 8132 20
823 824 10
823 2811 10
823 8072 9
824 629 10
824 825 16
824 2611 9
824 3144 23
824 3432 12
824 3656 21
824 6160 1
824 6959 23
825 826 14
825 9231 19
826 219 5
826 827 3
826 1607 18
826 3383 8
826 9781 7
827 619 18
827 828 18
827 2452 12
827 2966 5
827 3108 5
827 6321 2
827 8402 5
827 8913 4
827 9509 10
828 829 7
828 2692 22
828 5141 12
828 6098 21
828 7493 5
828 7848 13
828 8973 11
829 15 1
829 830 14
829 1219 13
829 1288 4
829 2265 17
829 5595 3
829 6166 7
829 8474 19
829 9837 17
830 831 3
830 2826 15
830 4964 19
830 5358 7
830 7107 6
831 64 3
831 588 4
831 832 11
831 8265 10
832 833 20
832 1042 2
832 4758 21
832 5654 19
833 163 20
833 834 4
833 1029 1
833 8301 6
833 9773 6
834 835 6
834 1259 10
834 1642 14
834 2191 5
834 2633 23
834 3736 11
834 8436 14
834 8558 7
835 307 7
835 836 5
835 1051 12
835 3057 15
835 4486 12
835 5540 8
835 6410 10
835 8032 19
836 837 7
836 3158 14
836 6005 23
836 8112 14
837 384 17
837 838 2
837 1857 11
837 3079 19
837 3637 15
837 6977 4
837 8161 1
837 9303 13
837 9779 11
838 839 21
838 3135 20
838 3912 1
838 8183 17
838 9367 20
838 9773 12
839 386 20
839 666 11
839 840 23
839 999 1
839 2220 18
839 4127 22
839 6019 20
839 6447 13
839 8089 4
839 9056 4
839 9740 6
840 841 4
840 856 15
840 1433 8
840 4361 1
840 7618 19
840 8845 2
841 842 10
841 1014 14
841 1187 2
841 2494 7
841 4728 16
841 5455 9
841 5694 6
841 8798 6
842 843 17
842 1809 5
842 2890 12
842 4926 10
842 9056 23
843 599 20
843 844 19
843 2278 8
843 5875 19
843 8096 17
843 9671 13
844 845 16
844 3383 5
844 3623 23
844 3979 22
844 4554 19
844 6520 15
845 831 16
845 846 10
845 1556 11
845 5020 8
845 7782 5
846 847 17
846 4234 7
846 6443 13
846 6731 8
847 835 12
847 848 10
847 1242 9
847 1881 4
847 2575 17
847 2782 6
847 3006 23
847 5726 3
848 313 7
848 849 6
848 4620 3
849 850 2
849 1158 15
849 3855 10
849 7414 17
849 9237 2
849 9895 19
850 237 19
850 851 15
850 2687 14
850 6451 22
850 7174 2
850 9049 12
851 538 21
851 625 5
851 852 10
851 1769 19
851 2240 7
851 4859 8
851 6524 4
851 7865 4
851 8085 4
851 9197 14
852 241 6
852 853 21
852 1528 12
852 4467 9
852 5723 4
852 5842 21
852 6652 14
852 7157 16
852 9322 8
852 9429 20
853 854 7
853 2292 14
853 3870 2
853 4231 22
853 5100 18
853 5869 20
853 9318 9
854 161 3
854 301 8
854 855 7
855 856 3
855 1271 15
855 3322 10
855 5254 13
855 6840 3
855 7069 18
856 284 19
856 857 14
856 2171 1
856 5431 6
856 7937 22
857 858 18
857 7050 19
857 7618 19
857 8134 14
857 9990 18
858 859 19
858 2867 6
858 4825 23
858 5608 5
858 9973 18
859 860 16
859 3840 15
859 4035 6
859 5960 15
859 6032 20
859 7490 16
860 861 7
860 2290 1
860 5519 19
860 7211 7
860 9772 7
861 862 6
861 2609 14
861 5033 1
861 5177 6
861 5269 5
861 6087 17
861 6821 12
861 7588 20
861 8000 22
862 863 9
862 1044 10
862 7894 18
863 864 10
863 2009 7
863 5391 14
863 5470 7
863 6917 6
863 7690 2
864 865 13
864 1186 7
864 2196 9
864 6062 4
865 866 12
865 1449 20
865 2228 21
865 3388 5
865 4716 4
866 867 21
866 5055 4
866 8113 7
866 9476 8
866 9516 10
867 868 6
867 1432 7
867 6515 11
867 8970 15
868 405 10
868 869 5
868 3235 9
868 9085 20
869 870 2
869 1357 4
870 645 7
870 871 12
870 2934 6
870 5963 1
870 6086 7
870 8186 4
871 872 15
871 1515 13
871 6242 3
871 7243 6
871 7567 21
871 9387 16
871 9549 14
872 873 8
872 2260 10
872 2448 11
872 3409 15
872 3611 10
872 4365 15
872 6846 6
872 7251 11
873 874 8
873 1342 22
874 875 10
874 3470 15
874 3993 16
874 4859 9
874 6114 17
874 6423 1
874 7421 20
875 330 10
875 362 11
875 804 4
875 876 10
875 935 19
875 1895 12
875 2486 15
875 2584 3
875 7850 20
876 551 2
876 877 10
876 1774 4
876 4039 3
876 5098 3
876 5759 10
876 6639 17
876 7616 7
877 220 2
877 878 13
877 1057 23
877 1847 2
877 4198 11
877 4216 8
877 6258 13
877 8997 22
878 879 12
878 3378 13
878 3614 9
878 9832 17
879 499 17
879 880 3
879 9246 2
880 881 8
880 2289 1
880 3830 1
880 9274 8
880 9705 13
881 62 1
881 882 7
881 1643 4
881 7217 21
881 9098 18
882 883 22
882 1808 17
882 6969 11
883 884 2
883 9374 20
883 9558 21
884 864 21
884 885 5
884 3297 15
884 7676 7
885 886 6
885 892 2
885 3828 21
885 4789 18
885 5334 17
885 7764 22
885 8621 23
885 8678 6
886 887 12
886 1439 20
886 1614 1
886 5372 18
886 7567 2
886 8021 19
887 888 7
887 6377 20
887 6655 11
887 8424 16
887 9299 21
888 889 16
888 2860 21
888 4984 13
888 6367 16
888 7582 9
888 8673 16
889 890 10
889 2090 3
889 4581 16
889 8038 11
890 891 1
890 1016 20
890 1716 6
890 2003 7
890 2226 6
890 6347 9
890 8588 21
891 261 15
891 892 17
891 1596 12
891 1678 4
891 4265 15
891 6180 8
891 7563 14
891 9766 19
892 116 3
892 893 20
892 2166 19
892 4742 13
893 894 22
893 2748 8
893 5981 4
893 6044 17
893 7922 1
894 895 6
894 1601 12
894 3552 6
894 5368 19
894 7389 1
894 7620 20
895 896 23
895 3440 8
895 5006 17
895 6062 3
895 6226 22
896 897 12
896 1258 3
896 2049 5
896 3772 23
896 4200 9
896 7715 6
896 9532 18
896 9730 8
897 237 2
897 898 10
897 2526 5
897 5374 21
897 7909 22
897 8137 3
898 748 7
898 899 7
898 4818 3
898 5814 10
898 6842 22
898 6960 17
898 7826 9
899 900 16
899 1390 1
899 2098 3
899 6436 10
899 8867 21
899 9617 11
900 901 14
901 902 22
901 3942 5
901 5359 16
901 8443 12
901 9351 14
902 903 22
902 4219 4
902 4836 8
902 5732 8
903 904 19
903 1919 19
903 7583 1
903 8595 4
903 8928 1
904 153 4
904 359 15
904 554 23
904 905 17
904 3459 1
904 4514 17
904 5517 14
904 7335 15
905 820 15
905 906 18
905 2307 6
905 2617 19
905 5883 1
905 9586 11
906 627 10
906 907 16
906 1539 4
906 4208 4
906 9116 11
907 908 22
907 2656 22
907 5871 14
907 6505 9
907 7945 13
907 8321 14
908 909 1
908 1349 21
908 4197 6
908 5104 14
908 6947 17
908 9015 4
908 9594 5
909 910 9
909 2017 18
909 6046 13
909 6192 3
909 8292 1
909 8839 18
910 911 17
910 2496 7
910 4021 20
911 912 2
911 1099 6
911 1273 20
911 3607 5
911 5830 19
911 5971 5
911 7277 7
911 7934 14
912 904 21
912 913 21
912 6484 8
912 7199 22
912 9886 9
913 914 2
913 1288 6
913 2776 18
913 6499 17
913 6903 17
913 7361 22
913 9471 8
914 915 17
914 3926 15
914 4448 13
914 5106 15
915 210 4
915 916 6
915 5215 9
916 917 18
916 1090 3
916 3053 17
916 3254 14
916 4194 12
917 918 16
917 1156 22
917 2309 18
917 6366 7
917 7559 16
918 515 21
918 919 3
918 4127 4
918 7846 20
919 518 22
919 920 13
919 997 11
919 1166 2
919 6858 17
919 8175 20
920 712 14
920 921 13
920 1977 4
920 2658 1
920 3666 12
920 4374 2
920 5485 23
920 6755 4
920 7274 13
920 7796 1
920 8554 14
920 8759 5
921 922 1
921 2527 10
921 6499 3
921 8028 13
922 303 4
922 923 12
922 8417 4
922 9145 4
923 924 6
923 934 16
923 1142 21
923 2629 11
923 3153 16
923 6020 12
923 6032 19
923 9801 14
924 925 23
924 2764 15
924 3749 20
924 5496 2
924 6273 13
924 8325 14
924 8570 22
925 926 15
925 3867 12
925 5675 15
925 7988 10
925 8501 7
925 8775 9
926 927 7
926 1323 10
926 6437 4
926 7969 7
926 8935 8
927 637 13
927 928 16
927 1772 14
927 2874 15
928 929 7
928 2162 16
928 3148 7
928 7272 14
928 8522 11
929 930 11
929 1726 20
929 4385 22
929 4860 11
929 5261 11
929 6768 12
929 8895 15
929 9905 22
930 931 19
930 1444 3
930 3486 16
930 6498 23
930 6743 20
931 584 9
931 799 11
931 932 10
931 6564 17
931 7694 11
931 8813 19
932 498 4
932 753 1
932 933 11
932 3025 23
932 6182 5
932 8849 10
933 473 4
933 934 3
933 1022 16
933 3749 2
933 8577 14
934 935 3
934 2239 4
934 3312 10
934 4814 7
934 5229 12
934 5532 6
934 9634 4
935 936 17
935 2799 18
935 9793 2
936 937 4
936 1086 13
936 1743 20
936 2132 15
936 2638 8
936 9589 11
936 9895 20
937 458 10
937 938 12
937 5398 4
937 6333 7
937 7098 4
937 8758 2
938 939 15
938 1238 16
938 1842 6
938 2323 7
938 2957 8
938 3055 23
938 4583 18
938 8117 5
939 940 13
939 1329 11
939 2048 11
939 3806 11
939 8804 14
939 9427 5
940 434 8
940 941 23
940 1177 3
940 8485 8
940 9593 7
941 935 15
941 942 14
941 4576 1
941 5812 8
941 7384 4
941 8173 23
942 30 14
942 943 5
942 2498 19
943 280 7
943 576 6
943 944 23
943 1850 2
943 2106 21
943 4444 6
943 4949 2
943 7245 19
944 945 6
944 2143 1
944 3675 21
944 9481 21
945 13 21
945 246 23
945 946 11
945 1263 16
945 2398 13
945 2453 18
945 4837 8
945 5637 17
945 6650 1
946 947 16
946 2708 19
946 6523 19
946 8136 4
946 8908 23
946 8947 14
947 51 7
947 326 10
947 701 1
947 948 1
947 3635 23
947 5408 23
947 6526 8
947 8880 1
948 708 14
948 949 19
948 6831 1
948 8753 16
949 412 19
949 950 4
949 2169 9
949 2943 18
949 4526 20
949 5024 7
949 6450 6
950 33 23
950 951 14
950 1441 15
950 2750 7
950 3692 21
950 6792 18
950 7737 3
950 9202 4
951 952 23
951 6404 19
951 7011 9
952 953 16
952 4523 9
952 5789 6
953 278 20
953 490 21
953 954 5
953 2178 21
953 3426 9
953 4873 15
953 7922 7
953 9076 15
954 74 4
954 955 7
954 1529 16
954 4494 21
954 5393 14
954 8170 2
955 496 2
955 557 5
955 956 15
955 1844 17
955 3168 20
955 5005 14
956 602 14
956 957 3
956 1539 14
956 1688 12
956 5366 21
956 6326 14
956 8099 13
956 9683 14
957 530 2
957 958 13
957 1057 3
957 1645 7
957 3206 10
957 4765 15
958 959 5
958 1983 1
958 4300 11
958 7156 10
958 9712 7
959 960 9
959 1821 14
959 6182 1
960 961 10
960 3711 1
960 3860 6
960 4615 23
960 5212 12
960 8569 22
961 962 3
961 3377 15
961 5903 17
961 6826 22
961 6959 2
962 565 3
962 577 21
962 963 19
962 2373 21
962 5162 5
962 7949 9
963 183 2
963 964 23
963 1612 23
963 3750 16
963 5271 10
963 7242 9
963 8559 10
964 965 21
964 2346 6
964 6911 20
964 8228 11
965 966 9
965 6874 10
965 7556 2
965 7758 13
965 8178 13
965 8600 1
965 8878 13
966 481 8
966 967 3
966 1825 22
966 1974 12
966 2386 20
966 9225 18
966 9786 11
967 968 8
967 3204 9
967 4683 21
967 6567 16
967 9827 22
968 969 14
968 3816 1
968 4404 21
968 5518 8
968 9168 2
969 970 8
969 2473 6
969 3375 1
969 4969 15
970 971 7
970 2571 1
970 3105 10
970 3305 18
970 5037 21
970 5083 20
970 6949 22
970 9289 22
971 972 7
971 1140 6
971 1506 2
971 1920 21
971 2655 4
972 973 16
972 2249 14
972 3300 22
972 4470 19
973 375 7
973 974 5
973 3932 10
973 5932 15
973 7155 23
974 367 8
974 975 10
974 1186 1
974 1226 23
974 9334 12
975 664 15
975 976 19
975 3997 2
975 4558 13
975 4828 5
975 5314 18
975 7049 23
976 977 18
976 1599 18
976 5262 17
976 5483 14
976 7330 6
976 9993 11
977 978 21
977 2051 1
977 6045 17
977 7047 14
977 8871 9
978 979 7
978 2047 22
978 3286 3
978 3596 20
978 3994 18
978 6281 12
978 7578 1
978 8383 16
978 9222 21
978 9597 9
979 980 6
979 1236 18
979 1549 17
979 7177 23
979 9004 4
979 9973 21
980 836 21
980 981 1
980 1346 13
980 1946 14
980 2324 16
980 2564 13
980 3799 22
980 7546 18
980 9315 15
980 9899 12
981 982 15
981 1086 19
981 1809 7
981 1949 16
981 6235 16
981 6428 2
981 6665 23
981 8443 21
982 50 10
982 983 15
982 5374 3
982 6550 9
982 7731 11
982 9424 3
983 984 23
983 2224 18
983 6503 4
983 7171 21
984 868 1
984 985 22
984 1235 17
984 8219 22
984 8801 4
985 296 22
985 317 23
985 986 15
985 1270 16
985 1454 13
985 3038 8
985 3903 9
985 4209 9
985 7622 11
986 987 11
986 1775 12
986 3233 19
986 7047 3
987 287 23
987 988 12
987 2399 23
987 2446 14
987 2499 9
987 5216 8
987 6197 14
987 7371 16
987 9093 6
988 285 6
988 989 17
988 2424 21
988 2664 2
988 2755 4
988 6380 16
988 7804 17
989 592 14
989 990 23
989 1639 19
989 2140 6
989 2543 23
989 2549 3
989 3050 23
989 7054 17
989 7669 12
990 541 12
990 991 21
990 7125 9
990 8927 3
991 992 13
991 1935 13
991 2466 7
991 2732 6
991 3449 19
991 3681 12
991 7068 22
991 8154 10
991 8765 6
991 9224 20
991 9761 20
992 298 23
992 546 23
992 993 10
992 2124 15
992 5980 11
992 6107 8
992 7728 8
992 7823 19
992 9952 21
993 994 9
993 9940 1
994 621 14
994 674 19
994 995 17
994 4770 20
994 9576 7
995 710 13
995 818 13
995 996 14
995 1092 14
995 1888 8
995 3763 15
995 3815 6
995 4937 6
995 8689 8
996 573 12
996 766 3
996 997 22
996 4215 11
996 5096 18
996 5589 4
996 8102 9
997 998 20
997 1564 16
997 2800 22
997 4846 9
997 5208 14
998 999 16
998 1581 10
998 3582 8
998 5344 15
998 8948 19
999 1000 4
999 3194 4
999 3558 10
999 3793 19
999 4322 23
999 9914 19
1000 938 2
1000 1001 23
1000 2536 14
1000 2852 6
1000 3066 23
1000 5752 8
1000 8127 9
1000 8296 15
1000 8840 22
1001 1002 4
1001 2687 3
1001 2815 23
1001 7283 14
1001 7672 3
1001 9038 13
1001 9660 17
1002 899 21
1002 1003 16
1002 4594 14
1002 5600 10
1002 7884 8
1002 8237 13
1002 8941 1
1003 1004 6
1003 3665 21
1003 6321 7
1003 8673 9
1004 1005 10
1004 3225 18
1004 3253 3
1004 6113 16
1004 6736 2
1005 1006 20
1005 6644 13
1005 8003 15
1005 8551 4
1006 887 12
1006 1007 12
1006 2244 23
1006 4796 20
1006 6306 16
1006 6411 5
1006 8539 18
1006 9837 23
1007 1008 18
1007 3731 10
1007 7100 9
1007 7316 16
1008 249 2
1008 953 20
1008 1009 15
1008 1971 18
1008 5833 23
1008 5839 3
1008 5956 7
1008 6182 18
1008 9187 3
1008 9863 5
1009 205 10
1009 1010 13
1009 2659 19
1009 4221 10
1009 5914 2
1009 6132 3
1009 8738 21
1010 789 12
1010 893 20
1010 1011 2
1010 4956 12
1010 6256 18
1010 6888 13
1011 1012 4
1011 1016 1
1011 1369 5
1011 1938 10
1012 1013 14
1012 2810 12
1012 3122 5
1012 4917 9
1012 5858 7
1013 1014 7
1013 1126 12
1013 1443 11
1013 3645 21
1013 8811 11
1014 1015 20
1015 993 23
1015 1016 6
1015 3951 18
1015 4055 5
1015 4394 20
1015 9011 12
1015 9596 14
1016 1017 23
1016 1338 18
1016 1912 15
1016 2116 7
1016 3645 20
1016 3976 18
1016 5453 15
1016 7170 9
1017 1018 15
1017 1537 13
1017 3696 6
1017 6238 5
1017 7490 17
1017 7574 17
1017 8101 13
1018 1019 12
1018 1212 13
1018 1552 21
1018 2438 12
1018 5006 22
1019 292 15
1019 1020 9
1019 1478 23
1019 2585 10
1019 2879 4
1019 5448 7
1019 7862 2
1019 8409 22
1019 8964 5
1020 1021 4
1020 4207 22
1020 4752 16
1020 5598 12
1020 8350 5
1020 8772 5
1021 1012 12
1021 1022 16
1021 3600 7
1021 3823 21
1021 3930 20
1021 6053 8
1021 9013 11
1021 9889 17
1022 1023 11
1022 1257 11
1022 2341 8
1022 2913 7
1022 4097 13
1022 4256 17
1022 6693 3
1023 676 13
1023 1024 10
1023 5952 18
1024 1025 9
1024 2347 19
1024 4801 12
1024 6928 12
1025 1026 23
1025 1434 6
1026 1027 5
1026 3472 9
1026 4997 12
1026 7009 10
1027 788 14
1027 861 12
1027 1028 4
1027 3239 10
1027 4631 16
1027 4742 6
1027 5025 20
1027 7070 16
1027 7131 18
1028 411 12
1028 999 4
1028 1029 14
1028 6775 17
1028 6947 15
1029 407 1
1029 1030 21
1029 4985 3
1029 7462 9
1029 8495 9
1029 8725 23
1029 9439 17
1029 9716 3
1030 459 5
1030 1031 1
1030 1140 10
1030 5716 17
1030 7750 8
1030 8652 8
1030 8848 7
1031 1032 21
1031 3437 19
1031 3648 10
1031 9337 15
1031 9657 11
1032 579 4
1032 1033 1
1032 1604 13
1032 5846 18
1032 6822 9
1032 7760 3
1032 8206 10
1032 8281 5
1032 8417 12
1033 1034 17
1033 2882 4
1033 8870 18
1034 1035 3
1034 1970 16
1034 3744 9
1034 5934 7
1034 6714 4
1034 7225 5
1034 7320 8
1034 9761 19
1035 1036 6
1035 2252 14
1035 3494 4
1035 7852 4
1036 1037 5
1036 1329 12
1036 1397 21
1037 1038 9
1037 2607 15
1037 3974 19
1037 4279 14
1037 4554 11
1037 6429 5
1037 7482 19
1037 9076 8
1037 9350 10
1038 639 12
1038 1039 8
1038 1270 17
1038 1278 9
1038 6330 10
1039 1040 7
1039 1452 6
1039 4852 21
1039 6960 3
1039 7732 5
1039 7887 18
1039 9640 3
1040 1041 8
1040 2660 22
1040 7358 6
1040 7787 14
1041 738 22
1041 1042 11
1041 1191 12
1041 1474 20
1041 3655 12
1041 5738 22
1041 5751 17
1042 1043 21
1042 2952 14
1042 8585 13
1043 1044 20
1043 1747 22
1043 2140 13
1044 1045 19
1044 2197 4
1044 2818 9
1044 3089 18
1044 5130 17
1044 5272 18
1044 5328 8
1044 5486 18
1044 8872 9
1045 1046 12
1045 3694 5
1045 3914 1
1045 4028 23
1045 5604 21
1046 1047 2
1046 9524 8
1047 1048 5
1047 4149 16
1047 7173 2
1047 7381 9
1048 755 2
1048 1049 19
1048 1372 10
1048 1842 3
1048 3650 15
1048 6367 12
1049 1050 16
1049 5242 6
1049 7518 16
1050 231 6
1050 1051 2
1050 1670 23
1050 2710 7
1050 3441 17
1050 8069 5
1051 134 3
1051 349 5
1051 1052 9
1051 2933 18
1051 8854 20
1052 474 6
1052 1053 16
1052 2215 20
1052 3067 18
1052 7512 11
1053 214 13
1053 1054 8
1053 3181 2
1053 3981 13
1053 4055 7
1053 4220 13
1053 6335 9
1053 9065 6
1054 1055 13
1054 3473 1
1054 3525 1
1054 5124 13
1054 5795 2
1054 6930 8
1054 7289 7
1054 8891 18
1054 9548 21
1055 493 13
1055 1056 18
1055 1159 11
1055 1610 10
1055 2601 1
1055 5563 14
1055 7981 18
1056 34 3
1056 420 4
1056 648 23
1056 1057 8
1056 2496 2
1056 4286 13
1056 5188 9
1056 6001 18
1056 6043 18
1057 1058 18
1057 1949 10
1057 3214 21
1057 3582 18
1057 7457 11
1057 9370 17
1058 1059 14
1058 2410 10
1058 2606 5
1059 1060 13
1059 1369 1
1059 2272 19
1059 5871 15
1059 8240 10
1059 8482 1
1060 1061 23
1060 5811 12
1060 6626 3
1060 9920 5
1061 557 21
1061 1062 8
1061 4521 11
1061 5044 19
1061 7451 20
1062 95 5
1062 1063 17
1062 1777 12
1062 1782 2
1062 1824 3
1062 6065 2
1063 388 19
1063 1064 16
1063 3085 16
1063 3476 13
1063 5458 16
1063 6536 9
1063 7394 10
1063 7467 16
1063 8450 14
1063 9721 1
1064 1065 9
1064 4163 22
1064 4331 21
1064 4349 22
1064 5455 22
1064 7954 20
1065 1066 21
1065 2490 23
1065 8737 8
1065 9489 21
1065 9818 14
1066 1067 10
1066 1204 2
1066 6800 18
1066 7616 21
1066 8872 19
1067 1068 14
1067 1551 5
1067 1557 4
1067 2294 10
1067 2727 9
1067 4374 7
1068 453 21
1068 1069 8
1068 1358 11
1068 1639 11
1068 1731 7
1068 5218 13
1068 8473 9
1069 1070 15
1069 2122 1
1069 3930 17
1069 5305 11
1069 8139 15
1069 8714 23
1070 581 12
1070 1071 15
1070 2535 16
1070 2827 18
1070 4675 13
1070 6846 19
1070 8363 1
1070 8683 16
1071 1072 23
1071 1954 14
1071 3103 21
1071 4571 7
1072 999 13
1072 1073 20
1072 5239 7
1073 1074 13
1073 1307 6
1073 2472 23
1073 6104 17
1073 7658 5
1073 9060 21
1074 1075 15
1074 1589 10
1074 1770 11
1074 3846 1
1074 4058 18
1074 6973 7
1074 9375 4
1075 1076 11
1075 2780 21
1075 4044 22
1075 4662 16
1076 1077 19
1076 5112 10
1076 8131 1
1076 8392 2
1076 8958 10
1076 9681 6
1077 939 20
1077 1078 18
1077 6370 19
1077 8261 9
1077 9019 11
1078 1079 3
1078 3669 1
1078 6764 12
1078 6965 19
1078 9149 23
1078 9469 6
1079 144 9
1079 1080 19
1079 2440 7
1080 152 4
1080 249 5
1080 258 8
1080 840 18
1080 1081 19
1080 1943 11
1080 2581 17
1080 3091 2
1080 4799 9
1080 7307 12
1080 8824 20
1080 9169 17
1081 1082 22
1081 1934 9
1081 2899 20
1081 3260 16
1081 8811 21
1082 1083 6
1082 3827 23
1082 3865 10
1082 5468 8
1082 8004 23
1083 1084 2
1083 3883 5
1083 6606 13
1083 8291 7
1084 1085 18
1084 1945 18
1084 2617 15
1085 590 10
1085 1086 13
1085 2666 19
1085 2761 1
1086 1087 12
1086 3858 21
1086 4920 17
1086 5561 17
1086 9616 11
1087 860 15
1087 1088 21
1087 1477 2
1087 8715 5
1087 9830 21
1088 1089 23
1088 2230 6
1088 5213 11
1088 6267 8
1088 6465 10
1088 6486 23
1089 1090 16
1089 3732 2
1089 4243 6
1089 4376 20
1089 9030 5
1089 9633 8
1090 1091 5
1090 1587 10
1090 2458 17
1090 2646 6
1090 6981 5
1091 1092 4
1091 1666 2
1091 1964 20
1091 4740 12
1092 207 15
1092 1093 3
1092 2318 10
1092 3185 14
1092 3648 10
1092 4437 11
1092 5145 21
1092 5264 6
1093 694 1
1093 1094 15
1093 6027 18
1093 6290 2
1093 6540 4
1093 7810 1
1094 1095 13
1094 1418 6
1094 2478 21
1095 1096 14
1095 1676 4
1095 3927 14
1095 4485 17
1095 4857 17
1095 5261 18
1095 8519 11
1095 8699 23
1095 8802 1
1095 9474 16
1096 712 18
1096 1097 17
1096 1231 11
1096 7048 8
1097 627 15
1097 1098 14
1097 1308 13
1097 3578 14
1098 1099 16
1098 6163 13
1099 1100 7
1099 1498 21
1099 1717 17
1099 2489 1
1099 2661 7
1099 3694 21
1099 4570 11
1099 5316 2
1099 6879 19
1099 8958 22
1099 9072 19
1099 9086 15
1100 20 4
1100 846 15
1100 1101 6
1100 5692 17
1101 754 5
1101 1102 19
1101 1439 3
1101 3486 21
1101 3522 4
1101 9257 6
1101 9372 8
1102 268 10
1102 554 7
1102 1103 14
1102 2467 19
1102 4916 9
1102 5120 21
1102 6504 19
1103 632 3
1103 1104 19
1103 1386 23
1103 2422 13
1103 2573 21
1103 4389 11
1103 5421 10
1103 5749 10
1103 9819 15
1104 1105 5
1104 4293 10
1104 4411 10
1104 6575 20
1104 7868 5
1104 8501 8
1104 9342 11
1105 1 13
1105 322 7
1105 1106 20
1105 4551 15
1105 4641 18
1105 5023 7
1105 6163 23
1105 8060 16
1105 9758 20
1106 1107 14
1106 1564 8
1106 2967 1
1106 3548 19
1106 5185 9
1106 6391 14
1106 8433 12
1106 9214 19
1107 664 3
1107 1108 11
1107 7935 20
1107 8530 14
1108 1109 19
1108 3989 1
1108 6769 20
1108 8833 20
1109 430 21
1109 840 12
1109 1110 10
1109 2172 8
1109 2253 21
1110 1111 3
1110 5294 10
1111 296 2
1111 469 17
1111 1112 14
1111 1166 12
1111 2798 5
1111 3816 11
1111 4266 23
1112 1113 5
1112 1848 3
1112 2150 16
1112 5800 19
1112 9639 1
1113 1114 17
1113 4984 1
1113 5261 22
1113 8929 16
1113 9074 8
1114 204 6
1114 577 17
1114 1115 12
1114 1888 12
1114 2315 15
1114 9223 13
1114 9328 1
1114 9447 20
1115 7 11
1115 766 5
1115 1116 4
1115 9469 20
1116 195 12
1116 1117 23
1116 1515 15
1116 4097 1
1116 4431 15
1116 5171 4
1116 7072 12
1116 8780 19
1117 1118 5
1117 6588 5
1117 6659 22
1117 8897 8
1118 1119 9
1118 2265 8
1118 3758 5
1118 5200 14
1118 7823 4
1118 8270 7
1119 1120 4
1120 148 14
1120 1121 20
1120 3410 12
1120 6432 7
1120 8134 2
1120 9957 15
1121 1122 19
1121 2727 11
1121 3068 20
1121 8043 21
1121 8262 8
1122 1123 5
1122 3470 5
1122 4130 9
1122 7907 12
1123 1124 21
1123 6549 22
1123 9418 11
1124 1125 23
1124 2553 15
1124 2639 11
1124 5715 7
1124 7177 2
1124 8817 13
1125 1126 9
1125 2452 21
1125 4828 18
1125 6806 9
1125 7777 12
1125 8417 13
1125 9146 9
1126 1127 11
1126 2854 15
1126 6797 2
1127 1128 8
1127 3503 21
1127 6255 21
1127 8508 20
1128 1129 20
1128 3673 9
1128 4103 9
1128 5934 6
1128 9273 13
1129 1130 11
1129 4539 4
1129 5805 22
1130 1131 9
1130 8593 15
1130 8973 13
1131 994 23
1131 1132 9
1131 1231 16
1131 1721 8
1131 1977 12
1131 2254 11
1131 2717 18
1131 5637 18
1131 9768 21
1132 1133 19
1132 2305 13
1132 5339 13
1132 6718 2
1132 7711 19
1132 8562 14
1132 8790 20
1132 9001 15
1132 9680 14
1133 1134 17
1133 5656 11
1133 7300 1
1133 8336 10
1134 1135 16
1134 6620 13
1134 7706 6
1134 9343 21
1135 676 19
1135 1136 5
1135 4320 22
1135 5035 16
1135 5075 2
1135 7350 3
1135 8181 3
1135 8408 22
1136 368 1
1136 1137 9
1136 3970 1
1136 8570 23
1137 966 6
1137 1138 21
1137 2530 22
1137 4223 7
1137 8371 6
1138 430 8
1138 1139 7
1138 1493 6
1138 3327 5
1138 7951 7
1138 9906 8
1139 504 6
1139 1140 22
1139 5050 9
1139 8489 20
1140 1141 9
1140 1339 1
1140 3562 10
1140 3900 7
1140 4025 15
1140 5303 22
1140 6083 12
1140 6585 20
1141 1142 23
1141 6110 15
1141 7273 9
1142 604 16
1142 1106 21
1142 1143 20
1142 1790 13
1142 2225 1
1142 4228 17
1142 7028 7
1142 7243 12
1142 7589 6
1142 7788 9
1143 29 4
1143 844 8
1143 1144 8
1143 1586 3
1144 380 9
1144 915 11
1144 1005 13
1144 1145 21
1144 2415 22
1144 3216 9
1144 4213 20
1144 4589 23
1145 45 13
1145 529 14
1145 565 20
1145 1146 1
1145 6983 3
1145 8358 10
1145 8402 11
1146 1147 7
1146 3709 15
1146 6326 5
1147 640 22
1147 1148 2
1147 3735 6
1147 4923 11
1147 7015 14
1148 1149 6
1148 4478 4
1148 4798 4
1148 7982 21
1149 1150 20
1149 4775 5
1149 5231 5
1149 5768 19
1149 7002 15
1149 8606 9
1150 1151 8
1150 2719 14
1150 3904 1
1150 5615 21
1150 6752 20
1150 8510 23
1151 1152 16
1151 2043 1
1151 4514 18
1151 5662 23
1151 6164 3
1151 6421 15
1152 163 18
1152 838 7
1152 1153 7
1152 1440 20
1152 2883 9
1152 7087 4
1152 8495 22
1153 484 19
1153 916 16
1153 936 2
1153 1154 9
1153 1280 11
1153 1788 11
1153 2646 12
1153 4355 1
1153 5622 19
1154 1155 15
1154 2493 1
1154 3667 11
1154 5870 3
1154 6322 14
1154 8622 12
1154 8898 14
1155 1031 23
1155 1156 17
1155 2059 21
1155 2912 15
1155 9347 16
1155 9524 17
1156 457 6
1156 473 9
1156 919 14
1156 1157 2
1156 7085 4
1157 980 22
1157 1158 6
1157 2367 2
1157 2598 13
1157 5326 16
1157 9890 6
1158 132 21
1158 528 7
1158 1159 22
1158 2164 7
1158 3568 7
1158 4339 7
1159 1160 21
1159 2689 5
1159 6749 6
1159 6922 12
1159 9727 22
1160 161 4
1160 439 2
1160 922 6
1160 1161 12
1160 3634 11
1160 9223 16
1161 827 21
1161 1162 10
1161 3538 14
1161 4218 8
1161 6110 1
1161 7869 19
1162 135 14
1162 1163 8
1162 1672 16
1162 2191 4
1163 621 10
1163 1164 22
1163 3263 4
1163 3860 3
1163 6662 21
1163 8648 20
1164 884 20
1164 1156 3
1164 1165 13
1164 1283 1
1164 2605 5
1164 6205 17
1164 7400 6
1164 7572 21
1165 1166 22
1165 1436 15
1165 3539 18
1165 8101 2
1166 1167 15
1166 7184 5
1166 7915 3
1166 9368 12
1167 1168 16
1167 1636 11
1167 2528 9
1167 7669 15
1168 187 23
1168 1169 1
1168 1515 18
1168 2910 22
1168 3840 15
1168 4247 1
1168 4706 8
1168 8522 8
1169 1170 20
1169 1187 15
1169 2605 20
1169 5098 22
1169 7356 23
1169 8332 11
1169 9192 17
1170 1171 1
1170 2882 4
1170 6372 15
1170 6534 4
1170 6964 9
1170 7385 8
1171 698 21
1171 1172 13
1171 2009 5
1171 3748 7
1171 5405 5
1171 5722 6
1172 321 16
1172 1173 1
1172 4630 13
1172 9757 12
1173 1174 1
1173 1692 11
1173 6052 22
1173 8728 3
1174 1175 19
1174 6395 10
1174 7753 16
1174 8495 14
1175 839 12
1175 1176 2
1175 3504 7
1175 8604 11
1175 9139 8
1176 111 10
1176 693 7
1176 1062 11
1176 1093 8
1176 1177 17
1176 4632 11
1176 7500 5
1176 7711 19
1176 8276 14
1177 1178 1
1177 8649 13
1177 9784 1
1178 1179 2
1178 1841 13
1178 3562 1
1178 5115 14
1178 8840 19
1179 1180 22
1179 1224 1
1179 5384 17
1179 6724 13
1179 7717 16
1179 9207 11
1180 1181 5
1180 7019 18
1180 9842 19
1181 1182 5
1181 2325 14
1181 2730 10
1181 6114 15
1181 6828 14
1181 7368 8
1181 9513 8
1181 9914 12
1182 1183 13
1182 3370 14
1182 5883 1
1182 5928 4
1182 6301 23
1182 8870 21
1183 1184 5
1183 1199 22
1183 1315 3
1183 1892 1
1183 8065 2
1184 536 21
1184 1185 20
1184 3368 13
1184 4486 6
1184 7668 16
1184 8596 8
1184 8949 16
1184 9203 15
1185 624 9
1185 828 5
1185 981 5
1185 1186 12
1185 2752 2
1185 8397 20
1185 9345 10
1185 9891 16
1186 682 4
1186 1187 14
1186 1799 15
1186 5441 12
1186 8248 15
1187 184 8
1187 1188 19
1187 4563 6
1187 4588 18
1187 4923 18
1187 8002 20
1188 530 19
1188 1189 5
1188 1813 12
1188 2109 9
1188 2177 17
1188 4921 3
1188 6422 22
1188 6513 22
1188 7660 2
1188 8603 20
1189 14 4
1189 1188 1
1189 1190 4
1189 2399 2
1189 3634 20
1189 6032 23
1189 6307 10
1189 6746 8
1189 7254 13
1190 771 9
1190 1191 19
1190 1994 3
1190 3447 8
1190 3725 16
1190 7040 6
1191 1192 17
1191 4292 2
1191 5942 15
1191 8640 14
1191 9845 6
1192 1193 6
1192 1526 22
1192 1731 20
1192 5709 11
1192 8846 12
1192 9509 15
1192 9613 5
1192 9621 20
1193 483 6
1193 1194 20
1193 1742 1
1193 1770 17
1193 6066 18
1193 6074 21
1193 6443 7
1193 7236 1
1193 9115 13
1194 256 12
1194 1195 16
1194 3533 19
1195 1196 3
1195 2539 4
1195 5003 8
1195 8893 5
1196 1197 15
1196 5693 20
1196 7193 8
1196 8360 20
1197 163 5
1197 388 2
1197 1198 5
1197 7614 18
1197 9091 10
1198 868 16
1198 1199 15
1198 5269 14
1198 7053 4
1198 8530 4
1198 9384 16
1199 1200 19
1199 2708 5
1199 4676 4
1199 9857 15
1200 1201 14
1200 2230 5
1200 5685 14
1200 6235 10
1201 1202 7
1201 1429 19
1201 1759 3
1201 2573 12
1201 3866 21
1201 4089 4
1201 8449 9
1202 1203 22
1202 2270 19
1202 3559 17
1203 1204 11
1203 2040 1
1203 2584 14
1203 4657 12
1203 5767 10
1203 6082 10
1203 7404 17
1203 9174 14
1204 853 11
1204 1205 20
1204 1582 20
1204 1685 21
1204 2028 14
1204 3130 16
1204 3240 11
1204 7485 11
1205 1206 6
1205 2543 17
1205 3731 15
1205 4562 1
1205 5218 3
1205 5465 3
1205 6619 19
1205 7846 19
1206 1207 16
1206 1725 17
1206 6408 1
1206 7940 19
1206 8482 19
1206 8823 12
1206 8877 11
1206 9792 17
1206 9877 7
1207 1208 21
1207 1576 6
1207 9683 21
1208 1209 16
1208 1770 18
1208 2290 15
1208 2751 4
1208 3919 10
1208 8646 8
1209 1141 6
1209 1210 5
1209 6109 8
1210 98 3
1210 1211 11
1210 1809 2
1210 2888 19
1210 3154 1
1210 3784 16
1211 1212 4
1211 1723 10
1211 4188 3
1211 4293 7
1211 5672 10
1211 8771 17
1212 1213 22
1212 1322 19
1212 3792 14
1212 5271 2
1212 7052 3
1212 9338 21
1213 746 21
1213 1214 6
1213 2020 13
1213 2416 7
1213 4078 20
1213 8609 1
1213 9011 3
1214 1135 10
1214 1215 6
1214 6870 2
1214 7544 20
1214 8508 20
1214 8807 10
1215 640 22
1215 1216 13
1215 3111 11
1215 3975 10
1215 4367 13
1215 5610 6
1215 6062 2
1215 7630 16
1216 1217 23
1216 1597 3
1216 5237 14
1216 7691 7
1217 7 16
1217 1218 8
1217 1598 14
1217 1647 21
1217 3284 3
1217 5558 7
1217 5983 18
1217 6436 11
1217 7208 2
1217 8025 7
1217 8880 6
1218 1219 7
1218 1227 15
1218 1676 22
1218 2764 17
1218 2842 12
1218 4623 16
1218 5711 1
1219 1220 8
1219 2247 4
1219 2276 17
1219 4337 13
1219 6463 6
1219 7404 22
1220 1221 22
1220 1298 4
1220 2333 20
1220 4273 21
1220 5889 7
1220 8208 12
1220 8425 13
1221 645 8
1221 1222 22
1221 1492 14
1221 2399 10
1221 5783 7
1221 7378 17
1222 176 12
1222 1223 8
1222 1738 18
1222 3192 3
1222 5704 11
1222 6411 18
1222 6712 11
1223 762 14
1223 1224 2
1223 1384 3
1223 2380 19
1223 4096 13
1223 5048 4
1224 1225 14
1224 1493 4
1224 6333 23
1224 7399 17
1224 7812 2
1224 8190 17
1224 8970 20
1224 9705 17
1225 129 14
1225 389 9
1225 1226 1
1225 1313 8
1225 1386 13
1226 1227 3
1226 1302 19
1226 2763 13
1226 5321 14
1227 835 20
1227 1228 3
1227 6432 1
1227 9668 12
1228 96 15
1228 1229 17
1228 5018 8
1228 5506 12
1228 8749 16
1228 9179 13
1228 9556 22
1229 1230 2
1229 1808 20
1229 6324 1
1229 8222 10
1229 9825 3
1230 1225 1
1230 1231 17
1230 1834 19
1230 2190 8
1231 448 14
1231 1232 18
1231 1284 18
1231 2170 7
1231 3562 19
1231 6050 20
1231 6896 10
1231 9685 1
1232 1233 14
1232 1828 22
1232 1983 8
1232 2073 2
1232 3828 6
1232 4516 22
1232 5299 2
1232 5498 2
1232 5666 12
1232 5873 3
1232 6135 1
1233 1234 10
1233 1266 12
1233 9928 4
1234 1235 4
1234 4612 14
1234 7467 4
1234 9843 5
1235 1236 11
1235 2487 18
1235 3737 22
1235 6310 18
1235 8347 23
1236 1237 10
1236 2295 2
1236 2495 8
1236 5564 10
1236 6186 5
1236 7230 2
1236 7594 17
1237 1238 4
1237 3935 8
1237 5151 19
1237 6101 4
1237 7391 3
1237 8402 14
1237 8561 14
1237 8705 7
1238 907 21
1238 1071 11
1238 1239 15
1238 1802 3
1238 2667 11
1238 3848 3
1239 902 6
1239 995 2
1239 1087 12
1239 1240 5
1239 2026 6
1239 3414 17
1240 1241 3
1240 1446 20
1240 7156 9
1240 8611 22
1241 960 9
1241 1242 14
1241 1466 14
1241 3782 13
1242 231 4
1242 1243 23
1242 1934 21
1242 6334 4
1242 6594 18
1242 8024 6
1242 8770 3
1243 1244 5
1243 2150 9
1243 5793 9
1244 1245 19
1244 4740 1
1244 7541 8
1244 8016 8
1244 9096 9
1245 275 13
1245 1246 3
1245 2112 6
1245 3912 7
1246 1247 23
1246 1616 8
1247 1248 17
1248 897 15
1248 1249 6
1248 2529 17
1248 7315 18
1249 104 10
1249 1250 7
1249 1335 21
1249 1729 18
1249 2330 16
1249 5370 8
1249 7330 2
1249 8040 13
1249 8952 20
1250 802 16
1250 1251 23
1250 1984 2
1250 4078 4
1250 7706 14
1251 1252 18
1251 1931 1
1251 4538 13
1251 7654 2
1251 8799 5
1252 47 16
1252 862 3
1252 1068 3
1252 1253 1
1252 2616 9
1252 4932 15
1252 5001 11
1252 5745 11
1252 6897 19
1252 8012 4
1253 1254 14
1253 2479 4
1253 5091 18
1253 7184 6
1253 7203 12
1253 8317 10
1253 9180 19
1254 237 7
1254 449 20
1254 1019 10
1254 1131 4
1254 1255 18
1254 2246 14
1254 2759 10
1254 4195 19
1254 9679 16
1255 624 6
1255 1256 1
1255 1257 1
1255 2399 17
1255 7749 3
1256 1040 7
1256 1257 17
1256 2557 14
1256 7371 4
1256 7455 10
1256 8385 10
1256 9568 7
1257 1258 19
1257 5058 21
1258 512 5
1258 1259 18
1258 7210 21
1258 8827 5
1258 9026 2
1259 712 4
1259 1260 12
1259 6744 12
1259 7407 5
1259 7481 21
1259 7842 23
1259 7931 23
1259 9030 18
1260 1261 22
1260 2623 17
1260 4373 4
1260 5045 23
1260 6875 11
1261 1246 11
1261 1262 5
1261 1476 3
1261 2242 16
1261 6911 11
1262 1030 18
1262 1263 23
1262 4965 12
1262 8683 13
1262 9652 22
1263 1264 1
1263 1826 16
1263 9086 1
1264 36 6
1264 1265 4
1264 2348 23
1264 4775 7
1264 6443 3
1264 7965 18
1264 8834 11
1265 741 6
1265 1266 2
1265 1924 21
1265 2188 5
1265 2780 9
1265 3634 19
1265 4784 7
1265 5565 2
1266 982 6
1266 1267 13
1266 3034 12
1266 6277 12
1266 7224 4
1266 8505 18
1266 8554 7
1267 1268 16
1267 1558 13
1267 3986 19
1267 5287 12
1268 1054 23
1268 1269 21
1268 3088 11
1268 4394 2
1268 4860 5
1268 7809 17
1269 828 20
1269 994 22
1269 1270 11
1269 2138 18
1269 5693 22
1269 8285 23
1270 21 13
1270 1271 19
1270 4247 11
1270 6091 8
1270 7358 16
1270 8389 10
1270 9249 6
1271 1070 7
1271 1272 16
1271 5111 18
1271 7077 1
1271 9700 8
1272 1273 1
1272 2264 2
1272 5075 12
1272 7815 22
1273 103 18
1273 1274 7
1273 1506 15
1274 503 18
1274 1065 19
1274 1275 15
1274 7716 12
1274 8105 10
1275 876 23
1275 1276 2
1275 2030 8
1275 5121 7
1275 8901 19
1276 863 6
1276 1277 16
1276 1617 17
1276 2647 17
1277 331 8
1277 1278 13
1277 1993 1
1277 6322 10
1277 6877 8
1277 9436 2
1278 858 1
1278 1279 20
1278 1640 11
1278 2608 16
1278 5305 23
1278 5383 18
1278 5729 9
1278 6456 20
1278 7280 14
1278 9241 23
1279 274 22
1279 1280 11
1279 3818 7
1279 8289 19
1280 1281 20
1280 2199 14
1280 3037 11
1280 5537 11
1280 9289 13
1281 1282 18
1281 5044 1
1281 5983 17
1282 1283 23
1283 1284 12
1283 3832 15
1283 4648 16
1283 5389 12
1283 6119 17
1283 6552 5
1283 7466 1
1284 691 9
1284 1285 19
1284 6342 23
1284 7329 17
1285 1286 17
1285 4853 1
1285 5326 8
1285 8882 22
1285 9646 3
1285 9793 1
1286 711 9
1286 1287 10
1287 695 20
1287 1288 20
1287 2127 3
1287 5618 18
1287 8466 21
1288 997 20
1288 1289 22
1288 1439 18
1288 1565 12
1288 4023 19
1288 7858 3
1288 8672 3
1288 8808 20
1289 1290 18
1289 6497 6
1289 9650 21
1290 1291 15
1290 1634 8
1290 4295 15
1290 4756 12
1290 7384 8
1291 1292 4
1291 2177 22
1291 9194 17
1292 1293 21
1292 1309 10
1292 8255 2
1293 1294 14
1293 4460 20
1293 9274 12
1294 1295 3
1294 6602 17
1294 7185 18
1294 7290 5
1295 663 23
1295 1296 15
1295 2198 8
1295 3384 7
1295 3798 18
1295 6116 10
1295 6828 17
1295 8490 21
1295 9252 14
1296 84 9
1296 868 22
1296 1297 14
1296 1362 11
1296 2049 10
1296 3472 15
1296 7367 16
1297 1037 11
1297 1298 5
1297 2091 15
1297 4171 17
1297 7684 12
1298 1299 18
1298 4719 1
1298 4971 4
1298 5571 5
1298 5730 10
1298 6935 20
1299 128 4
1299 775 14
1299 1300 2
1299 3102 3
1299 6039 22
1299 6249 12
1299 8426 19
1300 136 12
1300 1147 18
1300 1301 21
1300 1342 6
1300 2269 17
1300 3410 3
1300 5144 22
1300 5202 22
1300 5285 5
1301 1302 3
1301 2399 22
1301 5432 8
1301 8148 7
1302 1303 21
1302 3617 23
1302 5947 11
1302 8991 16
1302 9509 14
1303 1304 17
1303 6638 16
1303 6669 15
1303 9941 22
1304 1305 9
1304 3874 13
1304 8346 22
1304 9090 15
1304 9151 9
1304 9646 6
1305 292 8
1305 636 12
1305 1306 13
1305 2001 7
1305 3427 18
1305 6845 22
1305 7074 20
1305 8567 4
1306 378 2
1306 1080 7
1306 1307 3
1306 1503 18
1306 1860 1
1306 4791 12
1306 4919 20
1307 3 19
1307 214 18
1307 1308 16
1307 2433 5
1307 4314 10
1307 7088 16
1308 442 1
1308 1309 19
1308 1496 16
1308 3339 15
1308 3531 3
1308 6393 12
1309 338 14
1309 626 22
1309 1310 9
1309 6043 17
1309 6427 23
1309 8070 22
1309 9278 20
1310 68 22
1310 282 6
1310 415 22
1310 875 9
1310 1311 17
1310 2313 16
1310 3940 7
1310 5239 18
1310 7769 10
1311 1312 1
1311 1315 8
1311 2451 13
1311 2576 23
1311 2999 22
1311 3468 3
1311 3648 9
1311 5423 13
1311 7192 13
1312 78 22
1312 1313 4
1312 1641 13
1312 3134 17
1312 8968 18
1313 111 10
1313 1314 9
1313 8048 3
1314 172 20
1314 200 3
1314 1315 12
1314 4745 5
1314 6978 6
1315 1316 2
1315 7214 14
1315 7814 16
1316 942 17
1316 1176 19
1316 1317 14
1316 2387 10
1317 1126 9
1317 1318 3
1317 8582 2
1317 8726 2
1317 9146 6
1318 1051 21
1318 1319 19
1318 1854 7
1318 2772 23
1318 7955 22
1318 9580 15
1319 1320 12
1319 3227 6
1319 4164 1
1319 5517 19
1319 9881 15
1320 1321 18
1320 2107 6
1320 2548 10
1320 6121 17
1320 7851 9
1320 9194 8
1321 930 14
1321 1322 15
1321 9608 13
1321 9858 18
1322 1323 15
1322 2524 11
1322 4585 3
1322 7007 17
1323 1324 18
1323 5947 1
1323 6486 11
1323 7200 20
1323 7362 21
1323 8682 11
1324 662 7
1324 1325 14
1324 2551 9
1324 2948 15
1324 5443 8
1324 5496 9
1324 7752 12
1324 8109 3
1324 8484 2
1324 8602 2
1325 1326 20
1325 1353 2
1325 3363 22
1325 6124 2
1326 55 8
1326 1327 19
1326 4765 17
1326 5861 12
1326 6434 6
1326 7140 7
1327 35 17
1327 1328 10
1327 1715 22
1327 2316 16
1327 4294 23
1327 7404 17
1327 8452 4
1328 938 8
1328 1329 10
1328 4841 18
1328 4959 6
1328 9693 7
1329 12 11
1329 536 9
1329 1330 4
1329 1616 15
1329 2404 7
1329 3356 21
1329 3804 21
1329 5986 21
1330 841 9
1330 1331 10
1330 6476 3
1330 7678 2
1330 8665 21
1331 1332 15
1331 8151 21
1331 9377 21
1331 9668 11
1332 1247 18
1332 1333 16
1332 3238 15
1332 3489 23
1332 5519 17
1332 6819 22
1332 7375 6
1332 8526 5
1333 251 15
1333 275 10
1333 974 10
1333 1334 13
1333 1706 4
1333 2679 13
1333 4337 10
1333 8750 11
1334 208 1
1334 858 6
1334 1335 3
1334 2890 16
1334 2957 6
1334 5624 10
1335 132 1
1335 1336 23
1335 3743 4
1335 8309 18
1335 8657 20
1335 9306 5
1336 1337 19
1336 1944 4
1336 9552 2
1337 1338 16
1337 1491 8
1337 5141 7
1338 702 6
1338 771 9
1338 1339 12
1338 1706 22
1338 2005 20
1338 4907 13
1339 665 1
1339 799 11
1339 1340 5
1339 5812 1
1339 9564 4
1340 935 18
1340 1341 22
1340 3327 14
1340 7074 22
1340 7088 15
1341 1342 7
1341 1974 8
1341 2268 12
1341 5537 22
1341 7910 9
1341 9967 15
1342 1343 20
1342 1407 9
1342 2660 12
1342 2990 15
1342 6996 23
1343 139 18
1343 1344 9
1343 1803 19
1343 5705 3
1343 7219 3
1343 7522 10
1343 8608 23
1344 677 3
1344 1287 15
1344 1345 6
1344 3716 2
1344 4505 12
1344 6529 14
1344 7104 11
1344 7723 6
1344 8674 3
1344 9053 12
1345 1035 12
1345 1145 8
1345 1346 22
1345 2884 6
1345 8072 5
1345 9333 3
1346 668 23
1346 1347 16
1347 1348 10
1347 3037 23
1347 3544 23
1347 5985 9
1348 274 16
1348 1349 22
1349 1350 19
1349 4327 2
1349 7016 4
1349 7196 21
1349 7813 5
1349 8199 21
1350 1351 10
1350 4216 11
1350 9267 12
1351 737 20
1351 1352 10
1351 2515 11
1351 2847 23
1351 4168 9
1351 5054 12
1351 6697 22
1352 1353 22
1352 4808 4
1352 5570 23
1352 6127 4
1352 8543 20
1353 125 15
1353 510 18
1353 1354 2
1353 3505 17
1353 6699 4
1354 1355 11
1354 4087 18
1354 5486 17
1355 936 13
1355 1287 17
1355 1356 12
1355 2767 8
1355 2974 6
1355 4409 5
1355 4607 4
1355 9336 16
1356 435 19
1356 743 13
1356 859 15
1356 1192 2
1356 1357 19
1356 6853 12
1357 1358 6
1357 4262 10
1357 8012 3
1358 1359 10
1358 4991 2
1358 7928 12
1358 9268 7
1359 1360 15
1359 4955 13
1359 5110 13
1359 6605 6
1360 753 22
1360 1143 2
1360 1361 14
1360 1398 14
1360 3293 9
1360 3902 23
1360 5424 8
1360 7201 4
1360 8034 19
1360 8588 13
1360 9346 6
1361 1167 20
1361 1362 20
1361 2523 20
1362 427 16
1362 1363 11
1362 2620 12
1362 3516 20
1362 4939 17
1362 5422 13
1362 7258 21
1362 7398 16
1362 9187 4
1362 9284 1
1363 1364 22
1363 3722 16
1363 6087 8
1363 6906 12
1363 7397 16
1364 1365 11
1364 4349 19
1364 9010 20
1364 9515 18
1365 818 21
1365 1366 22
1365 3651 11
1366 1367 20
1366 5429 18
1366 8846 17
1367 223 13
1367 1368 7
1367 1590 8
1367 6058 8
1367 6786 14
1367 9301 16
1367 9708 3
1368 852 6
1368 1369 20
1368 3014 21
1368 4664 10
1368 5886 22
1368 7169 21
1368 7182 10
1368 7433 13
1368 9830 12
1369 1370 8
1369 2613 20
1369 5050 18
1369 6140 5
1369 6226 13
1369 8316 12
1369 9130 20
1369 9452 7
1370 235 19
1370 1371 21
1370 1884 1
1370 1968 23
1370 2411 14
1370 5273 3
1370 7101 22
1370 7168 19
1370 8080 4
1370 8273 22
1370 8801 9
1370 9887 8
1371 1372 14
1371 1454 2
1371 5567 16
1371 6229 22
1371 8484 5
1372 1334 12
1372 1373 11
1372 2252 9
1372 3955 2
1372 5004 20
1373 232 14
1373 837 4
1373 1374 9
1373 4948 22
1373 9316 7
1374 1375 23
1374 1472 23
1374 3045 15
1374 3734 16
1374 5256 3
1375 163 10
1375 1376 3
1375 1638 19
1375 4230 4
1375 5161 23
1375 6291 3
1375 7200 20
1376 304 12
1376 1377 16
1376 4657 6
1377 1378 3
1377 1657 3
1377 4491 8
1377 4682 20
1377 9781 22
1378 1327 20
1378 1379 3
1378 2132 8
1378 2625 16
1378 6084 20
1378 6110 8
1378 8107 1
1378 8186 5
1378 9515 21
1379 659 6
1379 1380 23
1379 2092 6
1379 2192 22
1379 3595 23
1379 4471 4
1379 7101 8
1380 744 8
1380 1175 21
1380 1381 2
1380 1749 5
1380 5507 8
1380 5840 22
1380 9831 23
1381 847 20
1381 1382 4
1381 3094 7
1381 3860 9
1381 3990 4
1381 4790 23
1381 8322 14
1381 9479 13
1382 1383 5
1382 4866 22
1382 4910 13
1382 5418 12
1382 5832 6
1383 534 10
1383 1384 5
1383 4507 20
1383 5043 14
1384 1298 7
1384 1385 5
1384 1472 20
1384 1570 15
1384 1615 21
1384 3033 9
1384 3247 10
1384 4959 16
1385 1386 17
1385 5496 2
1386 197 13
1386 1387 3
1386 3222 8
1386 6441 23
1386 7758 23
1387 1388 18
1387 2397 10
1387 5316 5
1387 7291 12
1388 367 21
1388 458 7
1388 553 9
1388 1389 9
1388 2708 8
1388 2718 22
1388 9026 2
1389 654 1
1389 798 20
1389 1390 13
1389 3480 5
1389 4782 18
1389 5887 9
1389 8031 6
1389 8107 20
1389 8832 17
1389 9501 2
1390 1367 12
1390 1391 20
1390 1695 2
1390 1779 9
1390 2365 18
1390 2683 16
1390 7268 8
1390 9162 10
1391 634 2
1391 1392 2
1391 1622 20
1391 2449 5
1391 4271 1
1391 5606 6
1391 8855 3
1392 1162 21
1392 1393 2
1392 2189 7
1392 2497 13
1392 4127 6
1392 7351 4
1392 9119 18
1393 462 11
1393 497 4
1393 636 8
1393 1394 16
1393 3373 10
1393 6217 1
1394 1395 19
1394 3163 2
1394 6464 11
1394 6835 19
1395 1396 15
1395 1775 18
1395 3222 13
1395 6398 18
1395 6416 7
1395 7760 5
1395 7958 20
1395 8306 12
1395 9210 3
1395 9287 19
1396 1397 16
1396 1774 6
1396 5063 5
1396 5578 17
1396 7925 11
1397 130 8
1397 1398 22
1397 2651 14
1397 2838 15
1397 3113 7
1397 6093 11
1397 8256 19
1397 9910 12
1398 1399 8
1398 2794 10
1398 4236 15
1399 467 15
1399 1400 22
1399 2493 11
1399 3771 7
1399 5963 22
1399 8101 15
1400 1401 23
1400 3674 4
1400 5920 8
1401 1093 17
1401 1402 10
1401 3748 11
1401 4717 7
1401 9571 19
1402 1403 11
1402 1824 12
1402 2289 5
1402 4857 16
1402 6019 3
1403 70 3
1403 620 3
1403 637 16
1403 981 9
1403 1404 10
1403 1628 20
1403 7277 13
1403 7945 5
1403 8128 6
1404 1231 2
1404 1405 17
1404 4646 19
1404 4776 15
1404 5613 18
1404 5998 4
1405 1369 7
1405 1406 13
1405 1535 4
1405 1733 15
1405 4288 20
1405 6059 2
1405 6096 18
1406 449 10
1406 1266 10
1406 1407 5
1406 2037 19
1406 7343 15
1406 8049 6
1407 1408 21
1407 1452 12
1407 4597 2
1407 6895 10
1408 1081 6
1408 1409 9
1408 2244 8
1408 3339 10
1408 4193 13
1408 8305 13
1408 8544 18
1408 9156 21
1409 326 6
1409 1236 23
1409 1410 7
1409 2117 13
1409 3824 22
1409 5817 8
1409 5870 17
1409 8973 13
1410 415 19
1410 455 7
1410 1411 4
1410 2755 21
1410 7032 19
1411 1412 8
1411 4294 10
1411 7538 19
1411 7609 12
1411 9713 7
1412 480 7
1412 1413 5
1412 1625 10
1412 4872 10
1412 4906 5
1413 1414 1
1413 1678 11
1413 1945 3
1413 7278 13
1414 1415 5
1414 1596 9
1414 4735 8
1414 8757 16
1415 96 23
1415 1416 5
1415 3189 18
1415 3872 21
1415 4607 10
1415 8288 17
1416 956 18
1416 982 11
1416 987 8
1416 1417 17
1416 1727 15
1416 2016 20
1416 5194 19
1416 5586 8
1416 7290 5
1416 9421 23
1417 359 12
1417 820 12
1417 1050 5
1417 1418 20
1417 5812 7
1417 7430 4
1417 7523 11
1417 9603 10
1417 9894 13
1418 394 1
1418 671 16
1418 1419 23
1418 3984 3
1418 4937 19
1418 7672 21
1418 9874 1
1419 408 16
1419 1045 19
1419 1310 22
1419 1420 9
1419 1906 9
1419 4118 10
1419 6906 15
1419 9537 21
1420 1421 15
1420 1518 21
1420 1949 14
1420 3233 23
1420 3239 23
1420 7026 4
1420 9737 20
1421 754 4
1421 1422 16
1421 1469 22
1421 3921 13
1422 350 21
1422 1423 21
1422 4307 8
1422 5773 2
1423 205 16
1423 887 7
1423 1424 21
1423 3991 8
1423 4892 4
1423 8758 2
1423 9522 11
1424 743 4
1424 1425 4
1424 9180 9
1425 195 9
1425 1426 20
1425 2880 20
1425 7886 23
1426 310 13
1426 1427 16
1426 3440 13
1426 6054 6
1426 6173 7
1426 8552 1
1426 8591 15
1426 8632 11
1426 9040 10
1427 1243 20
1427 1428 14
1427 2164 3
1427 2529 5
1427 5835 12
1427 6885 11
1427 8316 15
1427 9911 23
1428 1429 11
1428 6716 8
1428 9118 22
1428 9657 9
1429 1430 19
1430 1431 14
1430 3174 10
1430 8249 21
1430 9203 21
1430 9341 11
1431 1432 17
1431 2013 18
1431 4466 8
1431 6416 17
1432 1433 21
1432 1703 7
1432 1885 21
1432 6325 10
1432 6746 12
1432 8815 11
1432 9038 2
1433 1406 16
1433 1434 9
1433 1954 4
1433 3846 8
1433 9703 3
1434 363 21
1434 935 10
1434 1435 9
1434 2187 21
1434 4963 16
1434 5589 11
1434 7471 21
1434 8616 19
1435 475 2
1435 1436 1
1435 1928 18
1435 5242 14
1435 7040 11
1436 1437 19
1436 4705 4
1436 4985 23
1436 5435 13
1436 7515 17
1436 7936 1
1436 8312 7
1436 8732 4
1437 1256 9
1437 1438 8
1437 5505 4
1437 5969 14
1437 6013 1
1437 7256 10
1438 1439 19
1438 3990 3
1438 4147 18
1438 4233 6
1438 8867 4
1439 1168 21
1439 1440 15
1439 2042 11
1439 2193 4
1439 3678 15
1439 7952 8
1439 8090 20
1439 9530 6
1440 507 19
1440 1441 19
1440 3722 8
1440 8353 23
1440 9860 23
1441 0 1
1441 1442 23
1441 2840 16
1441 4374 20
1441 6637 4
1441 7653 14
1441 8111 10
1442 1443 23
1442 1954 3
1442 4077 11
1442 5554 1
1442 9664 21
1442 9727 22
1443 1145 16
1443 1444 22
1443 4563 21
1443 7017 18
1443 8322 19
1444 1445 22
1444 6000 7
1444 6144 12
1444 6490 9
1444 8606 18
1444 9589 17
1445 1446 7
1445 1898 1
1445 8759 18
1446 112 20
1446 662 21
1446 1447 19
1446 2166 22
1446 2842 15
1446 7355 11
1447 667 20
1447 1448 2
1447 1656 19
1447 1917 21
1447 3117 16
1447 4247 1
1448 1449 12
1448 4828 18
1448 6329 8
1448 7019 22
1449 804 15
1449 1450 18
1449 1847 18
1449 3255 9
1449 3973 18
1449 6868 5
1449 7749 16
1449 9164 23
1450 1451 5
1450 4357 7
1450 5955 12
1450 8090 7
1450 8228 21
1450 9326 15
1451 174 21
1451 1347 22
1451 1452 23
1451 4882 2
1451 5023 1
1451 5353 2
1451 5454 13
1452 356 18
1452 1453 4
1452 3058 23
1452 4280 3
1452 5224 19
1452 8710 22
1453 1454 13
1453 1576 23
1453 6869 7
1453 8701 17
1454 421 15
1454 1007 7
1454 1455 16
1454 4022 16
1454 6007 23
1455 149 15
1455 1456 8
1455 2044 2
1455 2177 16
1455 2822 6
1455 3838 18
1455 5585 4
1455 9457 17
1455 9670 10
1456 1415 7
1456 1457 6
1456 3807 12
1456 5274 20
1456 9312 16
1457 1458 16
1457 5942 4
1457 6322 10
1458 41 19
1458 150 1
1458 405 13
1458 863 23
1458 1459 22
1458 4371 3
1458 5158 9
1458 5190 21
1458 6150 9
1458 8856 11
1458 8922 14
1459 80 1
1459 902 18
1459 1125 6
1459 1460 6
1459 1799 7
1459 2267 3
1459 2745 1
1460 511 13
1460 1461 14
1460 4986 19
1460 9624 17
1461 1342 19
1461 1462 18
1461 2864 5
1461 3219 7
1461 5687 21
1461 6666 17
1461 7515 8
1461 8343 16
1461 8973 9
1462 805 4
1462 812 8
1462 1463 9
1462 4809 2
1463 1396 13
1463 1464 7
1463 1748 6
1463 2777 20
1463 6607 23
1463 7606 5
1463 9375 10
1464 837 11
1464 1289 9
1464 1465 18
1464 1651 14
1464 3134 12
1464 5910 9
1464 6855 11
1464 7096 13
1464 9760 10
1465 540 7
1465 1466 4
1465 4228 7
1465 6323 13
1466 648 18
1466 893 17
1466 1202 17
1466 1467 15
1466 6828 14
1467 1420 10
1467 1468 3
1467 6410 16
1468 1469 10
1468 1762 20
1468 4252 15
1468 7593 13
1468 8105 17
1469 1470 11
1469 3494 3
1469 4171 6
1469 4174 15
1470 1471 10
1470 3611 2
1471 1472 12
1471 2933 15
1471 9005 21
1472 226 13
1472 1473 20
1472 3363 8
1472 3722 17
1473 1474 15
1473 4122 3
1473 6371 11
1473 9373 17
1473 9739 23
1474 349 10
1474 429 21
1474 820 8
1474 1287 14
1474 1475 4
1474 1826 2
1474 1942 22
1474 8975 5
1475 1476 10
1475 3024 12
1475 5517 8
1475 7110 1
1475 8280 21
1476 1477 14
1476 2677 8
1476 3396 2
1476 4371 2
1476 4873 9
1476 5412 7
1476 7984 14
1476 8662 22
1477 16 23
1477 518 3
1477 1478 15
1477 5087 3
1477 5461 13
1477 6255 18
1478 347 23
1478 928 22
1478 1140 6
1478 1479 5
1478 3792 19
1478 6823 17
1478 9808 19
1479 649 23
1479 1480 14
1479 4453 4
1479 7671 22
1479 9552 5
1480 1382 3
1480 1481 12
1480 3283 3
1480 4265 1
1481 1482 10
1482 1153 6
1482 1483 19
1482 7929 11
1482 9093 14
1482 9837 4
1483 1103 22
1483 1233 12
1483 1484 7
1483 1580 8
1483 2008 2
1483 9058 22
1484 626 2
1484 818 22
1484 1045 13
1484 1485 4
1484 1567 17
1484 1698 21
1484 2433 11
1484 2974 8
1484 3026 7
1484 3907 19
1484 4376 15
1484 7106 18
1484 8832 11
1485 1486 13
1485 1723 2
1485 8070 13
1485 9402 9
1486 1487 18
1486 2515 14
1486 3303 6
1486 6493 17
1487 984 10
1487 1156 21
1487 1488 20
1487 4722 13
1487 5795 8
1487 6226 14
1487 6257 9
1487 8164 15
1488 690 8
1488 1489 20
1488 3152 13
1488 4704 2
1488 8266 18
1488 8686 16
1489 1490 14
1489 2722 4
1489 6365 14
1489 6733 21
1489 7798 3
1490 372 6
1490 1491 18
1490 2323 9
1490 5473 9
1490 8769 14
1491 750 21
1491 940 23
1491 1000 15
1491 1492 13
1491 5098 17
1491 9200 9
1492 923 2
1492 1493 21
1492 2223 3
1492 6100 20
1492 7741 14
1493 1494 23
1493 3757 11
1493 4818 18
1493 8583 12
1494 1382 8
1494 1495 10
1494 2883 15
1494 5771 13
1494 6952 14
1494 7030 23
1495 1496 12
1495 4949 5
1495 6120 12
1495 8065 12
1496 1089 19
1496 1497 19
1496 1715 4
1496 3110 22
1496 3315 7
1496 7388 4
1496 8823 12
1497 1306 19
1497 1498 16
1497 5945 16
1497 5961 22
1497 7259 1
1497 7316 4
1498 10 16
1498 755 20
1498 1499 15
1498 1528 6
1498 2594 15
1498 6272 21
1498 6681 23
1499 1494 9
1499 1500 20
1499 2429 6
1499 2698 20
1499 4733 10
1499 8059 8
1499 9381 4
1499 9786 17
1500 1501 19
1500 1599 21
1500 3307 19
1500 8461 10
1501 606 1
1501 1502 4
1501 5358 14
1501 7262 20
1502 322 2
1502 1503 9
1502 2134 14
1502 4212 21
1502 4658 1
1503 1074 8
1503 1504 12
1503 1777 16
1503 1942 10
1503 1956 23
1503 2587 22
1503 4319 14
1503 6412 18
1503 8289 21
1503 9426 9
1504 1505 2
1504 4430 7
1504 4891 11
1504 9105 18
1504 9573 4
1505 358 7
1505 915 19
1505 1506 10
1505 2621 4
1505 4834 5
1505 6923 8
1506 796 6
1506 1348 2
1506 1507 13
1506 1968 11
1506 3373 9
1506 9118 11
1507 520 6
1507 1508 12
1507 5830 16
1507 5930 16
1507 6453 23
1507 9372 8
1508 1509 4
1508 2323 7
1508 2456 21
1508 2747 18
1508 7915 3
1509 710 13
1509 1510 9
1509 2465 11
1509 3127 7
1509 4912 12
1509 5400 11
1510 848 19
1510 965 12
1510 1137 21
1510 1326 19
1510 1511 22
1510 2251 3
1510 3800 7
1510 5611 4
1510 6470 23
1510 6963 16
1510 7248 12
1510 8561 20
1510 9325 6
1511 1310 17
1511 1433 20
1511 1512 7
1511 4018 3
1511 4047 9
1511 7181 18
1511 7228 12
1511 8471 4
1511 8996 14
1511 9652 10
1512 1513 4
1512 3948 20
1512 7390 17
1512 8151 21
1512 8190 3
1513 372 7
1513 1514 15
1513 6662 18
1513 8741 3
1513 8850 4
1513 9535 4
1514 61 20
1514 1515 12
1514 2286 8
1514 4446 2
1514 7133 21
1514 8714 13
1515 614 23
1515 1516 14
1515 1964 22
1515 3391 15
1515 6135 18
1516 1517 23
1516 2302 18
1516 2396 18
1516 4532 12
1516 4910 1
1516 5493 8
1516 8816 7
1516 9272 18
1517 688 3
1517 1518 20
1517 2339 21
1517 3501 4
1517 5416 10
1517 8575 3
1518 1439 14
1518 1519 14
1518 1786 23
1518 4122 7
1518 6895 7
1519 1520 23
1519 2587 2
1519 3161 18
1519 8711 3
1520 319 7
1520 661 11
1520 1521 11
1520 9160 17
1520 9741 11
1520 9776 13
1521 1522 22
1521 2828 3
1521 8493 16
1521 9895 16
1521 9992 5
1522 1523 5
1522 7619 11
1522 8600 15
1522 9035 23
1523 382 22
1523 1159 21
1523 1524 19
1523 4175 15
1523 4311 2
1523 5821 1
1523 8040 9
1524 721 11
1524 878 16
1524 1525 11
1524 2870 6
1524 6850 15
1525 1526 20
1525 3402 1
1525 4631 1
1525 5967 21
1525 6057 16
1525 6504 16
1525 7585 22
1526 306 8
1526 336 14
1526 1527 9
1526 2715 18
1526 2890 15
1526 7073 1
1527 11 2
1527 1018 4
1527 1528 4
1527 1908 5
1527 4943 19
1527 5247 11
1528 1529 20
1528 2419 15
1528 3275 15
1528 6029 8
1528 6487 13
1529 27 19
1529 1530 1
1529 3469 5
1529 4435 7
1529 4770 17
1529 5389 17
1529 9310 3
1530 481 18
1530 1460 6
1530 1531 5
1530 2252 9
1530 6530 7
1530 9303 17
1531 1291 19
1531 1532 4
1531 1681 4
1531 3118 1
1532 1533 23
1532 2811 19
1532 7531 18
1533 1260 15
1533 1534 22
1533 4537 16
1533 4931 3
1533 5554 8
1533 6279 14
1534 1535 16
1534 2990 15
1534 3652 22
1534 3817 22
1534 5693 3
1535 698 10
1535 1536 17
1535 2852 15
1535 3744 3
1535 8649 10
1536 778 4
1536 1537 9
1536 5534 5
1536 6154 12
1537 535 2
1537 1022 5
1537 1538 21
1537 1694 16
1537 1994 8
1537 4174 14
1537 5260 23
1537 7573 14
1537 8565 20
1537 8739 14
1537 9725 23
1538 433 1
1538 752 17
1538 1539 5
1538 4285 7
1539 41 23
1539 1540 14
1539 2359 4
1539 4898 7
1539 8658 16
1540 186 1
1540 1541 12
1540 4030 6
1540 7880 21
1540 9402 23
1541 537 6
1541 1542 3
1541 4020 2
1541 7918 10
1541 9722 18
1542 1543 5
1542 3955 23
1542 6721 10
1543 814 4
1543 1544 10
1543 3390 7
1543 3815 18
1543 6622 20
1543 8594 11
1544 1545 2
1544 2588 13
1544 2597 21
1544 3904 6
1544 6031 1
1544 6775 6
1544 6906 1
1545 1546 8
1545 3504 10
1545 3586 5
1545 3667 9
1545 5386 21
1545 8883 13
1546 1010 14
1546 1547 3
1546 1615 13
1546 3317 19
1546 6044 15
1546 8265 16
1547 1220 10
1547 1548 15
1547 2360 16
1547 8667 18
1548 1549 12
1548 1887 7
1548 1930 15
1548 2452 15
1548 3317 1
1548 3861 20
1548 4637 12
1548 4770 1
1548 8278 9
1549 1500 17
1549 1550 7
1549 1769 10
1549 2154 21
1549 2316 1
1549 5685 1
1549 9227 4
1550 333 20
1550 1297 5
1550 1454 13
1550 1551 20
1550 2083 18
1550 3022 20
1550 3023 4
1550 5027 10
1550 9220 10
1550 9844 5
1551 1552 13
1551 1836 18
1551 2989 4
1551 5486 4
1551 6290 10
1551 6961 20
1551 8572 19
1552 1553 10
1552 3100 13
1553 713 15
1553 1155 6
1553 1554 16
1553 3850 8
1553 6696 12
1553 8589 5
1553 8956 9
1554 1555 1
1554 2549 18
1554 3694 15
1554 3776 19
1554 5946 10
1554 7336 2
1554 7452 15
1555 1556 6
1555 4517 14
1555 5108 23
1555 5587 8
1555 6999 17
1555 7604 18
1555 8343 6
1556 1557 17
1556 4621 11
1557 1558 17
1557 1669 20
1557 1679 4
1557 4980 6
1557 8548 21
1558 97 13
1558 957 6
1558 1559 7
1558 2706 4
1558 3175 22
1558 7010 23
1559 935 2
1559 1560 1
1559 2137 4
1559 5722 19
1559 6971 7
1559 7017 7
1560 1561 1
1560 3603 18
1560 5468 13
1560 5873 14
1560 7129 1
1560 7607 8
1561 1459 5
1561 1562 17
1561 3088 21
1561 3637 22
1561 6029 6
1561 6306 16
1561 9470 5
1562 1109 22
1562 1563 21
1562 2210 3
1562 5234 9
1562 7552 23
1562 7999 18
1562 8892 20
1563 1564 20
1563 6604 19
1564 176 18
1564 1565 17
1564 2168 3
1564 6872 23
1565 706 21
1565 1566 21
1565 1870 16
1565 2010 23
1565 2566 11
1565 3473 15
1565 7119 7
1565 8975 1
1565 9231 5
1566 171 22
1566 604 17
1566 646 3
1566 1567 4
1566 2183 23
1567 1568 5
1567 5506 6
1567 9930 11
1568 1141 23
1568 1569 17
1568 2421 22
1568 3454 18
1568 5724 11
1568 9104 14
1569 440 4
1569 512 8
1569 1544 14
1569 1570 10
1569 1656 1
1569 2695 2
1569 3276 22
1569 4928 2
1570 1571 14
1570 5156 1
1570 6766 11
1571 1572 20
1571 2151 16
1571 3008 2
1571 3291 8
1571 5109 12
1571 5466 19
1571 8281 3
1571 9342 9
1571 9799 6
1571 9866 11
1572 217 23
1572 444 12
1572 1573 15
1572 7101 1
1572 8880 7
1573 294 7
1573 1106 12
1573 1206 7
1573 1574 22
1573 4554 2
1573 7163 2
1573 7759 6
1574 1575 16
1574 2730 1
1574 2799 5
1574 4019 17
1574 4497 20
1575 1576 1
1575 2915 14
1575 3082 15
1575 3313 21
1575 4539 5
1575 5446 12
1575 7590 10
1576 926 14
1576 1577 18
1576 4016 10
1576 4319 20
1576 5123 13
1577 1578 15
1577 1635 20
1577 7294 3
1578 52 23
1578 488 14
1578 608 22
1578 1579 17
1578 1597 15
1578 6246 11
1578 7120 8
1578 7171 14
1579 1580 12
1579 3202 10
1579 4102 22
1580 537 13
1580 1162 19
1580 1581 2
1580 1843 8
1580 4027 7
1581 547 5
1581 674 4
1581 1582 21
1581 1893 18
1581 2379 12
1581 7689 21
1581 7846 15
1581 8703 18
1581 9798 12
1582 1583 4
1582 2302 2
1582 7140 22
1583 791 1
1583 1330 1
1583 1584 13
1583 2649 23
1583 9180 11
1584 33 4
1584 864 3
1584 1585 17
1584 1850 16
1584 7280 9
1584 7651 8
1584 8596 1
1584 9232 13
1585 994 4
1585 1382 1
1585 1586 8
1585 1914 2
1585 7686 1
1586 1587 17
1586 3986 16
1586 4540 8
1586 5177 5
1586 6043 14
1586 6833 6
1586 8011 12
1587 1302 17
1587 1463 8
1587 1546 15
1587 1588 2
1587 4555 6
1587 5325 2
1588 572 5
1588 1404 7
1588 1589 8
1588 3425 17
1588 5832 5
1588 7436 19
1589 551 6
1589 1590 2
1589 3964 20
1589 6883 5
1589 9058 23
1590 400 13
1590 573 14
1590 1362 15
1590 1591 3
1590 4516 7
1590 5261 21
1591 1592 10
1591 2726 20
1591 3782 8
1591 4374 17
1591 5701 21
1591 7737 2
1592 924 2
1592 1593 16
1592 3094 18
1592 4897 3
1592 5900 17
1592 6364 10
1592 9922 9
1593 1594 8
1593 1625 19
1593 4278 11
1593 4353 10
1593 5623 12
1593 6000 8
1594 1595 9
1594 1658 18
1594 1898 17
1594 3970 15
1594 4414 15
1594 5218 6
1594 6856 14
1594 8453 22
1595 1596 14
1595 2307 19
1595 2330 9
1595 3154 2
1595 8724 21
1595 9404 15
1595 9473 14
1596 1597 21
1596 2188 22
1597 1598 16
1597 2579 23
1597 3913 4
1597 8573 4
1598 1097 12
1598 1283 18
1598 1599 20
1598 3325 23
1598 3842 13
1598 6675 12
1598 7917 23
1599 791 12
1599 1600 4
1599 2778 3
1599 3046 14
1599 3352 9
1599 3812 13
1599 4048 17
1599 5694 1
1599 8015 12
1600 678 2
1600 1601 19
1600 2424 18
1600 3347 7
1600 7640 14
1600 8210 11
1600 8955 15
1601 1367 9
1601 1602 23
1601 3979 21
1602 1603 23
1602 1982 7
1602 2673 20
1602 3032 21
1602 3392 19
1602 4670 7
1602 6028 20
1602 8123 4
1602 8557 23
1603 1604 2
1603 2258 10
1603 3332 19
1603 3635 20
1603 7313 21
1603 7542 22
1603 9128 19
1603 9791 23
1604 557 3
1604 1605 12
1604 3185 20
1604 4278 21
1604 4443 16
1604 4855 17
1604 9395 7
1605 1606 15
1605 1774 3
1605 4587 10
1605 6199 19
1605 9251 20
1606 1607 7
1606 4368 17
1606 6242 17
1607 506 6
1607 1608 16
1607 4742 1
1607 5163 12
1607 8498 2
1607 9651 4
1608 1609 12
1608 2158 6
1608 2773 2
1608 5064 15
1608 5241 21
1608 7691 9
1609 47 1
1609 233 12
1609 1610 19
1609 2484 20
1609 3378 15
1609 5241 5
1609 7522 1
1609 8791 21
1609 9898 16
1610 138 10
1610 279 22
1610 1039 9
1610 1201 12
1610 1611 9
1610 2064 16
1610 6974 15
1610 9334 10
1611 1612 19
1611 2517 23
1611 3774 7
1611 5096 2
1611 7185 2
1611 8347 12
1612 871 15
1612 1613 10
1612 2300 3
1612 2919 18
1612 8505 21
1613 1109 7
1613 1173 3
1613 1614 14
1613 1901 21
1613 4495 16
1614 304 21
1614 1615 12
1614 1703 14
1614 2043 6
1614 2733 22
1614 2816 15
1614 3716 12
1614 4718 6
1614 5818 21
1614 6099 6
1615 49 12
1615 981 22
1615 1616 2
1615 5217 19
1615 5588 3
1615 6484 13
1615 8264 5
1615 8309 15
1615 9654 14
1616 1391 7
1616 1617 10
1616 1655 16
1616 2747 18
1616 3109 17
1616 8129 6
1616 8715 15
1616 9612 19
1617 251 17
1617 1618 5
1617 5364 19
1617 6572 14
1618 1619 7
1618 4531 23
1618 5039 17
1618 5338 7
1618 7160 20
1618 7638 22
1618 8861 9
1619 1620 21
1619 3394 21
1619 4530 10
1619 6514 15
1619 8050 7
1619 8993 12
1620 1001 17
1620 1621 16
1620 3642 5
1620 5175 2
1620 5223 8
1620 8019 14
1620 9532 17
1621 269 20
1621 824 2
1621 1519 14
1621 1622 11
1621 2861 2
1621 4547 23
1621 5043 14
1621 9479 7
1622 1623 19
1622 2566 14
1622 3212 20
1622 3897 5
1622 5444 18
1623 209 17
1623 1624 21
1623 1870 18
1623 3062 22
1623 4559 14
1623 5545 6
1624 1625 10
1624 2533 17
1624 3045 14
1624 3553 21
1624 7123 6
1624 8640 14
1624 8649 1
1625 1626 21
1625 5472 8
1625 6963 8
1625 7659 6
1625 9191 1
1626 1627 4
1626 3432 19
1626 6795 9
1626 7262 11
1626 7537 13
1626 8518 6
1626 8971 19
1626 9041 19
1627 1628 23
1627 5723 4
1627 6100 12
1627 6685 14
1627 6844 8
1627 8617 14
1628 1332 1
1628 1629 14
1628 1630 8
1628 2068 3
1628 3426 14
1628 3537 18
1628 5371 22
1628 5997 20
1628 6239 23
1628 6922 13
1629 131 8
1629 228 22
1629 375 3
1629 1630 15
1629 2430 7
1629 3653 5
1629 6409 19
1629 8327 15
1629 9257 1
1630 1631 22
1630 4802 16
1630 8872 22
1631 172 15
1631 361 12
1631 1632 4
1631 1700 23
1631 1914 13
1631 4360 18
1631 7276 15
1631 8064 3
1632 1633 9
1632 1761 21
1632 2046 14
1632 5515 10
1632 6815 9
1633 1634 2
1633 2138 6
1633 4816 22
1633 9708 20
1634 1635 21
1634 2152 15
1634 3798 11
1634 6190 19
1634 6216 11
1634 8490 10
1634 9918 14
1635 1636 21
1635 2020 20
1635 5007 12
1635 7089 11
1635 7970 4
1635 9347 7
1636 752 1
1636 1637 3
1636 2488 14
1636 3263 2
1636 4927 22
1636 7552 19
1636 9346 12
1637 1099 18
1637 1638 5
1637 1859 11
1637 2698 23
1637 4696 23
1637 6009 17
1638 1268 20
1638 1639 15
1638 2323 22
1638 2916 1
1638 3755 18
1638 5138 18
1638 7788 16
1638 8889 21
1639 320 20
1639 1640 16
1639 2446 19
1639 6559 18
1640 71 12
1640 1641 5
1640 1699 7
1640 3312 19
1640 4397 20
1640 4957 11
1640 5862 18
1640 6317 21
1640 6419 19
1641 1642 10
1641 1825 19
1641 2947 5
1641 3978 7
1641 6865 9
1641 9040 16
1642 1643 15
1643 179 10
1643 1644 23
1643 2227 21
1643 2295 10
1643 2543 23
1643 3381 9
1643 5543 1
1644 177 8
1644 1645 18
1644 1650 12
1644 3173 7
1644 7914 10
1644 8329 2
1644 8351 22
1644 8614 12
1644 8795 16
1644 9533 1
1644 9894 2
1645 185 21
1645 1564 5
1645 1646 1
1645 4007 17
1645 4704 14
1645 5872 15
1645 6804 16
1645 8068 8
1645 8266 7
1645 9594 6
1646 142 21
1646 196 11
1646 265 20
1646 1149 11
1646 1647 12
1646 1683 9
1646 4968 3
1647 1114 19
1647 1648 20
1647 2709 4
1647 6414 7
1647 8398 7
1647 9049 19
1647 9630 16
1648 1649 7
1648 2299 14
1648 7863 4
1648 9171 6
1648 9368 8
1649 1650 9
1649 2028 2
1649 3892 10
1649 4210 23
1649 4521 1
1650 1387 20
1650 1651 5
1650 4849 21
1650 5054 17
1650 5182 19
1650 5248 16
1650 7096 9
1650 8747 15
1651 418 12
1651 986 8
1651 1652 10
1651 6374 14
1651 6920 14
1651 8393 9
1652 1653 21
1652 2379 20
1652 2402 3
1652 5473 17
1652 7413 13
1652 7763 7
1653 277 23
1653 294 16
1653 1654 3
1653 1823 20
1653 3897 11
1653 5054 22
1653 6419 9
1653 8188 9
1653 8469 4
1653 9623 8
1653 9899 18
1654 765 4
1654 1655 8
1654 2746 4
1654 2793 3
1654 4757 1
1654 7463 15
1654 8713 3
1654 8880 7
1655 1593 13
1655 1656 21
1655 1741 22
1655 4470 20
1655 6403 14
1655 7621 21
1655 7712 15
1655 8803 22
1656 1657 17
1656 1848 16
1656 2298 1
1656 4042 10
1656 9587 21
1656 9654 10
1657 1658 16
1657 2379 4
1657 2664 14
1657 3687 3
1657 6600 20
1657 8501 7
1657 8756 14
1657 9259 17
1658 384 19
1658 505 17
1658 663 12
1658 1659 7
1658 5922 20
1658 9537 17
1658 9740 14
1659 1305 4
1659 1660 17
1659 2852 4
1659 5562 16
1659 6105 10
1659 7269 7
1660 444 19
1660 1661 23
1660 9400 10
1661 361 10
1661 929 9
1661 1662 18
1661 1968 17
1661 2488 17
1661 5246 11
1661 9964 21
1662 1259 16
1662 1663 3
1662 2366 2
1662 3523 6
1662 4767 17
1662 5916 21
1662 6326 23
1663 1664 23
1663 2069 12
1663 4704 17
1663 4854 8
1664 670 23
1664 1346 23
1664 1665 6
1664 4700 11
1665 301 1
1665 995 9
1665 1666 3
1665 1704 5
1666 1667 6
1666 3309 15
1666 3915 9
1666 3943 10
1666 6126 10
1667 1668 7
1667 5005 12
1667 7509 3
1667 8886 20
1668 110 17
1668 861 22
1668 981 12
1668 1669 20
1668 1974 3
1668 2139 16
1668 4279 11
1668 4560 7
1668 5949 8
1669 248 23
1669 1670 17
1669 2455 18
1669 2461 19
1669 2683 21
1669 6452 21
1669 8493 21
1670 1603 10
1670 1671 22
1670 3766 11
1670 4569 11
1670 7644 11
1670 7920 18
1670 9011 14
1670 9459 5
1671 1294 7
1671 1672 6
1671 2711 4
1671 6217 20
1671 8727 2
1672 746 12
1672 1673 3
1672 2277 11
1672 3113 2
1672 5570 9
1672 9501 18
1672 9707 7
1673 1674 4
1673 2176 17
1673 4421 12
1673 5143 13
1673 8867 1
1674 684 18
1674 1046 15
1674 1675 15
1674 1923 6
1674 1998 4
1674 2225 10
1674 3185 22
1674 3884 9
1674 4919 8
1674 5450 18
1674 7221 5
1674 7806 8
1675 1676 9
1675 1717 12
1675 7024 7
1675 9491 17
1676 336 13
1676 1677 8
1676 9586 21
1677 358 16
1677 1678 4
1677 2560 6
1677 4408 9
1677 8192 17
1678 84 19
1678 962 5
1678 1373 17
1678 1679 9
1678 1973 20
1678 2616 2
1678 4691 6
1679 1680 18
1679 1848 5
1679 3508 12
1679 5108 19
1679 5736 16
1679 6274 23
1679 6898 12
1680 133 11
1680 1681 9
1680 3266 17
1680 3313 6
1680 3510 3
1680 5063 8
1680 6930 2
1680 7621 10
1681 1682 11
1681 2521 4
1681 4088 3
1681 5264 6
1681 6465 22
1681 6873 7
1681 9335 4
1681 9458 7
1682 1683 19
1682 2866 8
1682 3093 8
1682 6613 13
1682 6907 19
1682 7575 2
1683 1348 12
1683 1684 4
1683 5855 19
1683 7443 10
1684 1685 14
1684 1716 14
1684 1913 11
1684 2470 7
1684 2703 18
1684 3786 16
1684 4133 12
1684 8600 18
1685 1686 19
1685 8745 12
1686 1687 3
1686 3324 13
1686 6265 14
1686 9984 20
1687 799 18
1687 1688 22
1687 1717 22
1687 3914 19
1687 6309 21
1687 6874 16
1687 8200 17
1687 9456 15
1688 1689 14
1688 2730 17
1688 6481 2
1688 6694 17
1689 1642 4
1689 1690 15
1689 3239 1
1689 3626 19
1689 3931 4
1689 4380 21
1689 5913 15
1689 7050 8
1689 7073 3
1690 592 17
1690 1691 4
1690 2007 23
1690 2323 1
1690 3419 22
1690 4361 10
1690 4996 22
1690 6859 12
1690 7226 15
1690 7749 12
1691 1692 12
1691 3665 7
1691 3994 1
1691 9171 20
1692 335 22
1692 1693 22
1692 7602 5
1693 770 3
1693 1694 7
1693 3606 1
1693 7455 3
1693 8081 20
1693 8218 13
1694 1695 1
1694 2153 2
1695 1354 12
1695 1696 22
1695 3487 6
1695 5470 1
1695 7564 10
1695 7752 12
1695 8964 22
1696 1697 4
1696 2678 21
1696 3049 14
1696 6809 21
1696 8051 19
1696 8663 11
1696 9558 19
1697 1380 21
1697 1698 19
1697 2200 21
1697 2578 10
1697 2658 2
1697 2732 11
1697 4570 21
1697 7343 16
1697 8124 17
1697 8139 5
1698 1615 21
1698 1699 6
1698 2374 1
1698 3198 19
1698 3731 21
1698 4541 14
1698 5238 2
1698 5794 13
1698 6870 16
1698 8950 5
1698 9576 13
1698 9871 19
1699 1700 5
1699 8126 16
1699 8356 23
1700 182 17
1700 1701 16
1700 2290 9
1700 6186 11
1700 7371 22
1701 1702 12
1701 2024 7
1701 2893 23
1701 3370 15
1701 6454 9
1701 7278 19
1701 7610 14
1701 9039 16
1702 234 1
1702 1703 19
1702 4274 8
1702 8351 15
1703 1704 20
1703 1726 1
1703 2547 20
1703 5151 14
1703 9329 23
1704 419 5
1704 1705 8
1704 3127 20
1704 4020 15
1705 121 21
1705 1706 11
1705 2665 22
1705 3337 12
1705 3813 6
1706 736 15
1706 1707 9
1706 5354 14
1706 6155 1
1706 6323 5
1706 9361 3
1707 12 15
1707 1708 5
1707 2116 18
1707 3927 5
1707 5193 17
1707 6215 14
1707 7787 14
1707 9384 12
1708 74 7
1708 1709 21
1708 2236 19
1708 2416 15
1708 6493 14
1708 9146 10
1708 9941 18
1709 1710 9
1709 2305 9
1709 7187 18
1709 7209 18
1709 9045 4
1710 1711 7
1710 4183 17
1710 4730 14
1710 8275 17
1710 8399 2
1710 8825 16
1710 8886 8
1711 534 15
1711 1176 2
1711 1712 2
1711 2114 14
1711 2248 5
1711 8284 9
1712 271 6
1712 1217 22
1712 1713 22
1712 5608 5
1712 9732 21
1713 183 13
1713 777 9
1713 1714 7
1713 1862 9
1713 2429 10
1713 6037 8
1713 6541 11
1714 1585 13
1714 1715 10
1715 1716 10
1715 3802 14
1715 4016 21
1715 5872 19
1715 8980 3
1716 1717 16
1716 6856 3
1716 7328 13
1717 1289 15
1717 1718 15
1718 713 5
1718 1394 22
1718 1719 13
1718 3486 14
1718 8151 15
1718 8994 10
1719 1477 18
1719 1720 2
1719 3422 11
1719 4020 21
1719 6778 4
1719 8134 17
1719 8234 11
1720 110 1
1720 1721 6
1720 1865 10
1720 6041 5
1720 7414 5
1721 130 20
1721 725 4
1721 1722 11
1721 2686 4
1721 9658 20
1722 1192 1
1722 1723 18
1722 3828 13
1723 1724 16
1723 2544 9
1723 4179 21
1723 5913 15
1723 6712 13
1724 1725 17
1724 4610 4
1724 5089 21
1724 6192 12
1724 8732 13
1725 168 18
1725 654 20
1725 1726 20
1725 2104 10
1725 2420 12
1725 3333 1
1725 9362 10
1726 1727 15
1726 6737 9
1726 7120 3
1727 265 4
1727 1134 3
1727 1189 11
1727 1728 1
1727 3967 11
1727 4071 5
1727 5739 17
1727 6078 1
1727 6328 10
1727 9222 18
1728 1729 1
1728 2932 15
1728 3427 18
1728 3945 21
1728 6591 20
1728 8743 15
1728 9813 20
1729 726 11
1729 1730 22
1729 2366 2
1729 2898 19
1729 6315 20
1729 8570 5
1730 354 4
1730 829 8
1730 1163 12
1730 1731 3
1730 2689 20
1730 4352 1
1730 6095 3
1730 6629 4
1731 1114 2
1731 1732 22
1731 2247 12
1731 2445 8
1731 3012 9
1731 6588 4
1731 6867 4
1731 7102 7
1731 7190 16
1731 8333 5
1731 8393 7
1732 1733 14
1732 1934 6
1732 2703 15
1732 2972 18
1732 8293 22
1733 338 6
1733 1734 14
1733 2937 16
1733 2994 19
1733 8208 16
1733 9698 17
1733 9833 23
1734 103 12
1734 1735 12
1734 1786 9
1734 1893 23
1734 2125 23
1734 2917 9
1734 3685 17
1734 5317 20
1734 7151 4
1734 9434 3
1735 1385 17
1735 1736 14
1735 1992 8
1735 3448 13
1735 6737 19
1735 7824 14
1735 8549 23
1735 8922 14
1736 407 12
1736 1449 10
1736 1678 16
1736 1737 20
1737 707 14
1737 1738 22
1737 6601 12
1737 6841 4
1737 9687 1
1738 456 7
1738 1739 9
1738 1869 5
1738 8263 3
1738 8468 11
1739 538 8
1739 1740 4
1739 5643 11
1739 8631 15
1739 9177 9
1740 1741 4
1740 2450 7
1740 4785 5
1740 6811 3
1740 8170 11
1740 8750 1
1740 8931 14
1741 1742 14
1741 2539 15
1741 3896 21
1741 4335 21
1741 6642 13
1741 6849 10
1741 7569 21
1741 9324 23
1741 9814 3
1742 1743 21
1742 2409 11
1742 8084 8
1742 8783 1
1743 576 19
1743 1744 19
1743 2625 4
1743 8427 19
1743 8649 6
1743 8680 2
1744 1306 13
1744 1745 10
1744 2508 1
1744 2691 22
1744 8897 12
1744 8982 17
1744 9723 14
1745 1742 2
1745 1746 11
1745 2045 5
1745 6315 18
1746 1747 11
1746 9099 13
1747 1748 3
1747 2648 15
1747 3981 12
1747 4283 16
1747 9264 11
1747 9499 1
1748 1749 14
1748 2284 14
1748 3333 6
1748 4356 7
1748 4613 13
1748 6380 4
1748 8662 9
1748 9446 16
1748 9573 23
1749 830 20
1749 1750 20
1749 1896 2
1749 7722 23
1749 8919 20
1750 947 14
1750 1655 9
1750 1751 4
1750 6488 20
1750 7914 15
1750 8124 22
1750 9613 1
1751 1752 2
1751 2057 17
1751 7436 7
1751 7819 1
1751 9519 3
1751 9839 16
1751 9964 20
1752 563 23
1752 1753 23
1752 3786 6
1753 1584 18
1753 1754 8
1753 1939 15
1753 2843 13
1753 4440 11
1753 8138 2
1754 537 11
1754 873 22
1754 1206 6
1754 1755 2
1754 2410 8
1754 9512 21
1754 9740 23
1755 1756 19
1755 4500 4
1755 5214 19
1755 6115 22
1755 7208 16
1756 1058 16
1756 1757 2
1756 2102 9
1756 3053 10
1756 4891 9
1756 7317 18
1757 550 15
1757 1758 1
1757 6234 8
1757 7723 10
1758 399 11
1758 652 1
1758 1325 10
1758 1759 15
1758 3258 21
1758 3630 22
1758 6229 12
1758 7012 4
1758 8119 1
1758 9440 21
1758 9612 5
1759 435 12
1759 1760 21
1759 2844 2
1759 3028 12
1760 1012 15
1760 1761 13
1760 2737 21
1760 7154 6
1760 7699 19
1761 580 21
1761 1762 17
1761 4621 21
1761 6639 18
1761 7608 11
1761 8377 23
1761 9205 4
1762 1579 18
1762 1763 5
1762 7860 13
1762 9216 5
1763 163 15
1763 294 20
1763 1764 18
1763 3145 18
1763 3605 16
1763 9517 5
1764 1765 22
1764 2455 8
1764 3465 3
1764 5964 20
1764 8961 5
1764 9667 18
1765 145 22
1765 1050 5
1765 1766 16
1765 4562 16
1765 9007 21
1766 1767 12
1766 2667 9
1766 3166 8
1766 4337 18
1766 4967 16
1766 5911 17
1766 6365 7
1767 1768 15
1767 2292 19
1767 2696 6
1767 3039 13
1767 4907 1
1767 5526 7
1767 9111 18
1768 1769 3
1768 6681 17
1769 256 1
1769 1770 17
1769 2765 9
1769 2859 15
1769 3469 13
1769 6795 1
1769 8495 20
1770 1771 4
1770 1801 20
1770 4653 17
1770 5021 2
1770 6052 13
1770 8258 9
1770 8893 11
1771 152 5
1771 1269 7
1771 1363 10
1771 1550 11
1771 1772 4
1771 1900 22
1771 2919 16
1771 3024 19
1771 4115 12
1771 8936 22
1772 1773 7
1772 3898 21
1772 7096 13
1773 1774 23
1773 5995 14
1773 6813 2
1773 7189 6
1774 62 12
1774 1775 16
1774 4457 10
1774 6119 9
1774 7456 19
1775 1747 11
1775 1776 16
1775 2187 13
1775 2322 11
1775 5121 7
1775 7037 3
1775 7178 23
1775 9055 19
1775 9761 13
1776 1099 14
1776 1777 10
1776 3617 14
1776 3672 3
1776 9265 4
1777 1476 15
1777 1669 8
1777 1778 5
1777 7274 7
1777 7357 23
1778 1779 10
1778 4694 20
1778 5156 6
1778 6453 12
1778 7068 9
1778 7325 13
1779 285 9
1779 776 14
1779 1761 14
1779 1780 10
1779 2612 13
1779 2946 20
1779 3955 7
1779 5048 12
1779 7663 11
1779 8661 21
1780 1548 15
1780 1781 20
1780 2774 1
1780 4751 12
1781 234 21
1781 1782 17
1781 3580 6
1781 5607 9
1781 8227 20
1781 9186 21
1782 963 5
1782 1783 20
1782 2851 4
1782 6217 9
1782 6613 2
1782 8408 1
1783 1441 6
1783 1674 20
1783 1784 4
1783 5758 8
1784 845 5
1784 1785 13
1784 2232 2
1784 7051 1
1784 8574 16
1785 1786 18
1785 6986 1
1785 7443 8
1786 641 15
1786 1787 14
1786 1942 1
1786 2538 3
1786 2847 18
1786 6385 19
1786 9105 7
1786 9472 8
1787 1501 2
1787 1788 18
1787 2529 18
1787 4478 2
1787 8704 9
1788 1789 4
1788 1816 20
1788 4219 13
1788 6295 22
1788 6321 21
1788 7533 17
1788 8202 6
1788 9141 2
1788 9655 6
1789 1574 22
1789 1627 3
1789 1728 9
1789 1790 8
1789 3991 6
1789 4679 7
1789 5490 21
1789 6525 10
1789 8061 4
1789 9655 13
1789 9831 2
1790 51 16
1790 1791 4
1790 2497 15
1790 3220 23
1791 1792 4
1791 5228 18
1791 8471 8
1792 1793 4
1792 4219 16
1793 1794 13
1793 2954 7
1793 4355 13
1793 9312 17
1794 1795 8
1794 6312 18
1794 6827 1
1794 9026 23
1794 9647 3
1795 325 6
1795 1796 14
1795 3191 9
1795 9733 22
1796 770 6
1796 900 10
1796 1181 2
1796 1797 2
1796 2435 23
1796 3050 11
1796 7724 19
1796 8885 19
1797 1490 17
1797 1798 9
1797 2092 9
1797 4471 10
1797 4598 4
1798 227 7
1798 1380 8
1798 1799 13
1798 2200 8
1798 2570 23
1798 3068 15
1798 8597 3
1799 674 18
1799 1800 3
1799 7380 16
1799 8635 19
1799 9995 7
1800 366 21
1800 1699 9
1800 1801 7
1800 2612 8
1800 4840 15
1800 7488 7
1800 8454 22
1800 8938 2
1800 9451 13
1801 1659 5
1801 1802 8
1801 3991 13
1801 4988 11
1802 1231 9
1802 1803 11
1802 3050 8
1802 3180 2
1802 9227 1
1803 628 15
1803 1429 18
1803 1804 8
1803 2013 22
1803 3752 23
1803 5686 9
1803 6683 2
1803 8480 2
1804 1805 18
1804 3267 17
1804 6919 16
1804 8386 11
1804 8550 2
1805 1806 22
1805 1850 3
1805 4668 13
1805 5605 7
1805 7054 5
1805 8918 11
1806 1807 17
1806 3534 14
1806 5278 8
1806 6644 19
1806 8566 6
1807 1748 15
1807 1808 5
1807 2300 14
1807 6369 22
1807 7149 18
1807 9042 8
1808 311 2
1808 1809 7
1808 2613 18
1808 6027 20
1808 7939 7
1808 8881 10
1808 9887 9
1809 1748 2
1809 1810 14
1809 2936 15
1809 8137 14
1809 8250 19
1809 9627 12
1810 160 21
1810 1811 18
1810 5831 18
1810 6659 23
1811 1812 2
1811 3248 18
1811 4365 18
1811 4780 17
1811 8398 17
1811 9134 20
1812 1813 20
1812 4282 6
1812 6122 1
1812 7436 9
1812 9149 14
1813 1814 12
1813 4644 1
1813 5265 12
1813 6040 4
1814 1030 3
1814 1815 19
1814 1956 20
1814 9517 13
1814 9674 1
1815 1816 20
1815 3439 7
1815 3723 21
1815 5456 7
1815 6463 16
1815 7011 15
1815 9013 14
1816 201 19
1816 1817 12
1816 9642 6
1817 326 8
1817 848 15
1817 1818 10
1817 2309 22
1817 5702 21
1818 757 14
1818 1819 11
1818 2943 13
1818 3909 10
1818 7765 10
1818 8319 2
1818 9596 8
1819 1068 4
1819 1820 3
1819 2739 11
1819 6870 5
1819 7689 21
1819 7748 16
1819 7933 15
1819 8300 7
1820 1821 7
1820 2701 15
1820 4429 2
1820 8301 15
1821 293 10
1821 1417 4
1821 1822 21
1821 4839 2
1822 603 14
1822 1733 2
1822 1823 12
1822 3669 17
1822 4437 4
1822 4658 13
1823 1824 20
1823 2748 23
1823 3732 20
1823 7209 8
1824 1825 7
1824 1850 12
1824 3449 3
1825 1826 8
1825 6010 1
1825 6550 16
1826 1557 7
1826 1827 21
1826 1938 18
1826 8264 10
1827 1828 1
1827 3367 1
1827 4245 6
1827 4431 1
1827 5237 22
1827 6022 13
1827 6127 18
1828 351 18
1828 1829 20
1828 2120 5
1828 3130 1
1828 5396 10
1828 5911 1
1828 8046 23
1828 8834 10
1828 9888 3
1829 730 10
1829 850 3
1829 1123 21
1829 1617 23
1829 1830 11
1829 4120 6
1829 5533 10
1829 7214 6
1829 9095 12
1830 1831 9
1830 2492 23
1830 3214 14
1830 6702 21
1831 238 1
1831 768 13
1831 1832 16
1831 5995 15
1831 7449 4
1832 965 15
1832 1833 14
1832 5192 7
1832 5277 22
1832 7982 5
1833 1472 11
1833 1834 12
1834 777 20
1834 969 4
1834 1835 6
1835 1345 9
1835 1836 20
1835 2105 5
1835 6138 4
1835 8009 1
1836 58 8
1836 380 5
1836 615 10
1836 1141 18
1836 1635 10
1836 1837 14
1836 3693 23
1836 4472 10
1836 6625 2
1836 8639 1
1836 8756 1
1836 9713 17
1837 1838 4
1837 2153 1
1837 3319 16
1837 7470 13
1837 7703 14
1837 8183 22
1837 8476 15
1838 97 7
1838 1754 5
1838 1839 18
1838 3994 16
1838 4544 15
1838 9635 1
1838 9779 10
1839 1536 9
1839 1840 15
1839 4345 17
1839 5209 16
1839 7152 14
1839 7224 13
1839 9630 19
1840 1841 16
1840 8022 4
1841 392 6
1841 1121 12
1841 1145 10
1841 1842 1
1841 4663 9
1841 5367 18
1841 6311 2
1841 8337 15
1841 9456 7
1842 16 1
1842 1843 4
1842 1988 13
1842 5502 21
1842 6693 20
1843 519 23
1843 1429 13
1843 1844 9
1843 2813 11
1843 2944 10
1843 7538 8
1843 7779 6
1843 7889 4
1843 8424 7
1844 1138 8
1844 1845 7
1844 1940 17
1844 3358 5
1844 6213 1
1844 8643 12
1845 1405 10
1845 1846 7
1845 2053 20
1845 3939 9
1845 6296 17
1845 7567 1
1845 7786 16
1846 1847 15
1846 2519 3
1846 3799 23
1846 4091 9
1846 4466 16
1847 1848 12
1847 4612 13
1847 9642 11
1848 211 16
1848 1222 7
1848 1553 4
1848 1849 9
1848 2044 20
1848 6724 19
1848 7483 15
1848 7495 2
1849 481 6
1849 855 14
1849 1850 5
1849 4039 10
1849 4343 3
1849 6126 1
1849 6614 10
1850 338 18
1850 1751 8
1850 1826 13
1850 1851 11
1850 5059 15
1850 5146 23
1850 6036 13
1850 8394 17
1850 8616 9
1850 8726 18
1851 1811 23
1851 1852 21
1851 2887 16
1851 5419 22
1851 6360 20
1851 6614 5
1851 9570 17
1852 18 6
1852 527 9
1852 1853 10
1852 6067 3
1852 8214 14
1852 8883 8
1853 140 16
1853 1171 5
1853 1549 17
1853 1854 14
1853 6665 2
1853 7862 22
1854 1855 6
1854 2176 10
1854 3378 6
1854 4985 9
1854 9512 14
1855 738 3
1855 1428 9
1855 1602 10
1855 1856 14
1855 2228 19
1855 4764 16
1855 5663 14
1855 7383 16
1855 8228 16
1856 1816 18
1856 1857 9
1856 3730 5
1856 4300 19
1856 5238 1
1856 7409 19
1857 456 23
1857 804 14
1857 1858 20
1857 3786 9
1857 4927 8
1857 6223 10
1858 88 11
1858 559 13
1858 1645 15
1858 1811 4
1858 1859 8
1858 2598 21
1858 3290 3
1858 4938 4
1858 7340 11
1858 7683 22
1858 7918 14
1858 8350 15
1859 1860 4
1859 2801 5
1859 3825 3
1859 5247 5
1859 7318 12
1859 8230 9
1860 984 10
1860 1861 5
1860 5975 15
1860 6709 20
1860 9262 2
1861 1862 20
1861 8416 12
1862 633 5
1862 1815 10
1862 1863 8
1862 2510 17
1862 3817 17
1862 6033 5
1862 7985 14
1862 8292 22
1862 8879 3
1863 557 3
1863 1864 9
1863 2533 14
1863 6254 9
1864 808 8
1864 1865 9
1864 2159 8
1864 4728 21
1864 4753 9
1864 4880 20
1864 7904 5
1865 1146 23
1865 1866 1
1865 3036 19
1865 8388 19
1866 724 9
1866 1867 20
1866 3922 9
1866 8671 21
1867 1168 3
1867 1868 4
1867 2955 6
1868 705 6
1868 1869 13
1868 4275 5
1868 7336 14
1869 573 6
1869 597 13
1869 1870 8
1869 2066 19
1869 2157 2
1869 4638 5
1869 7178 4
1869 9713 19
1870 1871 10
1870 2652 6
1870 3493 1
1870 5584 10
1870 6401 14
1871 1223 8
1871 1336 23
1871 1872 22
1871 9370 5
1872 1873 2
1872 2648 7
1872 4007 16
1872 4418 14
1872 7143 4
1872 8838 2
1872 9341 10
1872 9807 23
1873 6 17
1873 1874 10
1873 4873 17
1873 8427 1
1873 9323 21
1874 1739 12
1874 1850 16
1874 1875 23
1874 2710 9
1874 5719 15
1875 1876 10
1875 2408 19
1875 3141 23
1875 4265 6
1875 4638 23
1875 5403 17
1875 6414 21
1875 6620 11
1875 7121 16
1876 204 1
1876 1092 2
1876 1877 10
1876 8706 2
1876 8739 23
1877 1878 1
1877 3705 4
1877 4378 20
1877 6755 4
1877 8487 20
1878 1879 17
1878 2317 18
1878 3528 7
1878 6195 7
1878 9498 19
1878 9627 9
1879 652 14
1879 1367 5
1879 1880 19
1879 2254 12
1879 5943 6
1879 6556 5
1880 620 5
1880 717 8
1880 1881 12
1880 5961 23
1880 6733 4
1880 8672 18
1880 9130 18
1880 9829 22
1881 1116 13
1881 1752 10
1881 1882 16
1881 6413 2
1881 8061 20
1881 8298 22
1881 8550 14
1882 1765 23
1882 1883 14
1882 2264 9
1882 3899 5
1882 5242 23
1882 5401 19
1882 6580 11
1882 8147 22
1883 1884 12
1883 2057 17
1883 3778 4
1883 3831 1
1883 7174 5
1883 7313 8
1883 8166 4
1883 9193 7
1883 9730 22
1883 9838 7
1884 1503 9
1884 1628 5
1884 1885 22
1884 4337 8
1884 5556 14
1884 9467 5
1885 1886 18
1885 2042 5
1885 2503 20
1885 2603 17
1885 3687 20
1885 6197 22
1885 6249 2
1885 8170 12
1886 760 23
1886 1887 6
1886 3980 2
1886 7881 10
1886 8159 15
1887 1888 4
1887 2741 12
1887 5967 10
1887 6254 12
1887 7130 11
1887 7169 17
1888 1889 3
1888 1936 10
1888 3628 5
1888 3876 10
1888 4530 4
1888 4532 11
1888 6275 20
1889 1063 9
1889 1687 6
1889 1890 6
1889 5022 21
1889 7496 4
1889 9829 9
1890 1472 11
1890 1679 8
1890 1891 3
1890 2665 13
1891 165 11
1891 197 22
1891 1501 7
1891 1892 7
1891 2175 19
1891 9678 11
1892 1344 20
1892 1893 5
1892 3129 3
1892 7754 11
1892 9675 18
1893 353 7
1893 389 23
1893 661 19
1893 1123 12
1893 1894 1
1893 2139 7
1893 2565 1
1893 3116 7
1893 5009 10
1893 5321 16
1893 6235 18
1894 1895 10
1894 3943 9
1894 5966 3
1894 7406 4
1895 1234 18
1895 1896 12
1895 2504 21
1895 4120 23
1896 1628 15
1896 1897 1
1896 3267 7
1896 4833 20
1896 6520 22
1897 557 17
1897 1898 9
1897 2223 12
1897 3480 2
1897 3813 22
1897 5570 1
1897 6434 2
1897 6503 18
1897 9144 22
1897 9569 6
1898 886 17
1898 1899 19
1898 1916 13
1898 2765 11
1898 2957 15
1898 4018 11
1898 7405 19
1898 8986 7
1898 9993 22
1899 1900 18
1899 2948 2
1899 5193 14
1899 9567 18
1899 9699 6
1900 592 18
1900 905 4
1900 1669 17
1900 1901 19
1900 8250 15
1901 1645 15
1901 1902 21
1901 2205 19
1901 3398 16
1901 5154 22
1901 6468 5
1901 8080 14
1902 265 11
1902 1903 20
1902 5642 22
1903 1804 17
1903 1904 15
1903 1950 2
1903 4893 2
1903 5172 12
1903 5664 6
1903 8432 20
1904 1905 8
1904 2418 18
1904 4130 10
1904 6992 17
1904 9810 3
1905 1906 18
1905 2174 9
1905 4786 18
1905 5033 5
1906 756 22
1906 894 4
1906 1907 7
1906 2958 9
1906 3611 12
1906 4229 6
1906 5821 18
1906 6104 15
1907 1908 17
1907 5729 9
1908 34 1
1908 344 13
1908 1909 5
1908 4792 11
1908 6791 5
1908 8910 11
1909 1910 13
1909 4735 23
1909 5603 2
1909 9849 4
1910 391 19
1910 1911 23
1910 2626 1
1910 6345 17
1910 7197 19
1910 7257 13
1911 1103 14
1911 1912 20
1911 2077 12
1911 3633 2
1911 4988 19
1911 5367 19
1911 7670 18
1911 9903 9
1912 1175 20
1912 1513 4
1912 1913 1
1912 3195 3
1912 3638 20
1912 5729 5
1912 5922 10
1912 9218 2
1912 9644 16
1913 1914 15
1913 2443 16
1913 9021 18
1913 9252 1
1914 988 11
1914 1325 10
1914 1915 19
1914 3274 14
1914 4434 14
1914 5999 20
1914 7607 15
1914 8450 20
1914 9055 18
1915 1916 13
1915 2041 17
1915 3592 19
1915 4725 5
1915 5936 22
1915 6685 17
1916 1134 1
1916 1577 7
1916 1917 8
1916 3647 20
1916 5090 11
1916 5561 4
1916 8871 13
1916 9291 10
1916 9368 16
1916 9766 4
1917 1918 20
1917 3428 23
1917 4192 23
1917 5346 13
1917 5360 11
1917 5442 7
1917 6914 3
1917 8995 19
1918 1919 12
1918 2656 11
1918 2973 10
1918 4827 1
1918 8393 22
1919 431 11
1919 1920 1
1919 2032 10
1919 2193 13
1919 4228 22
1919 4408 20
1919 5112 11
1919 9469 9
1920 604 10
1920 1921 10
1920 4719 6
1920 5465 2
1920 8302 2
1920 8546 15
1920 8984 20
1920 9709 12
1921 1922 4
1921 3904 8
1921 4227 19
1921 4956 7
1921 7976 11
1922 468 15
1922 1131 10
1922 1923 1
1922 5929 11
1922 6053 1
1922 6978 2
1923 1088 23
1923 1924 5
1923 2139 2
1923 4953 19
1923 5883 13
1924 1925 18
1924 1979 5
1924 2435 17
1924 4425 7
1924 4601 10
1924 5498 7
1925 1175 3
1925 1926 21
1925 8692 1
1925 9497 23
1926 734 8
1926 888 10
1926 1927 12
1926 4798 11
1926 4799 22
1926 6693 5
1926 8118 5
1927 1422 2
1927 1928 8
1927 2474 15
1927 2558 10
1927 4528 5
1927 7315 9
1927 9235 18
1927 9341 19
1927 9634 23
1928 1929 2
1928 1992 2
1928 2471 6
1928 2583 21
1928 2998 15
1928 3333 3
1928 6240 3
1928 9560 11
1928 9605 16
1929 1930 4
1929 3502 7
1929 3512 2
1929 3998 19
1930 48 18
1930 1148 4
1930 1639 14
1930 1931 19
1930 3211 11
1930 8016 6
1930 9247 23
1931 1932 14
1931 4459 10
1931 4470 21
1931 8502 20
1931 8635 10
1932 1186 8
1932 1933 5
1932 2082 5
1932 3876 7
1932 5072 19
1932 8867 14
1933 880 12
1933 1360 19
1933 1934 21
1933 3877 2
1933 7832 10
1934 1935 12
1934 2137 22
1934 3341 20
1934 4042 22
1934 4132 9
1934 9740 6
1935 964 23
1935 1936 13
1935 3501 16
1935 6465 13
1935 7511 23
1935 7927 22
1936 296 9
1936 331 10
1936 1302 11
1936 1937 12
1936 2058 20
1936 2683 7
1936 4713 5
1937 353 14
1937 1938 16
1937 4829 20
1937 5680 20
1937 6470 2
1937 8164 22
1938 649 13
1938 1939 17
1938 2690 3
1938 3532 11
1938 6849 7
1938 9397 14
1938 9643 16
1939 1312 21
1939 1940 19
1939 3751 22
1939 6821 4
1940 1941 11
1940 3352 11
1940 5406 17
1940 6554 2
1940 6890 4
1940 7641 2
1941 825 9
1941 1942 12
1941 2712 11
1942 1369 15
1942 1433 18
1942 1943 22
1942 3425 15
1942 4125 3
1943 990 4
1943 1841 10
1943 1893 11
1943 1944 11
1943 4691 8
1943 8401 22
1943 9375 23
1944 1945 9
1944 2051 18
1944 3124 10
1944 5623 19
1944 8132 10
1944 8318 21
1944 8740 9
1945 188 11
1945 1172 4
1945 1946 3
1945 2485 22
1945 5013 18
1945 6349 11
1945 7196 10
1946 1163 18
1946 1497 10
1946 1947 19
1946 4902 10
1946 7655 15
1946 7701 17
1947 252 20
1947 308 7
1947 913 4
1947 1948 11
1948 99 14
1948 362 17
1948 663 1
1948 1639 2
1948 1949 20
1948 2958 10
1948 5041 3
1948 5965 20
1948 7714 9
1948 9645 8
1948 9898 1
1949 1219 23
1949 1278 17
1949 1950 1
1949 7794 22
1949 9566 18
1950 516 21
1950 1825 2
1950 1951 23
1950 2999 9
1950 4853 7
1951 783 7
1951 1952 18
1951 2137 20
1951 2295 17
1951 2831 7
1951 4046 13
1951 9497 20
1951 9590 22
1952 1953 23
1952 3396 8
1952 4774 2
1952 8382 13
1953 1709 17
1953 1954 4
1953 3946 21
1953 4477 13
1953 7401 4
1954 1480 21
1954 1955 13
1954 5038 9
1954 5428 11
1954 6575 8
1955 1522 11
1955 1956 19
1955 3266 9
1955 3669 21
1955 6476 3
1956 1957 19
1956 4529 19
1956 6652 21
1956 9545 3
1957 577 20
1957 635 13
1957 1109 21
1957 1958 2
1957 4224 13
1957 6115 16
1957 8394 14
1958 593 2
1958 1959 5
1958 3189 9
1958 4530 3
1958 5448 20
1959 1960 5
1959 5125 20
1959 6023 2
1959 6323 16
1959 8348 18
1959 8469 8
1959 9057 19
1959 9759 7
1960 114 15
1960 915 2
1960 1059 9
1960 1961 3
1960 3568 15
1960 3666 9
1960 5209 11
1960 7694 19
1961 1962 15
1961 4803 4
1961 6232 7
1961 6350 10
1962 154 17
1962 1963 4
1962 3007 2
1962 3869 12
1962 4672 11
1963 1964 14
1963 2339 11
1963 4511 16
1963 5519 17
1963 6438 12
1963 7369 21
1963 8370 14
1963 9188 15
1963 9978 4
1964 641 23
1964 1965 4
1964 3725 4
1964 4341 16
1964 4573 23
1964 5463 9
1964 6905 21
1965 1966 22
1965 2482 2
1965 2826 4
1965 5734 18
1965 7502 12
1965 7712 12
1966 1049 6
1966 1967 7
1966 6428 12
1966 9571 17
1967 1585 12
1967 1968 16
1967 4518 4
1967 6975 16
1967 8220 4
1968 1096 2
1968 1969 1
1968 3356 23
1968 3953 23
1968 5269 8
1968 6915 21
1968 7045 14
1968 7329 22
1968 7537 14
1969 1970 10
1969 3864 2
1969 6324 17
1969 7561 21
1970 1574 2
1970 1707 6
1970 1971 19
1970 2457 22
1970 3760 8
1970 5469 2
1971 457 19
1971 1972 23
1971 4120 21
1971 5505 7
1971 9218 23
1972 1973 3
1972 2618 16
1972 3473 7
1973 164 4
1973 1679 22
1973 1974 1
1973 2604 13
1974 1552 19
1974 1975 9
1974 4054 3
1974 9132 4
1974 9948 15
1974 9992 23
1975 1976 7
1975 3242 2
1975 4388 20
1975 4826 23
1975 6093 20
1975 6405 3
1975 7845 7
1976 413 4
1976 486 7
1976 1977 14
1976 3116 14
1976 7313 17
1976 8548 8
1976 9314 2
1977 1978 15
1977 2969 9
1977 4681 18
1977 4790 7
1977 4871 20
1977 7668 22
1978 238 3
1978 1021 1
1978 1979 1
1978 4614 1
1978 4875 5
1979 385 5
1979 1261 4
1979 1980 5
1979 2638 11
1979 6158 23
1979 6322 14
1979 6756 10
1979 6831 8
1979 7998 12
1979 8910 22
1979 9719 11
1980 18 13
1980 1218 2
1980 1273 19
1980 1981 15
1980 3076 12
1980 4461 15
1980 6431 15
1980 8108 15
1981 66 16
1981 1982 7
1981 3290 7
1981 3593 23
1981 8882 20
1982 756 17
1982 1507 20
1982 1561 15
1982 1983 8
1982 2040 17
1982 3813 13
1982 4933 17
1982 6186 2
1983 1653 18
1983 1832 1
1983 1984 4
1983 2782 21
1983 4679 9
1983 8967 23
1983 9792 10
1983 9945 16
1984 427 15
1984 1985 12
1984 3402 13
1985 1051 17
1985 1659 16
1985 1986 13
1985 2924 11
1986 113 6
1986 1987 23
1986 2745 19
1986 3667 2
1986 6784 20
1986 7492 9
1986 8410 16
1986 8554 2
1987 1885 2
1987 1988 13
1987 3157 4
1987 4176 5
1988 644 20
1988 1989 5
1988 2530 19
1988 5829 11
1988 9992 6
1989 813 13
1989 1990 20
1989 3109 21
1989 4086 19
1989 4634 3
1989 6425 2
1990 1991 6
1990 8968 10
1990 9260 20
1991 197 8
1991 444 17
1991 1992 13
1991 6134 11
1991 6310 17
1991 7770 18
1991 8694 18
1991 9942 2
1992 1993 9
1992 2904 9
1992 3236 21
1992 5216 1
1992 5539 20
1992 5757 6
1992 7338 2
1992 9628 12
1993 823 10
1993 1994 9
1993 4397 5
1993 5090 17
1993 6661 14
1994 1995 20
1994 2536 12
1994 2776 6
1994 3444 19
1994 7517 13
1994 9551 3
1994 9826 16
1995 683 2
1995 1996 23
1995 4160 7
1995 7457 9
1995 7669 23
1996 1755 16
1996 1997 13
1996 6774 15
1996 8234 3
1997 1436 21
1997 1697 7
1997 1998 3
1997 4039 4
1998 686 11
1998 1934 23
1998 1999 2
1998 4044 9
1998 5984 7
1998 6190 22
1998 6839 10
1998 6970 5
1998 7169 9
1999 2000 14
1999 3291 3
1999 7412 16
1999 8514 23
1999 9754 7
2000 1208 2
2000 1707 9
2000 2001 17
2000 5581 3
2000 7823 19
2000 8256 15
2001 793 10
2001 2002 16
2001 2222 21
2001 3473 14
2001 4068 17
2001 4921 23
2001 8766 15
2002 2003 1
2002 2834 21
2002 4660 2
2002 7419 3
2003 2004 5
2003 2277 3
2003 6248 16
2003 9945 12
2004 1509 9
2004 2005 1
2004 4475 2
2004 4672 14
2004 9441 5
2005 2006 4
2005 3733 9
2005 5396 18
2005 8429 21
2005 9047 20
2006 68 9
2006 2007 13
2006 2226 19
2006 3704 9
2006 6378 4
2007 2008 4
2007 6185 22
2008 72 3
2008 2009 1
2008 2109 3
2008 3477 20
2008 4925 20
2008 5512 18
2008 5675 5
2008 6286 8
2008 6407 17
2009 807 17
2009 1463 16
2009 2010 16
2009 2539 7
2009 5199 1
2009 8767 15
2009 9135 11
2010 2011 19
2010 3288 9
2010 3855 10
2010 3937 10
2010 5798 4
2010 8012 23
2011 218 10
2011 2012 16
2011 2589 19
2011 2838 19
2011 5964 5
2012 1521 6
2012 2013 6
2012 4488 16
2012 5591 23
2012 7189 9
2012 7510 10
2012 9284 5
2013 1577 12
2013 2014 15
2013 3874 8
2013 4692 13
2013 5062 22
2014 727 6
2014 766 13
2014 2015 21
2014 3444 12
2014 3925 16
2015 1839 14
2015 2016 8
2015 3220 15
2016 243 3
2016 2017 23
2016 5121 3
2016 5333 9
2016 5577 13
2016 5761 13
2016 6190 4
2016 6277 8
2017 2018 17
2017 2552 4
2017 4549 19
2017 8061 8
2018 2019 7
2018 3291 22
2018 5401 12
2018 6836 3
2018 8536 5
2018 8682 3
2019 1464 22
2019 2020 20
2019 2027 21
2019 6801 4
2019 7003 6
2019 8333 20
2020 2021 12
2020 3240 11
2020 6146 5
2020 6822 9
2020 7367 10
2020 8987 3
2021 2022 11
2021 2675 10
2021 3637 1
2021 3722 1
2021 5086 1
2021 7647 17
2021 8302 22
2021 9152 14
2022 771 13
2022 2023 17
2022 3203 9
2022 9125 9
2023 311 5
2023 1254 15
2023 1718 6
2023 2024 10
2023 2135 23
2023 3645 3
2023 5478 19
2024 709 2
2024 1301 4
2024 1399 16
2024 1485 14
2024 2025 6
2024 2516 6
2024 6808 3
2024 6965 23
2025 392 16
2025 616 10
2025 782 2
2025 1283 1
2025 1301 10
2025 2026 15
2026 1464 1
2026 2027 8
2026 8114 21
2027 45 18
2027 2028 13
2027 2343 8
2027 7375 17
2027 8504 2
2027 8559 4
2027 8841 1
2027 9907 22
2028 1891 12
2028 2029 10
2028 6985 15
2028 7508 17
2029 2030 15
2029 2549 14
2029 2766 12
2029 6212 7
2029 6783 7
2029 7622 1
2029 8921 4
2030 1076 20
2030 1498 4
2030 2031 5
2030 2838 9
2030 3214 10
2030 4438 4
2030 5923 1
2030 6676 19
2031 583 3
2031 1068 10
2031 1180 13
2031 2032 2
2031 4910 9
2031 9301 16
2032 2033 14
2032 2720 4
2032 2783 10
2032 3754 12
2032 5274 17
2032 8724 12
2033 2034 13
2033 2734 14
2033 3126 20
2033 9705 4
2034 2035 17
2034 5026 17
2034 5221 23
2034 5833 18
2034 8220 13
2035 238 23
2035 405 17
2035 2036 10
2035 5336 7
2035 5897 9
2035 6995 4
2036 245 1
2036 1345 2
2036 1627 19
2036 2037 8
2036 5548 20
2036 5726 21
2036 8331 12
2036 9366 22
2037 87 12
2037 351 20
2037 1658 13
2037 2038 4
2037 2226 4
2037 2608 6
2037 3054 12
2037 6594 2
2037 8088 4
2038 2039 15
2038 2735 16
2038 2829 1
2038 6935 19
2038 7237 2
2038 8060 14
2038 8768 20
2039 135 22
2039 2040 9
2039 5342 9
2040 2041 5
2040 3185 20
2040 3592 11
2040 5370 15
2040 5416 2
2040 6233 23
2040 8728 2
2041 93 12
2041 2042 18
2041 2337 20
2041 6530 16
2041 6830 4
2041 7747 17
2042 333 10
2042 856 23
2042 2043 17
2042 9125 4
2042 9154 20
2043 2044 22
2043 2445 3
2043 3887 6
2043 8194 11
2043 8376 16
2044 783 8
2044 809 19
2044 1214 12
2044 2045 11
2044 2344 12
2044 2741 19
2044 4073 3
2044 4424 17
2044 4883 19
2044 7097 4
2044 8244 19
2044 9203 15
2044 9733 14
2045 1251 4
2045 1917 15
2045 2046 1
2045 2685 15
2045 4876 1
2045 5138 8
2045 5167 9
2046 667 9
2046 2042 13
2046 2047 1
2046 2653 17
2046 4155 23
2046 6440 4
2046 7971 9
2046 9841 23
2047 1635 3
2047 1648 21
2047 2048 7
2047 3047 9
2047 3239 13
2047 6054 11
2047 6461 1
2047 6624 19
2047 7343 12
2048 659 14
2048 1030 9
2048 1285 1
2048 2049 19
2048 2929 8
2048 5312 3
2048 7304 17
2048 9275 3
2049 2050 16
2049 2732 9
2049 4197 7
2049 6489 22
2049 9123 5
2050 299 8
2050 1047 17
2050 2051 20
2050 4577 3
2050 5856 19
2050 8008 6
2051 263 11
2051 2052 22
2051 2182 11
2051 5156 6
2051 5288 15
2051 6239 18
2051 8695 11
2051 9586 10
2052 2053 21
2052 2731 15
2052 5273 10
2052 7811 14
2053 1168 22
2053 1735 9
2053 2054 22
2054 650 18
2054 1572 3
2054 2055 15
2054 5533 9
2054 7871 22
2054 9353 6
2055 716 11
2055 2056 15
2055 2160 9
2055 3178 15
2055 5541 1
2055 7903 1
2056 888 5
2056 1813 8
2056 2057 4
2056 5192 17
2056 5576 17
2057 2058 15
2057 3378 15
2057 3817 3
2057 4452 17
2057 5021 2
2057 8575 23
2058 1175 3
2058 1955 15
2058 2059 9
2058 8112 5
2058 8647 17
2059 2060 22
2059 2623 4
2059 7206 12
2059 7563 13
2060 2061 22
2060 2094 7
2060 4701 15
2060 6470 21
2060 6678 19
2060 6832 11
2060 6927 15
2060 9515 14
2061 1460 17
2061 2062 4
2061 2417 14
2061 5726 21
2061 7961 10
2061 9339 10
2062 380 2
2062 2063 7
2062 2197 6
2062 2599 9
2062 3435 20
2062 3482 3
2062 4505 7
2062 6285 14
2063 1689 2
2063 1764 6
2063 2064 16
2063 3910 1
2063 4795 8
2063 5471 15
2063 9802 6
2064 1288 14
2064 2065 22
2064 5800 11
2064 6040 12
2064 6975 9
2064 8450 11
2064 8527 15
2065 729 2
2065 2066 22
2065 2410 19
2065 2459 22
2065 2961 2
2065 5669 17
2065 7880 19
2065 8323 4
2066 2067 16
2066 3274 6
2066 5962 1
2066 8161 13
2066 9204 12
2067 2068 18
2067 2323 21
2067 4032 10
2067 4575 18
2067 5216 16
2067 8522 14
2067 8726 22
2068 689 13
2068 1623 12
2068 2069 5
2068 8334 11
2069 73 13
2069 718 23
2069 2070 21
2069 8318 3
2069 9174 10
2070 2071 8
2070 8822 20
2071 419 6
2071 619 2
2071 2072 20
2071 2415 16
2071 2559 14
2071 3888 5
2071 4725 11
2071 5408 15
2071 6311 8
2071 8781 19
2072 185 14
2072 516 8
2072 2007 23
2072 2073 10
2072 6456 2
2072 7262 9
2072 9621 4
2073 1254 5
2073 1825 5
2073 2074 20
2073 2610 6
2073 2678 11
2073 3225 4
2073 4000 2
2073 4744 10
2073 9389 18
2074 2075 19
2074 2216 22
2074 6738 19
2074 7633 4
2074 8800 23
2074 9639 19
2075 2076 10
2075 5628 3
2075 8804 16
2076 1357 12
2076 1528 10
2076 2005 14
2076 2077 16
2076 2604 21
2076 4775 1
2076 5539 10
2076 9775 7
2077 2078 10
2077 2086 16
2077 2368 8
2077 5801 5
2077 7479 16
2078 1052 4
2078 2079 23
2078 7409 17
2079 199 10
2079 2080 17
2079 3682 15
2079 7537 11
2079 7932 23
2080 52 5
2080 846 9
2080 2081 19
2080 4329 11
2080 4647 10
2081 863 19
2081 2082 16
2081 4023 17
2081 9981 12
2082 531 11
2082 2046 9
2082 2083 4
2083 95 13
2083 711 6
2083 2084 21
2083 4875 15
2083 6118 1
2083 7670 4
2083 9796 1
2084 1422 16
2084 2085 6
2084 2544 14
2084 8056 16
2085 318 23
2085 2086 11
2085 2867 7
2085 3409 11
2085 5489 18
2085 7860 23
2085 9656 10
2086 1096 9
2086 2087 12
2086 2366 5
2086 2627 15
2086 4096 12
2086 4516 21
2086 7197 13
2086 8561 12
2086 9947 4
2087 1846 2
2087 2088 6
2087 3430 13
2087 5661 4
2087 6087 1
2087 9223 6
2088 2089 13
2088 2706 17
2088 3217 16
2088 5778 10
2088 6871 11
2089 189 2
2089 2090 20
2089 6331 3
2089 8417 2
2090 588 20
2090 1283 22
2090 2091 7
2091 351 3
2091 391 7
2091 2092 16
2091 3149 9
2091 3261 23
2091 5386 11
2091 7016 3
2091 7781 15
2091 9573 20
2092 2093 8
2093 713 13
2093 2094 10
2093 2281 20
2093 2678 22
2093 4694 1
2093 6179 8
2093 6543 21
2093 7665 21
2093 7666 21
2093 9414 10
2093 9534 10
2094 559 4
2094 763 22
2094 1528 1
2094 2095 22
2094 2877 12
2095 20 21
2095 946 14
2095 1132 11
2095 2096 14
2095 6236 14
2096 2097 11
2096 6038 6
2097 763 19
2097 2098 10
2097 5606 13
2097 8088 5
2098 336 19
2098 2099 16
2098 3267 9
2098 3656 19
2098 3884 14
2098 4402 8
2098 4856 2
2098 5938 3
2098 8051 9
2098 8715 18
2099 236 23
2099 1435 3
2099 1828 14
2099 2100 1
2099 2464 22
2099 5824 18
2099 7211 17
2099 7711 1
2100 1131 7
2100 2101 4
2100 3257 7
2100 5519 9
2100 6564 2
2100 8422 2
2101 2102 21
2101 4753 18
2101 6739 17
2101 8330 12
2102 2103 10
2102 4578 18
2102 7553 12
2102 9294 9
2103 1677 4
2103 2104 20
2103 2152 2
2103 7118 2
2103 7445 18
2103 7606 10
2103 9453 18
2103 9840 20
2104 56 16
2104 1365 22
2104 2105 19
2104 5244 23
2105 2106 6
2105 2289 2
2105 4803 21
2105 6900 16
2105 8046 19
2105 9286 10
2106 814 9
2106 1320 22
2106 1485 15
2106 2107 1
2106 8554 15
2107 2108 3
2107 3660 11
2107 4586 9
2107 4971 11
2107 9510 3
2108 2109 7
2108 2801 11
2108 5390 1
2108 7255 17
2108 7420 3
2109 2110 16
2109 2788 20
2109 5108 13
2109 6794 17
2109 8295 23
2109 8782 7
2110 2111 20
2110 5342 16
2110 6591 12
2110 8910 3
2110 9309 15
2110 9814 10
2111 884 13
2111 2112 19
2111 3613 21
2111 5131 10
2111 8282 9
2112 2113 4
2112 5238 19
2112 9226 17
2112 9589 2
2113 760 3
2113 1141 13
2113 2114 14
2113 3280 4
2113 6818 11
2113 7768 6
2113 8473 4
2113 8705 10
2113 9030 18
2113 9888 8
2114 791 19
2114 1572 3
2114 2115 11
2114 5455 1
2114 8514 11
2114 8531 18
2114 9230 20
2115 857 19
2115 2116 7
2115 2138 19
2115 4638 6
2115 5210 16
2115 6361 20
2115 6612 7
2115 7332 17
2115 7420 3
2116 297 15
2116 776 20
2116 838 5
2116 2117 23
2116 3973 11
2116 5441 12
2117 2118 5
2117 2964 1
2117 5508 9
2118 1352 5
2118 2119 16
2118 2934 15
2118 8299 16
2118 9191 11
2119 2120 13
2119 2830 23
2119 3269 11
2119 3987 23
2119 5080 2
2119 6060 2
2119 6475 20
2119 8464 19
2119 9623 8
2120 1 4
2120 213 22
2120 1062 7
2120 1181 4
2120 2121 5
2120 6154 6
2120 7237 7
2120 8737 22
2120 9776 17
2121 406 18
2121 1836 21
2121 2122 15
2121 2446 1
2122 21 14
2122 2123 15
2122 2596 19
2122 4266 10
2122 5491 4
2122 7903 11
2123 299 9
2123 2124 14
2123 2776 7
2123 4560 21
2123 7620 18
2124 1763 23
2124 2125 15
2124 2375 18
2124 3545 11
2124 5811 20
2125 2126 21
2125 2344 23
2125 4527 23
2125 8062 2
2125 8884 23
2125 8912 11
2125 9168 23
2126 1628 15
2126 1982 14
2126 2127 9
2126 6160 6
2126 6263 10
2127 297 22
2127 1190 11
2127 2128 19
2127 2881 7
2127 3559 8
2127 3670 2
2127 8687 16
2128 2129 21
2128 2853 1
2128 3251 21
2128 3617 20
2128 3803 19
2128 5613 23
2129 816 10
2129 2130 22
2129 3443 22
2129 3815 22
2129 5498 13
2129 6348 5
2129 8492 14
2129 9477 21
2130 256 21
2130 1807 8
2130 1823 6
2130 1932 6
2130 2131 16
2130 4858 1
2130 5659 14
2130 8723 1
2130 9281 1
2130 9600 7
2131 1562 13
2131 2132 20
2131 7427 18
2131 8105 21
2131 9360 4
2132 2133 17
2132 4792 7
2132 5639 18
2132 8745 22
2132 8753 10
2132 9726 1
2132 9753 10
2133 1074 10
2133 2134 4
2133 5889 6
2133 7593 19
2133 8352 10
2134 651 6
2134 2135 16
2134 2242 17
2134 6242 23
2134 9563 20
2135 853 17
2135 1065 19
2135 2136 9
2135 4283 18
2135 4539 7
2135 4817 10
2135 9349 11
2136 1985 22
2136 2137 20
2136 3202 12
2136 5096 18
2136 8288 1
2136 9327 6
2137 1126 23
2137 2138 15
2138 1197 17
2138 2139 11
2138 3715 12
2138 4819 6
2138 5294 3
2139 209 23
2139 394 10
2139 1425 15
2139 2053 8
2139 2140 22
2139 2566 23
2139 5467 6
2139 7044 6
2140 2141 3
2140 2463 15
2140 7763 9
2141 1992 18
2141 2142 11
2141 7528 21
2142 2143 7
2142 2371 2
2142 2560 22
2142 3391 19
2142 5059 22
2142 8799 18
2142 9450 17
2143 1201 23
2143 2144 12
2143 2293 21
2143 2870 10
2143 6774 5
2143 7670 6
2144 2145 10
2144 2922 22
2144 5660 5
2144 6494 2
2144 6813 15
2145 2146 13
2145 2958 12
2146 2147 12
2146 5565 14
2146 9257 7
2147 2148 20
2147 2822 12
2147 6860 21
2147 7704 11
2147 7941 12
2147 9138 10
2147 9503 10
2148 225 6
2148 1331 8
2148 1509 14
2148 2149 14
2148 2683 11
2148 4251 4
2148 4361 9
2148 4639 8
2148 7190 1
2149 202 6
2149 853 23
2149 1850 22
2149 2150 14
2149 2169 9
2149 2243 19
2149 2252 4
2149 5805 11
2150 391 17
2150 2151 17
2150 3306 3
2150 5893 2
2150 7360 19
2150 8707 20
2151 2152 2
2151 8162 15
2151 9185 18
2152 488 20
2152 1381 13
2152 2153 11
2152 2885 7
2152 4195 15
2152 7165 4
2152 8086 16
2153 2154 17
2153 3019 3
2153 6602 14
2153 9797 16
2153 9837 18
2154 2071 9
2154 2155 11
2154 4074 3
2154 6480 15
2154 7302 6
2155 489 1
2155 1679 9
2155 1786 2
2155 2156 4
2155 2426 1
2155 4321 21
2155 7386 18
2155 7533 9
2155 7714 16
2155 8211 17
2156 25 22
2156 1893 4
2156 2157 14
2156 3439 18
2156 6091 4
2156 6806 1
2156 7571 20
2157 1478 15
2157 2158 12
2157 4061 22
2157 5684 2
2158 1474 22
2158 1540 13
2158 2159 22
2158 5567 19
2158 5624 1
2158 5772 22
2158 6743 17
2158 7349 23
2159 2160 8
2159 2241 17
2159 2347 17
2159 3423 1
2159 4266 9
2159 9240 18
2160 2161 2
2160 6304 18
2160 7726 11
2160 8521 4
2160 8780 5
2160 9487 23
2161 2162 12
2161 7419 3
2161 9005 12
2161 9845 16
2162 243 5
2162 2163 10
2162 2213 18
2162 2648 21
2162 2729 7
2162 6570 21
2162 7116 16
2163 369 14
2163 1035 15
2163 2164 9
2163 3126 22
2163 4503 6
2164 2165 5
2164 3205 1
2164 6832 23
2164 7107 10
2164 8256 14
2165 266 17
2165 1023 6
2165 2166 19
2165 2408 17
2165 6507 3
2166 1551 9
2166 1856 22
2166 2167 8
2166 8000 23
2167 53 11
2167 1817 18
2167 2168 7
2167 2899 7
2167 3866 6
2167 6368 13
2168 1636 5
2168 2169 1
2168 4964 9
2169 637 8
2169 760 3
2169 935 8
2169 2170 8
2169 2217 6
2169 2531 12
2169 3060 10
2169 3097 6
2169 4144 15
2169 7639 3
2169 7828 2
2169 7940 10
2169 8391 23
2170 623 17
2170 989 3
2170 2171 11
2170 3977 7
2170 4472 15
2170 4637 6
2170 9398 19
2171 826 5
2171 1549 21
2171 2172 3
2171 3722 16
2171 6205 18
2171 7465 8
2171 8623 10
2172 2075 14
2172 2173 4
2172 2343 21
2172 2401 17
2172 2775 22
2172 5128 1
2172 6001 1
2172 7664 14
2172 7735 9
2172 9342 10
2172 9887 6
2173 1501 23
2173 2174 22
2173 3379 18
2173 3466 17
2173 3995 12
2173 4289 13
2173 4603 7
2173 7435 20
2173 9705 19
2174 199 10
2174 1429 1
2174 1981 17
2174 2175 5
2174 2729 4
2174 3830 4
2174 5482 5
2174 6443 1
2175 503 23
2175 2176 3
2175 2963 19
2175 4206 12
2175 5031 12
2176 205 22
2176 2177 23
2176 2484 18
2176 3054 4
2176 3632 15
2176 4237 5
2176 4716 8
2176 4725 5
2176 9820 9
2177 1274 5
2177 2178 15
2177 2977 6
2177 5528 2
2178 2179 20
2178 3508 15
2178 7626 11
2179 2180 21
2180 739 10
2180 1183 18
2180 1340 2
2180 1420 1
2180 2181 23
2180 2304 4
2180 4134 6
2180 4866 13
2180 6782 12
2180 9244 2
2181 827 23
2181 2182 13
2181 2737 23
2181 3525 20
2181 5215 19
2181 6115 22
2182 629 7
2182 1226 20
2182 2183 23
2182 7650 1
2182 9013 1
2183 1236 14
2183 2184 15
2183 3643 5
2183 4807 7
2184 72 18
2184 1996 21
2184 2185 1
2184 3902 22
2184 5852 16
2184 5868 13
2184 7370 10
2184 7471 15
2184 7993 3
2184 9918 23
2185 1599 14
2185 2186 17
2185 5993 5
2185 6710 3
2185 7210 9
2185 8454 10
2186 868 7
2186 2187 18
2186 2912 14
2186 4197 2
2186 5860 12
2186 6641 14
2187 2188 3
2187 2304 16
2187 5211 15
2187 5917 11
2187 6119 16
2188 795 15
2188 1564 3
2188 1580 18
2188 1750 13
2188 2189 18
2188 3161 21
2188 4495 8
2188 8378 19
2188 8581 7
2189 71 14
2189 2190 3
2189 6118 3
2189 8233 12
2189 8876 7
2190 932 5
2190 1905 8
2190 2191 19
2190 3934 14
2190 9618 20
2191 665 3
2191 2192 9
2191 2882 2
2192 498 4
2192 1398 16
2192 2193 22
2192 2332 20
2192 3422 5
2192 4616 9
2192 5153 2
2192 5522 13
2192 7939 6
2192 9276 1
2193 2194 9
2193 3456 23
2194 1662 16
2194 2195 22
2194 3631 8
2195 1695 12
2195 2196 18
2195 2547 12
2195 2578 8
2195 2759 1
2195 3631 9
2195 4079 10
2196 2197 14
2197 2077 4
2197 2198 5
2197 2924 6
2197 3125 22
2197 4165 8
2197 5124 7
2198 867 22
2198 2199 13
2198 2235 6
2198 2499 4
2198 2765 18
2199 2200 2
2199 3051 14
2199 3747 16
2199 3968 3
2199 6440 8
2199 9696 14
2200 1072 8
2200 1322 16
2200 2201 11
2200 2487 23
2200 2927 9
2200 5457 22
2200 9907 3
2201 1934 4
2201 2202 11
2201 3905 16
2201 4446 14
2202 1781 23
2202 2203 23
2202 5601 14
2202 7042 16
2203 1390 19
2203 2204 15
2203 2889 11
2203 3147 16
2203 6158 13
2203 9175 18
2203 9855 22
2204 436 14
2204 1018 6
2204 2205 9
2204 4617 14
2204 5908 19
2204 7136 11
2205 2206 12
2205 2610 15
2205 2677 13
2205 4648 7
2205 5352 23
2206 525 11
2206 579 11
2206 2207 6
2206 4722 18
2206 7085 11
2207 609 12
2207 1083 9
2207 2208 22
2207 3061 22
2207 4899 14
2207 6352 11
2207 9012 13
2207 9755 7
2208 2209 3
2208 9718 19
2208 9763 13
2209 83 6
2209 527 21
2209 629 21
2209 1008 8
2209 2210 7
2209 7475 13
2209 9961 13
2210 2140 1
2210 2211 20
2210 6399 20
2210 8193 8
2211 2212 22
2211 9883 1
2212 2213 2
2212 3328 23
2212 6174 1
2212 8549 14
2212 9563 5
2213 1065 21
2213 1921 3
2213 2214 6
2213 4651 1
2213 5402 2
2213 6989 17
2213 8472 10
2213 8656 11
2214 598 20
2214 710 7
2214 1287 16
2214 1396 9
2214 2215 23
2214 3445 23
2214 8760 18
2215 942 6
2215 1418 11
2215 2216 20
2215 7456 16
2215 9653 7
2216 1267 6
2216 2217 16
2216 2712 7
2216 5394 17
2216 6714 20
2216 8055 1
2216 8989 1
2216 9205 23
2217 2218 4
2217 3121 21
2217 4244 1
2217 4764 17
2217 8403 12
2218 2219 11
2218 6735 12
2218 9540 22
2219 2220 12
2219 6705 1
2219 6770 11
2219 8429 23
2219 9620 19
2220 183 3
2220 2221 17
2220 7291 23
2221 2222 15
2221 2542 15
2221 2609 9
2221 5763 23
2221 6238 9
2221 6251 6
2221 6822 17
2222 43 15
2222 2223 9
2222 3266 15
2222 6899 16
2222 8558 9
2222 9029 23
2222 9692 6
2223 1244 8
2223 2224 10
2223 3025 7
2223 7840 22
2224 2225 16
2224 4802 17
2224 9475 13
2224 9634 23
2225 1696 7
2225 2226 11
2225 5709 9
2225 6397 8
2225 6833 7
2225 7995 3
2226 1341 12
2226 2227 18
2226 2631 13
2226 2685 5
2226 2965 20
2226 6066 12
2226 6480 22
2226 6761 5
2226 8271 2
2226 9081 21
2227 1720 3
2227 2228 3
2227 3123 6
2227 4388 18
2227 5794 4
2227 8101 21
2227 8665 11
2228 64 4
2228 2229 16
2228 5461 15
2228 7534 23
2228 8203 5
2229 2230 6
2229 3207 19
2229 6175 7
2229 8408 1
2229 8452 23
2229 8946 13
2229 9402 19
2230 2231 12
2230 6247 6
2230 7255 10
2230 8323 22
2231 285 15
2231 2232 15
2231 3255 4
2231 6373 18
2231 6536 7
2231 8914 12
2232 94 8
2232 1981 1
2232 2233 15
2232 6624 6
2233 2234 10
2233 5313 23
2233 6538 15
2233 8569 6
2233 8866 17
2233 9065 5
2234 844 11
2234 1260 22
2234 1832 17
2234 2235 14
2234 2644 6
2234 4154 13
2234 6833 22
2234 8138 13
2235 284 12
2235 710 6
2235 1062 16
2235 1408 22
2235 2236 10
2235 2964 7
2235 7341 5
2236 366 14
2236 2237 7
2236 2904 10
2236 4980 16
2236 5611 20
2237 1662 15
2237 2238 15
2237 2497 20
2237 6934 17
2238 888 2
2238 1506 13
2238 2239 6
2238 5628 16
2238 6381 13
2238 8053 23
2238 9266 20
2239 1307 23
2239 2240 22
2239 5157 6
2239 7548 12
2240 116 12
2240 1882 22
2240 2241 9
2240 3506 13
2240 4390 9
2241 50 1
2241 781 11
2241 2242 18
2242 945 2
2242 2243 5
2242 3915 18
2242 6263 6
2242 8993 8
2242 9335 18
2243 2244 2
2243 3058 9
2243 7751 12
2244 2245 4
2244 4152 12
2244 5652 21
2244 6664 10
2244 6809 13
2244 7041 15
2244 7143 12
2244 9019 23
2245 2246 22
2245 8467 14
2246 2247 21
2246 3011 4
2246 5126 19
2247 2248 2
2247 7574 13
2247 8232 19
2248 1444 9
2248 2249 17
2248 7112 2
2248 8388 6
2248 9731 1
2249 828 2
2249 2250 18
2249 3089 20
2249 4129 22
2249 8398 8
2250 336 21
2250 542 14
2250 673 3
2250 1444 2
2250 2251 15
2250 4167 22
2251 2252 1
2251 4065 14
2251 6352 10
2251 7179 13
2252 313 12
2252 1082 1
2252 1438 9
2252 2253 20
2252 5094 8
2252 5942 17
2252 6044 10
2252 6519 6
2252 6736 10
2252 8777 7
2253 2254 20
2253 3481 13
2253 5047 9
2253 8464 16
2253 9879 21
2254 23 6
2254 2255 8
2254 3028 6
2254 6886 11
2254 8417 2
2255 1632 7
2255 2256 10
2255 2266 22
2255 3098 12
2255 4288 1
2255 5345 1
2255 6010 8
2255 7878 8
2256 863 1
2256 2257 19
2256 5296 1
2256 5340 17
2256 9480 22
2257 1510 20
2257 1564 18
2257 2219 7
2257 2258 2
2257 5355 18
2257 7839 21
2258 1453 13
2258 2259 4
2258 2643 3
2258 2653 7
2258 2954 14
2258 3925 20
2258 4923 20
2258 8243 1
2258 8396 21
2259 12 8
2259 2260 1
2259 3588 17
2259 3615 11
2259 9210 14
2260 829 2
2260 939 15
2260 2261 9
2260 5036 7
2260 7297 1
2260 9754 1
2261 387 12
2261 680 20
2261 1220 10
2261 2057 2
2261 2262 19
2261 9800 10
2262 2263 12
2262 2959 8
2262 6277 21
2262 6929 14
2262 7912 3
2262 8373 11
2262 8788 23
2262 9898 14
2263 953 1
2263 2264 1
2263 2405 22
2263 4014 4
2263 5545 11
2263 8234 1
2263 8932 8
2264 545 13
2264 1525 22
2264 2265 20
2264 3508 1
2264 8664 8
2265 2266 17
2265 8567 5
2266 1602 16
2266 2267 19
2266 3105 2
2266 4723 3
2266 5354 3
2266 5689 21
2266 7419 15
2266 8552 6
2267 2268 13
2267 2324 12
2267 2753 6
2267 3114 11
2267 3540 11
2267 3782 9
2267 3832 13
2267 6422 19
2267 7190 14
2267 7927 8
2268 1034 8
2268 2269 4
2268 5598 20
2269 2270 11
2269 7757 12
2270 794 17
2270 2271 4
2270 2599 10
2270 3109 19
2270 5827 11
2270 6016 23
2270 7794 16
2271 1408 5
2271 2097 12
2271 2272 9
2271 7361 1
2271 7745 1
2272 989 9
2272 2273 23
2272 2454 16
2272 3180 3
2272 4845 7
2272 7003 9
2272 9427 7
2273 931 4
2273 2274 3
2273 3842 6
2273 6414 10
2274 715 20
2274 1990 21
2274 2275 8
2274 2490 4
2274 2519 1
2274 2775 15
2274 4624 2
2274 6988 22
2275 1053 5
2275 2276 6
2275 3279 20
2275 3300 8
2275 3459 4
2275 6980 15
2276 1015 18
2276 1395 10
2276 2073 20
2276 2277 22
2276 2443 1
2276 5135 22
2276 6532 14
2277 1367 2
2277 2069 9
2277 2278 12
2277 2692 11
2277 7379 9
2277 9336 10
2278 1083 4
2278 1898 5
2278 2279 19
2278 2293 18
2278 7916 10
2279 2280 6
2279 3088 7
2279 3648 22
2279 3710 21
2280 1519 7
2280 2281 20
2280 5415 4
2280 8617 23
2280 9130 23
2281 936 17
2281 1009 16
2281 1223 10
2281 1864 12
2281 2223 11
2281 2282 13
2281 3356 22
2281 6167 21
2281 6228 22
2281 6247 22
2281 8795 15
2282 1711 15
2282 2283 20
2282 2485 23
2282 4357 18
2282 6924 2
2282 9003 2
2283 291 14
2283 2284 5
2283 2852 21
2283 3061 11
2283 5522 22
2283 6317 21
2283 6470 16
2283 7486 19
2283 7795 1
2283 8878 4
2284 2285 19
2284 3103 15
2284 6890 17
2284 9644 1
2284 9718 23
2285 1441 9
2285 2234 20
2285 2286 10
2285 3719 4
2285 6264 10
2285 7405 10
2285 9663 12
2286 1803 4
2286 1925 18
2286 2287 17
2286 3406 13
2286 7356 21
2286 7824 6
2286 9556 17
2287 590 21
2287 2288 20
2287 2767 13
2287 3590 7
2288 227 8
2288 2289 2
2288 8985 12
2288 9921 17
2289 1672 18
2289 1692 7
2289 2290 23
2289 4075 3
2289 8305 1
2290 920 23
2290 1170 20
2290 1456 7
2290 2291 14
2290 5577 11
2290 7209 5
2291 579 18
2291 1466 9
2291 1643 16
2291 2292 7
2291 2618 17
2291 3792 1
2291 6445 13
2291 8775 2
2291 8926 17
2292 424 16
2292 1356 22
2292 2293 9
2292 3149 22
2292 3662 21
2292 4132 21
2292 4641 4
2292 7199 11
2292 9027 10
2292 9029 11
2293 1388 6
2293 2294 3
2293 2296 18
2293 5993 1
2293 6775 19
2293 9067 20
2294 69 8
2294 1784 10
2294 2295 14
2294 7332 1
2294 9091 1
2295 876 5
2295 2296 16
2295 5874 21
2295 6670 20
2295 6765 7
2295 9073 1
2295 9483 20
2296 2297 16
2296 3546 5
2296 4024 7
2296 8135 14
2297 2127 10
2297 2298 14
2297 4680 15
2297 6916 15
2298 742 4
2298 920 22
2298 2299 6
2298 2894 15
2298 5139 14
2298 6265 14
2298 7364 23
2299 581 8
2299 1232 17
2299 2300 15
2299 3701 14
2299 6944 2
2300 595 7
2300 864 3
2300 1409 23
2300 2301 1
2301 875 9
2301 2302 20
2301 5560 2
2301 6007 17
2302 2060 18
2302 2303 23
2303 94 6
2303 116 13
2303 1194 15
2303 1935 2
2303 2304 15
2303 5579 18
2303 5703 12
2304 226 20
2304 1036 11
2304 2305 5
2304 3513 2
2304 3631 15
2304 3979 11
2304 6595 19
2304 9070 9
2305 1536 19
2305 2306 10
2305 3930 11
2305 4145 20
2305 5717 5
2305 9746 1
2306 1754 5
2306 2307 23
2306 2410 14
2306 2960 21
2306 3794 19
2307 864 21
2307 2308 1
2307 4394 1
2308 2309 19
2308 5910 19
2308 8862 2
2309 1533 14
2309 2078 14
2309 2310 4
2309 3229 9
2309 4482 11
2309 4514 13
2309 4981 22
2310 2070 17
2310 2311 17
2310 3115 16
2310 3456 7
2310 7125 13
2311 2312 15
2311 4017 2
2311 7584 7
2311 7652 2
2311 7905 7
2312 1019 18
2312 2313 13
2312 2836 11
2312 9628 5
2313 1842 19
2313 2314 20
2313 4163 20
2313 6040 8
2313 6813 3
2313 8227 4
2314 2315 21
2314 2887 14
2314 5495 21
2315 1258 6
2315 1484 6
2315 2316 18
2315 4594 8
2316 2062 9
2316 2317 11
2316 3328 10
2316 5452 1
2316 9933 16
2317 467 17
2317 943 8
2317 2318 19
2317 2470 4
2318 2319 16
2318 3409 8
2318 5087 14
2318 7660 4
2319 807 3
2319 2320 19
2319 2495 18
2319 5691 6
2319 5775 14
2319 7956 16
2319 8408 21
2320 2321 12
2320 2649 8
2320 4707 11
2321 552 19
2321 2322 23
2321 8421 3
2321 8589 17
2321 9373 7
2322 160 13
2322 197 12
2322 240 7
2322 2323 1
2322 2450 18
2322 3079 21
2322 5259 20
2322 8603 9
2323 1772 6
2323 2324 22
2323 6759 11
2324 1543 16
2324 2325 17
2324 4508 20
2324 4727 20
2324 6793 19
2325 330 11
2325 1580 21
2325 2326 15
2325 3447 23
2325 6305 11
2325 6559 2
2326 2161 11
2326 2327 19
2326 6701 21
2326 6757 20
2326 9880 2
2327 1419 3
2327 2328 18
2327 2428 8
2327 2808 8
2327 3948 5
2327 7234 5
2328 2329 13
2328 2790 4
2328 2848 18
2328 4851 16
2328 7797 23
2328 8031 21
2328 9521 7
2328 9861 6
2329 533 19
2329 1039 5
2329 1637 19
2329 2330 7
2329 2900 14
2329 6261 8
2329 6359 6
2329 8538 18
2330 503 21
2330 1728 4
2330 2331 9
2330 2716 15
2330 7308 7
2330 8139 7
2330 9434 16
2330 9728 6
2331 2332 19
2331 3319 21
2331 3382 13
2331 3681 14
2331 4513 6
2332 213 14
2332 2032 13
2332 2333 8
2332 5784 4
2332 7653 23
2332 8461 2
2332 9341 18
2333 716 19
2333 1978 2
2333 2334 15
2333 2861 20
2333 5609 20
2333 8219 21
2333 8532 6
2333 9242 19
2334 2335 10
2334 2793 1
2334 3251 3
2334 4589 17
2334 6720 18
2335 2336 21
2335 3789 5
2335 4916 3
2335 5720 5
2336 2337 17
2336 3272 19
2336 5475 1
2336 8724 20
2337 2338 15
2337 6460 23
2337 8601 16
2338 17 13
2338 970 5
2338 2339 14
2338 4774 20
2338 5466 2
2339 1188 2
2339 2340 19
2339 3709 12
2339 4470 16
2339 7391 3
2340 2057 5
2340 2341 8
2340 2758 21
2340 6620 21
2340 8021 20
2340 8582 3
2341 659 4
2341 1122 13
2341 2342 5
2341 7067 12
2341 7520 23
2342 1735 12
2342 2343 2
2342 8077 4
2343 879 8
2343 2344 16
2343 3564 7
2343 4668 15
2343 5896 16
2343 6131 5
2343 7006 10
2343 7529 15
2343 7818 13
2344 2345 21
2344 4176 10
2344 4813 2
2344 5910 9
2344 6915 12
2344 7180 13
2344 9965 21
2345 420 7
2345 1412 9
2345 2346 11
2345 3250 4
2345 4436 4
2345 7019 3
2346 1596 20
2346 2347 8
2346 7908 16
2347 2252 9
2347 2348 18
2347 3176 2
2347 6242 1
2347 6539 9
2347 9997 17
2348 1402 2
2348 2349 12
2348 3396 23
2348 4327 7
2348 4618 10
2348 4870 6
2348 8715 11
2348 9246 8
2349 384 8
2349 2350 2
2349 2604 1
2349 3324 20
2349 5323 3
2349 5366 13
2349 5989 11
2349 8233 19
2350 2351 6
2350 2693 18
2350 5538 21
2351 238 2
2351 1165 23
2351 2352 11
2351 4190 9
2351 5584 17
2351 6600 3
2351 6767 7
2352 407 21
2352 925 17
2352 1988 8
2352 2353 15
2352 3216 15
2352 6734 8
2352 9203 6
2352 9882 2
2353 492 10
2353 943 21
2353 975 7
2353 2354 18
2353 2646 15
2353 3126 20
2353 7293 11
2354 592 10
2354 695 19
2354 753 16
2354 808 14
2354 1815 16
2354 2355 23
2354 4240 22
2354 6549 16
2355 50 19
2355 1510 3
2355 1688 11
2355 1717 22
2355 2356 4
2355 8400 12
2356 1043 2
2356 2357 21
2356 3377 20
2356 3946 6
2356 6396 18
2356 7510 11
2356 8670 17
2356 9145 23
2357 452 17
2357 2358 21
2357 3061 20
2357 4385 8
2357 5071 14
2357 5529 21
2357 7837 4
2357 8306 17
2357 9813 20
2358 471 20
2358 2359 19
2358 2526 3
2358 5471 11
2359 47 4
2359 2073 17
2359 2360 10
2359 2743 3
2360 127 19
2360 1064 13
2360 2361 15
2360 4407 22
2360 4700 12
2360 5281 9
2360 5466 20
2360 7905 11
2360 8503 6
2361 267 16
2361 446 10
2361 2362 9
2361 2968 1
2361 3380 8
2361 3613 8
2361 4111 19
2361 7213 16
2362 235 5
2362 244 23
2362 1155 6
2362 1548 7
2362 2363 9
2362 2931 4
2362 7873 17
2363 1603 16
2363 2364 22
2363 2689 1
2363 5431 10
2363 5478 13
2363 5899 18
2363 6484 8
2363 7057 17
2364 2365 16
2364 4733 11
2364 7125 12
2364 7714 17
2364 9284 16
2364 9387 11
2365 955 17
2365 1648 10
2365 2366 1
2365 2447 10
2365 3526 21
2365 6803 15
2365 6958 15
2365 7906 4
2366 906 6
2366 1547 11
2366 1703 22
2366 2367 18
2366 3580 17
2366 7305 22
2366 8701 8
2366 9845 15
2367 261 5
2367 711 3
2367 939 17
2367 2368 17
2367 4186 8
2367 4735 20
2367 4804 16
2367 5940 2
2367 9337 13
2367 9946 16
2368 12 8
2368 359 17
2368 1003 19
2368 2196 4
2368 2369 11
2368 6588 2
2368 8370 10
2368 8479 16
2368 9468 16
2369 2370 16
2369 5721 23
2369 9910 19
2370 1376 9
2370 2371 23
2370 3254 15
2370 4448 22
2370 4967 20
2370 8380 4
2371 788 7
2371 2254 1
2371 2372 23
2371 6068 8
2371 9468 2
2372 1689 18
2372 2373 23
2372 3000 14
2372 5356 7
2372 8809 13
2373 1693 11
2373 2374 13
2373 4745 15
2373 5309 10
2373 6512 1
2373 8514 10
2373 9307 5
2373 9412 19
2374 575 18
2374 2375 3
2374 2578 19
2374 5146 19
2374 9715 16
2375 2376 6
2375 2655 11
2375 9531 22
2376 1229 12
2376 1304 2
2376 2377 20
2376 2482 20
2376 3387 17
2376 3871 11
2376 7722 5
2377 664 15
2377 2378 23
2377 3101 2
2377 7199 15
2377 7873 9
2377 8953 2
2378 2379 18
2378 2979 13
2378 3262 14
2378 8555 18
2379 831 1
2379 2380 21
2380 752 5
2380 2381 18
2380 2677 19
2380 5849 20
2380 9129 2
2381 14 20
2381 102 16
2381 1335 9
2381 2200 12
2381 2374 7
2381 2382 1
2381 2916 9
2381 5275 8
2381 5916 22
2381 7428 1
2382 2383 23
2382 2704 13
2382 7087 6
2382 8615 23
2383 2384 12
2383 2511 18
2383 3003 10
2383 7829 6
2384 583 9
2384 2385 11
2384 4331 15
2384 6664 10
2384 8838 22
2384 8994 19
2385 420 8
2385 2386 6
2385 3064 2
2385 4029 20
2385 4194 22
2385 5771 19
2385 9163 9
2386 2322 13
2386 2387 17
2386 7828 3
2386 8221 4
2387 2388 10
2387 2880 22
2387 3516 4
2387 7674 17
2388 2389 20
2388 6351 18
2389 490 12
2389 781 23
2389 2033 5
2389 2390 20
2389 5183 12
2389 5276 11
2389 7974 22
2390 190 15
2390 343 20
2390 834 13
2390 2391 16
2390 2636 10
2391 185 11
2391 734 9
2391 2392 15
2391 2475 4
2391 4250 10
2391 7395 17
2391 8107 1
2392 325 18
2392 2393 13
2392 5109 12
2392 8133 16
2393 509 21
2393 776 2
2393 2043 22
2393 2394 14
2393 2437 16
2394 75 15
2394 182 3
2394 497 11
2394 2395 19
2394 3705 10
2394 5700 18
2394 6716 22
2394 9317 20
2394 9660 9
2395 2396 3
2395 3647 12
2395 6133 7
2396 2029 16
2396 2397 15
2396 3603 5
2396 4108 15
2396 5651 4
2396 6738 11
2396 7495 8
2397 2398 15
2397 6257 5
2397 7277 4
2397 8042 5
2398 2399 14
2399 2400 2
2399 7162 1
2399 7704 20
2400 195 14
2400 705 1
2400 825 13
2400 2401 10
2400 5362 12
2400 6916 23
2400 7600 12
2400 8989 16
2401 328 9
2401 2402 11
2401 2924 21
2401 3151 16
2401 4512 14
2401 6787 18
2401 9682 5
2402 870 10
2402 2403 12
2402 4419 18
2402 5248 2
2402 7074 12
2402 7489 20
2403 1138 10
2403 1562 23
2403 2404 16
2403 5283 7
2403 5745 22
2403 6850 3
2403 7570 2
2403 8924 18
2403 9366 5
2404 951 14
2404 2405 2
2404 2659 6
2404 6147 17
2404 9596 22
2404 9993 23
2405 621 10
2405 1542 21
2405 2406 14
2405 3496 13
2405 5626 12
2405 6706 15
2405 7255 11
2405 7631 14
2406 2116 5
2406 2407 17
2406 2644 15
2406 3213 9
2406 6271 7
2406 6363 21
2406 6907 19
2406 8059 5
2406 8212 5
2407 2408 21
2407 3466 20
2407 6475 8
2407 7889 16
2407 7896 16
2407 8670 2
2408 1105 6
2408 1835 11
2408 2409 16
2409 855 18
2409 1335 11
2409 1507 6
2409 1523 22
2409 2410 22
2409 3473 1
2409 5282 19
2409 8158 21
2409 8991 22
2410 2013 6
2410 2411 2
2410 2515 15
2410 3504 12
2410 4022 6
2410 7299 21
2410 8009 11
2411 215 11
2411 2412 9
2411 2760 5
2411 3463 4
2411 6214 22
2411 6516 15
2411 6981 20
2411 8812 21
2411 9468 8
2411 9749 17
2412 1261 13
2412 2413 19
2412 6247 16
2412 7029 18
2412 8861 9
2413 21 2
2413 75 4
2413 2414 5
2413 2460 20
2413 2675 11
2413 4963 7
2413 6265 10
2413 9404 15
2414 1410 19
2414 2415 19
2414 3509 22
2414 7334 20
2414 8082 20
2414 9659 10
2415 1893 20
2415 2416 8
2415 6239 10
2416 1572 15
2416 2417 12
2416 7633 18
2416 7717 10
2416 8653 21
2416 9118 12
2416 9190 2
2416 9301 19
2417 1196 6
2417 2418 21
2417 3297 23
2417 6578 23
2417 6681 23
2417 7670 5
2417 8550 3
2417 8824 3
2417 9371 5
2418 426 16
2418 2419 16
2418 5097 18
2418 5369 9
2418 7229 20
2418 9565 5
2418 9595 18
2419 2420 20
2419 5950 5
2420 1161 17
2420 2421 10
2420 4777 3
2420 5254 11
2420 5932 15
2420 8078 3
2420 9990 5
2421 1570 10
2421 2422 12
2421 4144 11
2421 4309 15
2421 5554 21
2421 7579 13
2421 8163 13
2421 9342 15
2422 1399 8
2422 2423 15
2423 2424 16
2423 7277 4
2424 912 9
2424 2425 14
2424 2688 3
2424 3354 16
2424 8568 10
2425 1792 7
2425 2426 17
2425 5258 19
2425 5345 13
2425 6877 23
2426 2427 1
2426 2477 1
2426 7563 18
2426 8213 17
2427 1769 1
2427 2428 2
2427 4320 13
2427 6600 17
2427 7182 12
2427 9202 7
2428 2429 7
2428 2677 11
2429 53 4
2429 2430 4
2429 6347 6
2429 7907 19
2429 9411 5
2430 714 14
2430 2431 12
2430 2696 19
2430 4448 16
2430 7465 17
2430 8442 5
2431 2110 9
2431 2432 18
2431 3881 22
2431 5876 7
2431 9683 19
2432 1846 5
2432 2433 6
2432 3918 16
2432 5745 18
2432 6234 10
2432 7165 17
2432 8226 15
2432 8481 18
2433 2171 3
2433 2434 20
2433 4357 5
2433 4620 19
2433 7281 16
2434 60 3
2434 397 3
2434 849 23
2434 1145 2
2434 1416 15
2434 2435 1
2434 3191 18
2434 4317 5
2434 6392 11
2435 353 13
2435 584 23
2435 797 17
2435 956 3
2435 2436 13
2435 3583 18
2435 9033 6
2435 9315 6
2436 2437 11
2436 3433 14
2436 3713 9
2436 5186 11
2436 7643 11
2436 8872 22
2437 2438 21
2437 3088 5
2437 4904 17
2437 9234 13
2438 2439 21
2438 2825 5
2438 3501 1
2438 4751 9
2438 6642 8
2438 8989 3
2439 1060 19
2439 1076 2
2439 1646 9
2439 2440 22
2439 2962 6
2439 5335 18
2439 8959 21
2440 611 2
2440 954 14
2440 2441 10
2440 2969 16
2440 5669 3
2440 7245 2
2440 7412 8
2441 199 14
2441 234 13
2441 2442 3
2441 5982 1
2441 6734 12
2441 7146 15
2441 8008 18
2441 8034 13
2441 8565 16
2442 1076 10
2442 2443 13
2442 2739 19
2442 3322 11
2442 3467 18
2442 6833 11
2442 9606 23
2443 2444 15
2443 3400 23
2443 7532 17
2443 8839 5
2444 387 1
2444 507 18
2444 1223 13
2444 2445 23
2444 2693 11
2444 3315 16
2444 4224 15
2444 4370 17
2444 6318 10
2444 6405 15
2444 7129 23
2444 9558 15
2445 851 5
2445 1345 23
2445 1739 22
2445 2444 7
2445 2446 21
2445 5881 18
2445 5943 12
2445 7943 2
2445 8220 10
2446 374 1
2446 2447 12
2446 4611 11
2446 6313 2
2446 6578 21
2446 8309 2
2446 8383 12
2447 291 7
2447 1924 15
2447 2448 12
2447 2887 21
2447 3497 15
2447 6913 4
2447 9482 7
2447 9694 14
2448 862 16
2448 1099 23
2448 2449 2
2448 3032 16
2448 7478 17
2448 7934 16
2448 8557 1
2449 1601 23
2449 2450 6
2449 3314 16
2450 476 17
2450 2451 9
2450 2961 10
2450 3600 5
2450 9353 6
2450 9970 20
2451 1380 17
2451 2066 16
2451 2374 11
2451 2452 19
2451 4899 20
2451 5221 18
2451 7299 2
2451 7958 9
2452 2453 21
2452 2631 2
2452 5492 14
2452 8757 23
2453 121 11
2453 1464 3
2453 2454 17
2453 2529 7
2453 2575 7
2453 2640 5
2453 3402 6
2453 5063 20
2453 5689 11
2453 7614 1
2454 2276 9
2454 2455 12
2454 3136 5
2454 4682 15
2454 6217 6
2455 292 9
2455 1125 9
2455 1134 5
2455 2456 9
2455 2924 15
2456 2457 22
2456 2707 5
2456 6717 20
2456 6798 8
2457 239 1
2457 2060 5
2457 2458 3
2458 846 18
2458 2459 10
2458 5632 2
2458 7483 5
2459 2460 16
2459 2757 20
2459 4668 11
2460 181 11
2460 237 5
2460 1330 21
2460 1745 20
2460 2461 1
2460 8184 13
2461 1230 22
2461 2462 20
2461 6395 4
2462 163 17
2462 824 21
2462 2463 13
2462 9141 15
2462 9247 10
2462 9495 20
2463 1557 23
2463 2464 3
2463 2491 21
2463 6208 10
2463 7956 8
2463 9086 15
2464 227 4
2464 606 13
2464 1533 8
2464 1636 9
2464 2069 8
2464 2299 7
2464 2465 10
2464 2964 12
2464 6442 4
2464 9933 2
2465 515 18
2465 1955 8
2465 2046 13
2465 2466 22
2465 4621 6
2465 6062 16
2465 7512 4
2465 9904 17
2466 2467 14
2466 4537 23
2466 5174 9
2466 7703 6
2466 8351 23
2467 1980 17
2467 2326 3
2467 2468 18
2467 3488 9
2467 4224 19
2467 4533 20
2467 9562 19
2468 623 14
2468 1802 11
2468 2106 23
2468 2469 8
2468 3478 13
2468 6523 4
2468 8267 1
2469 178 20
2469 644 21
2469 2470 6
2469 5420 20
2469 8862 13
2470 296 10
2470 2005 5
2470 2471 14
2470 9849 1
2471 218 7
2471 291 6
2471 2472 5
2471 3988 17
2471 5101 21
2471 5675 8
2472 54 19
2472 130 9
2472 2473 20
2472 4370 1
2472 5608 13
2472 6149 19
2473 2474 9
2473 4676 10
2473 6030 21
2473 6531 13
2473 7123 21
2473 8036 13
2473 8460 19
2473 8512 8
2474 103 4
2474 1818 4
2474 1831 17
2474 2475 11
2474 2867 17
2474 7973 13
2475 1758 23
2475 2476 7
2475 2631 13
2475 3638 4
2475 8335 11
2475 8489 8
2475 9722 17
2476 1959 23
2476 2477 16
2476 6304 6
2476 6435 10
2476 8526 4
2476 8981 21
2477 1304 22
2477 1673 20
2477 2478 9
2477 2638 4
2477 4764 10
2477 6186 19
2477 6222 11
2477 6863 13
2477 7890 1
2477 8905 6
2477 9609 12
2478 147 13
2478 2479 12
2478 9222 2
2479 474 17
2479 1317 8
2479 1900 5
2479 2480 7
2479 3573 19
2479 4315 8
2479 4800 7
2479 5510 17
2479 8706 17
2480 2481 17
2480 3010 11
2480 4235 1
2480 8867 20
2481 2482 22
2481 5003 14
2481 6025 8
2481 6615 16
2481 6922 1
2481 9314 18
2482 36 10
2482 1610 9
2482 2483 13
2482 3891 23
2482 5463 11
2482 8857 20
2483 1588 1
2483 2484 9
2483 2862 3
2483 3781 19
2483 9062 11
2484 84 5
2484 982 18
2484 2485 10
2484 4489 19
2484 5497 5
2484 7371 9
2484 7519 6
2485 2486 7
2485 2593 18
2485 8071 6
2485 8236 22
2486 1113 22
2486 2487 9
2486 3533 6
2486 9401 16
2487 2488 20
2487 5546 4
2487 6399 2
2488 318 22
2488 1796 12
2488 2126 14
2488 2489 22
2488 5967 21
2488 6263 9
2489 541 5
2489 2276 1
2489 2490 2
2489 3625 23
2489 4640 7
2489 5563 18
2489 9075 22
2490 2491 21
2490 2695 2
2490 6478 10
2490 6717 11
2490 6839 16
2490 8929 6
2491 1605 11
2491 2108 15
2491 2492 5
2491 4335 17
2491 4414 23
2491 4655 9
2491 7777 6
2491 9226 23
2492 1859 6
2492 2493 18
2492 5449 8
2492 6270 13
2492 8956 4
2492 9321 3
2493 242 13
2493 1220 7
2493 1656 14
2493 2494 14
2493 4626 20
2493 9028 7
2493 9075 14
2494 1505 12
2494 2495 6
2494 5709 15
2494 5822 13
2494 6564 8
2494 8414 1
2495 1194 4
2495 1699 2
2495 2496 2
2495 2868 13
2496 793 19
2496 1273 8
2496 2497 6
2496 2800 23
2496 3156 23
2496 3187 1
2496 7251 6
2497 2304 11
2497 2498 16
2497 8958 6
2497 9951 12
2498 717 18
2498 1734 13
2498 2499 7
2498 5036 15
2498 9426 12
2499 724 4
2499 2500 9
2499 3199 8
2499 4578 11
2499 6183 8
2499 6328 22
2499 7788 9
2499 8141 9
2500 152 21
2500 271 13
2500 2501 12
2500 3517 19
2500 7307 12
2501 2502 2
2501 5728 19
2501 6091 16
2501 8940 16
2501 9359 7
2502 2503 19
2502 3643 12
2502 5953 16
2502 6044 3
2503 959 1
2503 977 4
2503 1976 16
2503 2504 5
2503 4275 15
2503 7741 21
2504 262 20
2504 1151 2
2504 2505 17
2504 5525 15
2504 6001 14
2505 2506 16
2505 3846 19
2506 2507 7
2506 3367 11
2506 5709 10
2506 5835 8
2506 8068 9
2507 2508 21
2507 2618 8
2507 3392 16
2507 6376 13
2508 1749 14
2508 2509 9
2508 5356 16
2508 9322 20
2509 2122 17
2509 2473 8
2509 2510 17
2509 8731 6
2509 9646 8
2510 2511 8
2510 6545 8
2510 6552 9
2510 8590 18
2510 8922 2
2510 9015 10
2511 367 10
2511 1095 14
2511 2512 16
2511 3031 12
2512 2513 12
2512 3737 7
2512 3986 14
2512 6250 15
2512 9073 9
2512 9485 5
2513 893 9
2513 2514 15
2513 2548 22
2513 2711 20
2513 5122 19
2513 7923 22
2514 1025 11
2514 1277 18
2514 1308 19
2514 1614 5
2514 2515 22
2514 3415 13
2514 3515 22
2514 5277 11
2514 7633 7
2515 2390 18
2515 2516 12
2515 5298 3
2515 9625 16
2516 1599 23
2516 2517 17
2516 2846 10
2516 2988 7
2516 8336 11
2517 2518 3
2517 2655 16
2517 2849 9
2517 4445 15
2517 5731 4
2518 328 14
2518 2519 15
2518 2666 3
2518 2849 17
2518 2858 2
2518 4005 17
2518 4792 23
2518 6202 13
2519 2520 15
2519 3968 16
2519 7717 12
2520 85 6
2520 2521 3
2520 4592 8
2520 9702 14
2521 752 16
2521 2522 16
2521 3228 22
2521 5776 5
2521 7625 21
2522 496 5
2522 2523 22
2522 3053 7
2523 1457 15
2523 2524 16
2523 5042 15
2524 2525 7
2524 4172 8
2524 4814 8
2524 5462 22
2524 5963 7
2525 590 17
2525 659 6
2525 2526 8
2525 3320 1
2525 4128 14
2525 7241 15
2525 8675 22
2526 1318 5
2526 2527 14
2526 3517 8
2526 4651 8
2526 7275 23
2526 7789 9
2526 8306 17
2527 2528 8
2527 4760 5
2528 920 15
2528 1362 8
2528 1769 12
2528 2487 20
2528 2529 1
2528 7491 1
2529 1955 20
2529 2530 6
2529 9371 3
2530 2531 20
2530 4685 9
2530 4959 7
2530 5003 19
2530 7147 3
2530 9407 23
2531 192 10
2531 286 10
2531 1787 17
2531 2532 7
2531 4013 5
2531 9521 5
2532 2533 19
2532 5400 9
2532 8450 18
2532 9522 10
2533 1747 21
2533 2534 3
2533 5151 15
2534 202 13
2534 300 16
2534 2535 20
2534 6943 21
2534 7242 11
2534 9155 17
2535 1438 22
2535 2536 16
2535 3402 14
2535 3461 4
2535 4206 13
2535 6379 12
2535 6846 17
2535 7053 14
2535 8958 11
2535 9169 13
2536 816 12
2536 2537 23
2536 2761 11
2536 3230 18
2536 3515 4
2536 3658 17
2536 5846 23
2536 5865 13
2536 6646 12
2536 7853 19
2536 8071 20
2537 150 15
2537 528 21
2537 1396 16
2537 2538 6
2537 4443 9
2537 4938 10
2537 5920 18
2537 6649 13
2537 6721 17
2537 7142 19
2538 1311 20
2538 1797 23
2538 2539 5
2538 2934 8
2538 5405 23
2538 6419 15
2539 2540 15
2539 4786 13
2540 303 17
2540 540 1
2540 698 15
2540 1970 8
2540 2541 15
2540 4085 1
2540 6078 19
2540 7453 16
2540 8416 3
2541 2259 2
2541 2542 10
2541 6332 5
2541 7218 13
2541 8160 16
2542 1400 2
2542 2543 16
2542 4675 8
2542 5646 18
2542 7146 16
2542 7588 14
2543 19 7
2543 434 11
2543 1824 22
2543 2338 8
2543 2544 19
2543 2688 18
2543 3051 18
2543 5749 12
2543 5856 11
2543 6216 9
2543 7834 1
2543 8234 15
2543 9249 6
2544 1662 7
2544 2102 18
2544 2545 13
2544 6605 21
2544 8206 18
2545 393 17
2545 2546 2
2545 4577 20
2545 5162 7
2545 8636 8
2546 582 5
2546 1276 9
2546 2547 15
2546 5020 10
2547 1459 7
2547 2548 17
2547 3536 1
2547 6958 10
2548 2549 19
2548 3413 9
2548 4618 9
2548 6411 4
2548 8875 11
2549 2550 4
2549 9057 22
2550 2551 17
2550 3510 17
2550 4179 1
2550 4193 14
2550 5633 6
2551 303 16
2551 360 6
2551 2552 21
2551 2622 18
2551 3138 6
2551 3711 15
2551 8870 6
2552 2553 7
2552 5080 13
2552 5434 14
2553 1686 3
2553 2554 9
2553 8538 18
2553 8826 6
2553 9074 11
2554 808 8
2554 2555 13
2554 3165 2
2554 4273 16
2555 1623 21
2555 2556 6
2555 2993 12
2556 413 22
2556 1494 4
2556 2557 15
2556 3392 11
2556 5080 22
2556 5109 7
2556 5736 11
2556 5996 9
2557 1599 13
2557 1866 9
2557 2558 7
2557 2949 12
2557 4185 5
2557 7502 23
2558 2559 4
2558 4732 1
2559 1046 11
2559 2560 2
2559 3633 12
2559 5837 16
2559 8349 19
2560 738 4
2560 2561 16
2560 3434 20
2561 1887 19
2561 2276 22
2561 2562 4
2561 3265 13
2561 9648 6
2562 1477 9
2562 2563 22
2562 3006 8
2562 6917 13
2562 8593 6
2562 9471 22
2563 2268 8
2563 2564 13
2563 4254 22
2563 5660 12
2563 6057 1
2563 8741 20
2564 566 2
2564 1491 15
2564 2565 4
2564 2596 12
2564 3681 8
2564 5141 7
2564 5146 7
2564 7871 5
2564 9285 7
2565 1122 1
2565 2566 1
2565 3588 19
2565 7922 18
2565 7983 7
2566 1103 10
2566 1309 8
2566 2567 12
2566 4927 3
2566 5014 2
2566 5525 19
2567 156 11
2567 1013 4
2567 2568 13
2567 3555 23
2567 9434 12
2568 2569 2
2568 2982 22
2568 3536 8
2568 8890 15
2569 1637 5
2569 2570 6
2569 5217 5
2570 630 12
2570 2571 12
2570 4991 1
2570 6229 22
2571 2109 2
2571 2572 15
2571 6474 1
2571 7869 7
2571 8179 11
2572 2249 14
2572 2573 10
2572 2799 14
2572 6137 13
2572 8473 9
2573 173 12
2573 1593 21
2573 2574 12
2573 2851 10
2573 3548 13
2573 7102 22
2573 7324 2
2574 992 13
2574 2575 3
2574 4352 5
2574 7480 23
2575 772 21
2575 1886 18
2575 2537 9
2575 2576 3
2575 5267 22
2575 7070 23
2575 9627 13
2576 2577 15
2576 7887 18
2576 8506 1
2576 9562 2
2577 2578 13
2577 3737 16
2577 7736 3
2577 9041 18
2578 791 6
2578 2145 23
2578 2579 5
2578 6949 8
2578 7368 13
2578 8706 20
2578 8719 23
2579 706 2
2579 2346 16
2579 2580 22
2579 3828 20
2579 4827 12
2579 5095 7
2579 5174 13
2579 8661 23
2579 8993 13
2580 1196 4
2580 1248 1
2580 1783 15
2580 2581 4
2580 2903 4
2580 2936 6
2580 5914 15
2580 6860 12
2580 9501 16
2581 883 7
2581 911 20
2581 2582 22
2581 6927 10
2582 649 1
2582 1331 6
2582 2357 7
2582 2583 13
2582 2830 10
2582 7092 5
2583 1748 4
2583 2584 6
2583 2691 21
2583 5013 2
2583 9500 4
2584 909 12
2584 2203 19
2584 2217 2
2584 2528 15
2584 2585 17
2584 5890 16
2584 9279 9
2585 2586 3
2585 2600 11
2585 5632 20
2586 2251 14
2586 2587 22
2586 3204 12
2586 4548 23
2586 5169 3
2587 479 10
2587 531 1
2587 1392 3
2587 2588 20
2587 3333 13
2587 7277 17
2587 9001 15
2588 2589 15
2588 4816 17
2588 6815 8
2588 8052 16
2589 2168 17
2589 2527 11
2589 2590 2
2589 3431 10
2589 7739 10
2589 8738 15
2589 9677 18
2590 1506 18
2590 2438 10
2590 2591 10
2590 3230 18
2590 6643 8
2590 6714 12
2591 1314 18
2591 2592 17
2591 3223 4
2591 9237 8
2591 9423 15
2592 2357 15
2592 2593 15
2592 4539 20
2592 9561 20
2593 788 5
2593 2594 2
2593 4518 20
2594 406 21
2594 2595 19
2594 3597 14
2594 3820 15
2594 5017 9
2594 6139 22
2594 7517 4
2595 152 23
2595 768 12
2595 2596 19
2595 4900 4
2595 6259 6
2596 2091 3
2596 2597 21
2596 3404 5
2597 1514 13
2597 2598 12
2597 5800 19
2597 6523 19
2597 6863 21
2598 2274 7
2598 2599 9
2598 6582 21
2598 8363 15
2598 9189 11
2599 693 8
2599 2012 15
2599 2600 20
2599 8800 2
2600 2318 21
2600 2601 18
2600 4216 13
2601 2602 4
2601 5447 4
2601 7937 12
2601 8392 14
2601 9126 14
2602 199 1
2602 2603 10
2602 2949 17
2602 3203 14
2602 4647 15
2602 5958 10
2602 8446 23
2602 8562 6
2602 8813 19
2603 1164 10
2603 2075 13
2603 2543 6
2603 2604 7
2603 3072 3
2603 4341 21
2603 6331 9
2603 7202 8
2603 8176 3
2603 8317 18
2604 1165 6
2604 1465 18
2604 2566 6
2604 2605 5
2604 4424 19
2604 5796 6
2604 8013 6
2605 2606 10
2605 2763 21
2605 5934 10
2605 6471 17
2605 8073 14
2605 8428 15
2605 9435 7
2606 657 20
2606 1024 19
2606 2607 21
2606 2925 1
2606 4374 21
2606 4652 3
2606 5096 9
2606 8483 17
2607 2608 23
2607 5603 17
2608 2609 9
2608 9276 14
2609 2610 2
2609 3641 2
2610 2611 13
2610 8662 11
2611 879 15
2611 2612 13
2611 6761 17
2611 7110 19
2611 9359 11
2612 1483 15
2612 2271 11
2612 2613 19
2612 3911 12
2612 4415 6
2612 5369 12
2612 7410 2
2613 1322 22
2613 2205 7
2613 2614 23
2613 5494 18
2613 6714 19
2613 9584 2
2613 9749 13
2614 2119 13
2614 2615 21
2614 4458 19
2614 5311 19
2614 5986 11
2614 6752 10
2614 9128 12
2615 2616 21
2615 3894 4
2615 5855 18
2615 8674 19
2615 9731 13
2616 827 22
2616 1143 23
2616 1791 10
2616 2617 13
2616 2846 15
2616 5033 4
2616 7246 8
2616 8459 2
2617 2077 17
2617 2618 5
2617 4450 4
2617 6896 10
2617 7919 14
2618 2619 10
2618 5604 17
2618 7563 17
2618 8035 13
2619 236 6
2619 1644 17
2619 1826 7
2619 2447 2
2619 2620 11
2619 2960 8
2619 6130 3
2619 7377 23
2619 8541 11
2620 1959 7
2620 2072 18
2620 2621 5
2621 2622 9
2621 3752 1
2621 5241 1
2621 5317 2
2621 7889 21
2622 682 12
2622 1250 16
2622 1830 13
2622 2623 12
2622 4656 7
2622 4777 7
2622 9212 18
2623 1195 23
2623 2624 9
2623 3334 11
2623 6787 3
2623 8906 18
2623 9491 10
2624 827 7
2624 1073 16
2624 1663 18
2624 1933 6
2624 2625 11
2624 5268 12
2624 5269 12
2624 5654 5
2624 5890 3
2624 6557 12
2624 6783 12
2624 8281 19
2625 2626 17
2625 4691 19
2625 5196 6
2625 8190 19
2625 9055 13
2626 126 1
2626 2627 11
2626 3433 15
2626 3800 3
2626 4493 1
2626 5715 21
2626 5811 10
2626 6744 20
2626 6807 23
2626 6847 22
2626 7996 3
2626 8372 9
2626 8489 20
2627 900 7
2627 2049 18
2627 2628 16
2627 6949 8
2628 2629 13
2628 3633 23
2628 4228 23
2628 9639 10
2629 1136 2
2629 2354 15
2629 2495 21
2629 2630 23
2629 4359 13
2629 4669 15
2629 6496 18
2629 8706 13
2629 9672 15
2630 577 3
2630 1197 3
2630 2631 21
2630 4956 5
2630 5003 15
2630 6455 4
2630 7756 9
2630 8265 23
2631 933 21
2631 1186 18
2631 1595 20
2631 2632 15
2631 5801 11
2631 6448 14
2631 6723 13
2631 8621 9
2631 8773 12
2632 1869 2
2632 2633 6
2632 3186 6
2632 4824 4
2632 7133 10
2632 8105 10
2633 1 1
2633 2634 22
2633 8779 13
2633 9910 11
2634 1014 13
2634 1786 18
2634 2635 11
2634 2681 6
2634 6756 18
2634 7644 18
2635 30 17
2635 2636 21
2635 2922 11
2635 5104 15
2635 5694 2
2636 176 7
2636 836 20
2636 1516 20
2636 2637 7
2636 2639 13
2636 5701 1
2637 2638 19
2638 1385 23
2638 2344 21
2638 2639 19
2638 5542 15
2638 9443 2
2639 262 14
2639 2640 17
2639 6924 9
2639 6968 21
2639 7000 5
2639 9027 3
2640 1343 9
2640 2641 23
2640 3832 19
2640 5332 1
2640 5871 19
2640 5957 6
2640 8002 3
2640 9246 20
2640 9906 18
2641 498 5
2641 2642 16
2641 2696 11
2641 3294 22
2641 7128 18
2641 8737 22
2642 939 22
2642 2643 6
2642 6874 6
2642 8269 13
2642 8519 4
2643 2644 23
2643 3244 20
2643 4071 9
2643 5037 9
2643 5095 3
2643 7897 21
2643 8278 22
2643 8833 6
2644 2332 22
2644 2645 13
2645 1151 8
2645 1304 4
2645 1442 14
2645 2646 3
2645 4577 2
2645 6365 2
2645 6510 13
2646 391 8
2646 2344 3
2646 2647 8
2646 4022 23
2646 5531 21
2647 2648 16
2647 3086 20
2647 6121 17
2647 6977 8
2647 8013 11
2647 8065 19
2648 2060 14
2648 2649 20
2648 2673 17
2648 7137 23
2648 9906 15
2649 301 7
2649 326 14
2649 1923 4
2649 2650 1
2649 2826 3
2650 9 9
2650 608 8
2650 2651 6
2650 3513 23
2650 7249 6
2650 8112 14
2650 9077 22
2650 9503 5
2651 1709 17
2651 2652 18
2651 2872 6
2651 3906 9
2651 5481 11
2651 6633 12
2652 1758 3
2652 2242 11
2652 2653 20
2652 3137 17
2653 1441 22
2653 1783 5
2653 1786 3
2653 2654 13
2653 2666 11
2653 5902 9
2653 7282 21
2653 8818 1
2654 911 1
2654 1001 11
2654 1938 11
2654 2655 5
2654 6017 16
2654 6867 12
2655 1046 11
2655 1679 6
2655 2656 20
2655 6988 7
2655 9570 22
2656 2229 6
2656 2657 16
2656 3929 6
2656 7218 23
2656 8352 18
2656 8631 17
2656 9268 17
2657 2658 12
2657 7613 9
2658 132 16
2658 558 9
2658 2659 15
2658 5132 19
2658 5727 4
2658 6853 9
2658 9369 8
2659 2660 14
2659 2681 20
2659 2726 23
2659 2760 1
2659 5660 17
2659 6670 20
2659 8182 16
2660 1396 22
2660 2187 18
2660 2661 21
2660 4926 15
2660 6523 21
2660 6679 18
2660 7188 12
2661 19 20
2661 823 17
2661 1632 1
2661 2662 1
2661 4509 18
2661 4591 2
2661 5289 10
2661 5861 14
2661 6566 13
2661 8436 19
2662 305 22
2662 2663 3
2662 3406 21
2662 4520 17
2662 6801 8
2662 8142 16
2663 88 12
2663 2664 12
2663 3685 5
2664 2665 16
2664 5038 10
2665 238 8
2665 2070 21
2665 2169 10
2665 2666 8
2665 4828 10
2665 4924 9
2665 5578 18
2665 6380 19
2665 6889 10
2666 514 15
2666 2144 7
2666 2667 10
2666 8379 10
2666 9324 15
2667 2668 12
2667 5118 16
2667 6183 7
2667 6602 13
2668 375 4
2668 391 21
2668 1728 17
2668 2483 15
2668 2669 3
2668 3237 10
2668 4359 22
2668 6491 4
2668 6804 12
2668 7194 3
2668 7825 22
2668 8655 23
2669 800 23
2669 1058 19
2669 2670 18
2669 3956 20
2669 4091 11
2669 4462 20
2669 4570 5
2669 5280 13
2670 998 15
2670 1589 16
2670 1917 11
2670 2671 4
2670 5754 7
2671 2672 12
2671 5895 3
2671 6052 22
2671 6272 7
2671 8585 22
2672 2065 13
2672 2673 23
2672 3713 8
2672 6278 2
2672 7404 14
2673 663 23
2673 1305 8
2673 2674 8
2673 3402 9
2673 4061 10
2674 2164 7
2674 2675 3
2674 3725 6
2674 8427 19
2675 286 8
2675 1815 17
2675 2568 22
2675 2676 5
2675 3580 16
2675 3878 15
2675 3968 14
2675 5856 10
2675 7508 18
2675 7929 14
2675 8402 14
2675 9956 22
2676 122 20
2676 2677 9
2676 3228 6
2676 5314 3
2676 6724 11
2676 7590 10
2676 8066 20
2676 9237 13
2676 9972 3
2677 23 14
2677 1385 4
2677 1562 8
2677 2678 20
2677 2784 7
2677 5783 21
2677 8292 19
2677 8793 9
2678 34 18
2678 2679 10
2678 5086 11
2679 121 6
2679 798 19
2679 970 12
2679 2558 20
2679 2680 4
2679 5212 8
2679 5635 1
2679 6615 6
2679 8205 13
2680 943 8
2680 2543 17
2680 2681 13
2681 2682 13
2681 3284 12
2681 4888 6
2681 5121 6
2681 5200 19
2681 7801 13
2682 558 19
2682 1049 4
2682 1387 12
2682 2683 23
2682 2733 2
2682 3694 16
2682 6961 3
2683 2440 5
2683 2684 21
2683 3710 11
2683 7146 21
2684 537 22
2684 2543 23
2684 2685 16
2684 5954 21
2684 7383 14
2684 7952 4
2684 8119 15
2684 8589 14
2685 2548 10
2685 2686 5
2685 3245 18
2685 3632 21
2686 2326 2
2686 2543 8
2686 2687 11
2686 3749 9
2686 9397 23
2687 558 22
2687 2688 16
2687 6152 5
2687 7416 20
2687 8581 13
2687 8594 12
2688 201 19
2688 316 10
2688 1278 11
2688 1782 22
2688 2689 3
2688 3328 13
2688 3434 22
2688 6349 6
2689 883 18
2689 2283 12
2689 2690 18
2689 3819 4
2689 6447 21
2689 8564 3
2690 145 21
2690 2691 16
2690 4386 19
2690 6476 2
2690 6596 5
2690 7362 13
2690 9239 23
2691 715 6
2691 2309 1
2691 2692 10
2691 2705 15
2691 3920 20
2691 6282 13
2691 8542 18
2692 1082 16
2692 2281 14
2692 2693 14
2692 4436 5
2692 4788 3
2692 5719 20
2692 7504 19
2692 9581 18
2693 2694 11
2693 3894 14
2694 2394 6
2694 2695 9
2694 5465 21
2694 5845 11
2694 7146 7
2694 7258 3
2695 2183 5
2695 2696 22
2695 2862 17
2696 843 23
2696 1174 22
2696 1807 2
2696 2697 13
2696 4253 16
2696 5107 16
2696 6387 11
2696 6651 5
2696 7169 19
2696 8110 9
2697 350 1
2697 2698 21
2697 6758 18
2697 7911 11
2697 8508 17
2698 372 19
2698 2499 23
2698 2699 11
2698 4138 16
2698 4509 18
2698 4830 4
2698 9026 21
2698 9777 5
2699 2272 1
2699 2514 1
2699 2700 6
2699 5962 12
2699 6756 2
2700 96 12
2700 748 22
2700 2329 6
2700 2575 11
2700 2701 13
2700 9666 11
2701 315 6
2701 331 6
2701 2702 1
2701 4798 5
2701 6216 10
2701 7787 7
2702 2580 13
2702 2703 13
2702 6816 18
2703 1685 21
2703 2704 2
2703 4453 20
2703 8673 20
2704 2072 19
2704 2248 2
2704 2705 7
2704 2913 19
2704 8427 6
2705 346 15
2705 2685 14
2705 2706 5
2705 9709 20
2706 688 23
2706 2517 9
2706 2707 6
2706 8624 2
2706 9535 2
2707 203 6
2707 851 10
2707 2708 10
2707 3373 7
2707 5765 20
2707 8106 16
2708 2709 13
2708 4498 22
2708 5487 14
2708 6826 6
2709 1743 23
2709 2710 22
2709 2928 9
2709 2987 21
2709 3385 18
2709 4123 22
2709 5485 15
2709 5787 18
2709 7296 20
2710 2305 11
2710 2711 15
2711 2712 17
2711 3105 16
2711 3568 5
2711 5829 9
2711 8046 19
2711 8178 8
2711 9152 13
2711 9319 16
2712 1097 1
2712 1479 3
2712 2713 14
2712 7581 16
2712 8144 7
2712 9502 19
2713 972 8
2713 1295 18
2713 2263 4
2713 2714 13
2713 4376 18
2713 4757 15
2713 6296 4
2713 6323 10
2713 9481 2
2713 9798 2
2714 315 21
2714 812 11
2714 1084 2
2714 2715 2
2714 6448 22
2714 9365 20
2715 2352 11
2715 2502 16
2715 2716 23
2715 4034 7
2715 4697 4
2715 6649 4
2715 8771 13
2716 917 10
2716 2297 3
2716 2717 18
2716 2879 11
2716 3095 4
2716 3806 12
2716 4135 22
2717 6 2
2717 825 9
2717 2718 21
2717 4697 6
2718 2719 10
2718 2865 12
2718 2898 18
2718 4574 10
2718 5352 21
2719 2720 18
2720 805 10
2720 856 13
2720 1075 17
2720 2721 12
2720 3311 2
2720 3901 3
2720 4856 16
2720 6505 4
2721 765 9
2721 1008 5
2721 1429 21
2721 2722 21
2721 5364 23
2721 6941 19
2721 8568 21
2721 8885 11
2722 1045 13
2722 1757 3
2722 2337 5
2722 2345 13
2722 2723 23
2722 7586 16
2722 8649 10
2723 1118 5
2723 2724 23
2723 4009 7
2723 6478 15
2723 9039 22
2723 9172 2
2724 1036 20
2724 2339 21
2724 2508 12
2724 2725 9
2724 4189 11
2724 7501 12
2724 7553 15
2725 235 6
2725 2726 9
2725 4622 16
2725 5369 10
2725 6911 9
2725 8576 17
2726 1567 13
2726 2727 3
2726 3232 23
2726 4806 14
2726 5678 16
2726 6137 17
2726 7661 1
2727 7 21
2727 2728 18
2727 4873 5
2727 6237 1
2727 6813 8
2727 8902 19
2728 2729 13
2728 3706 14
2728 4117 18
2728 6150 19
2728 8269 16
2728 9297 6
2729 881 9
2729 2730 16
2729 8390 10
2729 8888 20
2730 1395 2
2730 1646 1
2730 2379 19
2730 2388 11
2730 2731 4
2730 7430 20
2730 7537 7
2731 1075 13
2731 2732 2
2731 3197 11
2731 5930 12
2731 7959 3
2731 9158 3
2732 1505 12
2732 1845 20
2732 2649 8
2732 2733 8
2732 2790 22
2732 3871 12
2732 4342 10
2732 7950 14
2732 9862 9
2733 2734 21
2733 8008 1
2734 63 17
2734 1761 1
2734 1826 18
2734 2056 7
2734 2735 6
2734 3825 21
2734 4479 2
2734 5356 12
2734 8850 2
2735 1354 6
2735 2418 9
2735 2736 12
2735 6572 11
2735 7271 17
2736 2293 3
2736 2514 8
2736 2737 20
2736 3282 8
2736 6622 7
2737 460 20
2737 1990 1
2737 2146 2
2737 2738 16
2737 6864 21
2738 1974 3
2738 2739 11
2738 5303 2
2739 2740 15
2739 2928 13
2739 4401 6
2739 5957 19
2739 6852 11
2739 9372 16
2740 969 12
2740 2741 17
2740 4402 22
2740 5169 7
2740 5537 23
2740 5644 16
2740 6742 6
2741 1151 11
2741 2742 5
2741 3158 7
2741 3246 20
2741 3534 14
2741 7860 15
2741 9930 16
2742 225 12
2742 2066 4
2742 2743 20
2742 3439 11
2742 7657 4
2742 8405 21
2742 9796 19
2743 24 20
2743 897 8
2743 1794 10
2743 2301 10
2743 2744 16
2743 3848 8
2743 4877 8
2743 6068 9
2743 6361 19
2743 9979 16
2744 94 2
2744 1453 19
2744 2745 21
2744 3805 9
2744 5849 4
2744 8388 13
2744 8912 11
2745 1528 17
2745 1534 8
2745 2089 9
2745 2426 1
2745 2746 2
2745 4778 1
2745 7031 20
2745 7065 23
2745 8241 12
2745 9569 8
2745 9929 20
2746 1506 8
2746 1961 6
2746 2747 11
2746 4195 1
2747 1623 3
2747 2008 20
2747 2748 14
2747 9000 16
2748 1473 9
2748 2749 21
2748 6351 3
2748 6691 1
2748 8501 20
2749 687 20
2749 1043 19
2749 1350 9
2749 2107 13
2749 2750 7
2749 5426 14
2749 6023 3
2749 6952 9
2749 9844 10
2750 44 22
2750 2751 8
2750 4307 22
2750 5386 5
2750 7417 1
2751 894 20
2751 2752 13
2751 3566 7
2751 8065 8
2752 1993 7
2752 2753 12
2752 7612 9
2752 9435 1
2753 285 11
2753 759 6
2753 1630 10
2753 2754 21
2753 3084 4
2753 7243 20
2753 8677 13
2753 8969 14
2754 1148 12
2754 1846 13
2754 2755 13
2754 2820 7
2754 7727 23
2754 9905 17
2755 2756 17
2755 4668 19
2755 5073 4
2755 6093 16
2755 6798 16
2755 7707 20
2755 8876 12
2756 376 11
2756 1814 11
2756 2757 3
2756 5083 8
2756 5133 10
2756 5669 2
2756 9768 1
2757 731 5
2757 2758 9
2757 4863 6
2757 6681 16
2757 6709 11
2758 2279 10
2758 2290 19
2758 2512 18
2758 2759 9
2758 3066 6
2758 6323 4
2759 1559 10
2759 2760 5
2759 3665 11
2760 405 12
2760 1584 20
2760 2761 7
2760 4457 18
2760 6772 20
2760 7791 21
2761 451 13
2761 2332 7
2761 2762 11
2762 743 23
2762 1109 7
2762 2763 2
2762 3457 23
2762 4254 22
2762 6817 3
2762 9685 9
2763 2764 4
2763 7709 11
2764 2484 3
2764 2765 15
2764 4955 7
2764 7475 18
2764 7808 1
2765 289 8
2765 1332 18
2765 2719 10
2765 2766 2
2765 2996 1
2765 3452 19
2765 4214 15
2765 4240 13
2765 9158 23
2765 9812 5
2765 9918 16
2766 1957 23
2766 2767 1
2766 2881 15
2766 4681 15
2766 8366 11
2767 207 14
2767 1225 21
2767 2768 15
2767 6866 22
2768 2626 5
2768 2769 14
2768 4740 17
2769 657 10
2769 902 23
2769 1588 8
2769 2770 7
2769 7443 22
2770 631 23
2770 2417 5
2770 2771 10
2770 8561 18
2770 9863 20
2771 1654 7
2771 2729 8
2771 2772 15
2771 3306 1
2771 3414 8
2771 8020 6
2771 8732 22
2771 9631 3
2772 1068 3
2772 2773 1
2772 5446 14
2773 2596 16
2773 2745 3
2773 2774 7
2773 5683 1
2773 7982 21
2773 8294 4
2773 8661 11
2773 9926 18
2774 2775 1
2774 3967 5
2774 4049 14
2774 9116 5
2775 684 17
2775 1927 21
2775 2776 18
2775 6698 1
2775 9687 5
2776 2777 14
2776 3559 8
2777 2571 3
2777 2778 13
2777 4698 23
2777 4927 4
2777 8210 8
2778 1339 1
2778 1900 23
2778 2779 1
2778 4510 2
2778 6945 11
2779 1953 19
2779 2234 19
2779 2780 7
2779 2926 23
2779 3213 4
2779 7714 7
2780 2781 10
2780 3335 21
2780 8096 17
2781 1153 10
2781 2782 6
2781 4194 1
2781 4400 21
2781 8295 15
2781 8636 21
2782 1034 18
2782 2783 17
2782 2957 10
2782 3425 13
2783 916 17
2783 2074 22
2783 2784 19
2784 235 7
2784 1092 14
2784 2785 11
2784 4908 3
2784 6373 18
2785 1530 21
2785 2786 2
2785 3252 17
2785 7390 8
2786 37 11
2786 2787 20
2786 3293 11
2786 4669 3
2787 2788 19
2787 4381 14
2787 5689 6
2787 6354 5
2788 575 8
2788 2789 5
2788 5660 5
2788 6807 14
2788 6901 19
2788 9083 7
2788 9478 10
2789 438 11
2789 2790 1
2789 7813 8
2789 9224 13
2789 9658 23
2790 482 15
2790 1409 10
2790 2739 17
2790 2791 15
2791 2792 20
2791 3951 19
2791 7319 19
2791 9809 3
2792 464 13
2792 1678 4
2792 1787 12
2792 2793 2
2792 5121 19
2792 8619 7
2793 2794 4
2793 5797 20
2793 9700 15
2794 2107 13
2794 2795 1
2794 3163 10
2794 4089 21
2794 5450 23
2794 5578 19
2794 9572 11
2794 9629 4
2795 2796 17
2795 2848 5
2796 2237 18
2796 2797 2
2796 8957 18
2797 2547 22
2797 2798 3
2797 6328 10
2797 6394 4
2797 8398 19
2797 9137 5
2798 875 15
2798 2799 19
2798 4940 20
2798 5995 5
2798 8217 11
2799 2800 1
2799 4367 16
2799 7467 15
2799 8615 8
2800 378 9
2800 951 15
2800 1690 18
2800 2801 5
2801 1398 10
2801 2085 7
2801 2802 20
2801 5473 1
2801 7911 13
2801 9687 10
2802 1192 5
2802 2144 16
2802 2803 19
2803 535 3
2803 1244 8
2803 2785 19
2803 2804 13
2803 3962 23
2803 5964 16
2803 6297 13
2803 7851 3
2803 9739 3
2804 792 20
2804 2080 3
2804 2787 12
2804 2805 15
2804 2966 16
2804 3133 22
2804 3419 4
2804 5981 20
2804 7971 11
2804 9541 1
2805 2806 6
2805 6081 5
2805 8213 11
2806 2807 10
2806 4405 5
2806 4877 6
2806 9363 2
2806 9796 5
2807 1560 18
2807 2808 7
2807 9125 2
2807 9258 15
2808 960 14
2808 2809 2
2808 4936 21
2808 9887 21
2809 2810 21
2809 3361 12
2809 3401 20
2809 3943 14
2809 4542 15
2809 7012 14
2809 7110 21
2810 2811 16
2810 5156 6
2811 1341 23
2811 1361 21
2811 2533 13
2811 2812 19
2811 4000 5
2811 6056 11
2811 7713 3
2812 2813 17
2812 4964 8
2813 2502 3
2813 2814 10
2813 4567 19
2813 7812 15
2813 8004 11
2814 2562 4
2814 2815 10
2814 4831 7
2814 5956 2
2814 7404 8
2814 9318 15
2814 9735 2
2815 1785 19
2815 2440 22
2815 2816 10
2815 6579 22
2816 1112 17
2816 2817 8
2816 5577 7
2816 7769 18
2816 8275 16
2816 9728 6
2817 349 20
2817 2818 4
2817 5946 19
2817 7540 16
2818 304 2
2818 1034 20
2818 2819 1
2818 6289 1
2818 7584 12
2819 2717 16
2819 2820 20
2819 4757 19
2820 680 10
2820 2299 22
2820 2821 3
2820 2927 2
2820 3270 13
2820 5515 10
2820 9931 4
2821 2822 1
2821 6257 14
2821 6424 9
2822 683 3
2822 2823 14
2822 3338 14
2822 4341 4
2822 4951 15
2822 6132 3
2823 2524 19
2823 2824 7
2823 4749 11
2824 1699 12
2824 2825 6
2824 4148 8
2824 4163 8
2825 2674 12
2825 2826 2
2825 5229 2
2825 6071 20
2825 7009 13
2826 1913 23
2826 2246 2
2826 2827 2
2826 5784 11
2827 151 12
2827 1713 9
2827 2828 6
2827 2939 5
2827 4329 11
2827 4428 7
2827 4651 21
2827 6572 2
2827 6727 9
2828 683 6
2828 1424 23
2828 1755 14
2828 2829 9
2828 3314 8
2828 3940 11
2828 5185 2
2828 6763 17
2828 8261 22
2829 70 10
2829 2830 9
2829 3220 20
2829 8078 1
2830 1387 3
2830 2831 11
2830 3353 16
2830 5712 2
2830 8993 5
2831 738 15
2831 835 17
2831 2832 20
2831 6308 20
2832 2221 7
2832 2833 5
2832 3264 18
2832 4350 21
2832 4515 6
2832 6257 2
2832 6525 6
2832 9631 7
2833 1666 3
2833 2834 10
2833 5221 17
2833 5405 16
2833 8630 5
2833 9746 8
2834 1133 17
2834 2078 5
2834 2835 20
2834 5248 1
2834 6979 12
2834 8185 1
2834 8231 1
2835 495 2
2835 562 21
2835 2345 17
2835 2836 20
2835 2898 23
2835 8173 17
2835 9413 16
2836 2837 11
2836 2855 22
2836 4298 14
2836 7002 22
2837 356 4
2837 1437 11
2837 2838 16
2837 3689 10
2837 3751 20
2837 5480 6
2837 5648 15
2838 963 14
2838 1519 5
2838 1540 11
2838 1739 18
2838 2403 5
2838 2839 21
2838 3494 21
2838 7346 2
2839 2840 13
2839 4512 17
2839 5991 3
2840 2841 12
2840 6210 8
2840 8165 11
2841 2842 13
2841 4833 12
2841 5785 11
2842 2843 16
2842 3140 3
2842 5936 10
2842 6032 4
2842 7695 21
2843 2844 10
2843 3963 2
2843 5867 9
2843 7067 20
2843 9102 22
2844 2845 16
2844 4671 10
2844 7125 22
2845 2846 18
2845 6034 5
2845 8904 9
2846 1816 10
2846 2847 12
2846 5907 5
2846 9260 11
2847 1919 1
2847 2369 1
2847 2848 18
2847 2890 10
2847 7130 8
2848 467 19
2848 2078 2
2848 2849 8
2848 5212 18
2848 7038 20
2848 8930 20
2848 9866 21
2849 2232 18
2849 2850 8
2849 5142 16
2849 5761 1
2849 9131 13
2849 9968 6
2850 2851 3
2851 954 21
2851 1120 6
2851 2852 19
2852 511 9
2852 1963 18
2852 2853 8
2852 4714 9
2853 2854 13
2853 9620 13
2854 1236 2
2854 2021 13
2854 2085 22
2854 2131 14
2854 2855 2
2854 3168 13
2854 5413 1
2854 5801 16
2854 9606 15
2855 1726 23
2855 2354 18
2855 2856 1
2855 4588 9
2855 8162 5
2856 1453 13
2856 2857 7
2856 3916 19
2857 567 20
2857 2182 6
2857 2858 23
2857 4560 16
2858 1299 11
2858 2179 6
2858 2859 23
2859 1200 1
2859 2860 21
2859 3231 10
2859 4484 23
2859 5072 18
2859 8045 17
2859 8707 4
2860 929 2
2860 1826 16
2860 2861 18
2860 3764 4
2861 1032 8
2861 2639 2
2861 2862 8
2861 3999 12
2861 4160 2
2861 5143 9
2861 5976 19
2862 18 17
2862 2863 4
2862 5796 10
2862 5811 3
2862 8377 22
2863 109 19
2863 2864 6
2863 3447 15
2863 8311 23
2864 2604 10
2864 2865 15
2864 6631 8
2865 2866 2
2865 6493 12
2866 2320 14
2866 2867 15
2866 5846 16
2866 8574 4
2866 8590 19
2866 9360 4
2867 2868 19
2867 3937 12
2868 707 8
2868 860 17
2868 2146 13
2868 2869 4
2868 3262 14
2868 3930 2
2868 4089 18
2868 5603 2
2868 6906 5
2869 2870 15
2869 3389 6
2869 5730 8
2869 8211 8
2870 2871 7
2870 2913 16
2870 4106 13
2870 8220 11
2871 2872 2
2871 4376 3
2871 6215 20
2872 2873 7
2873 54 18
2873 2874 2
2873 7188 23
2874 2682 23
2874 2875 3
2874 4964 13
2874 7212 8
2874 7267 3
2875 47 3
2875 1098 21
2875 1778 8
2875 2876 11
2875 4086 19
2875 4799 7
2875 4951 6
2875 5530 17
2875 6091 12
2875 9851 6
2876 2877 1
2876 4628 13
2877 592 12
2877 2711 5
2877 2878 14
2877 2925 22
2877 3408 2
2877 3549 14
2877 4148 6
2877 8547 2
2877 8786 5
2878 756 19
2878 1532 21
2878 1804 9
2878 2564 14
2878 2879 15
2878 5321 10
2878 6154 5
2878 9538 13
2879 607 9
2879 1410 11
2879 1815 8
2879 2880 19
2879 7297 23
2880 433 15
2880 2623 7
2880 2881 16
2880 9904 20
2881 348 7
2881 2882 8
2881 4174 7
2881 6074 19
2881 7557 20
2881 9338 18
2881 9518 23
2882 146 14
2882 1108 7
2882 2883 4
2882 2913 10
2882 6453 7
2882 6502 10
2883 215 5
2883 766 19
2883 2700 16
2883 2884 21
2883 3377 13
2883 8521 6
2884 2885 5
2884 3057 4
2884 4720 16
2884 6585 21
2884 7999 4
2884 8482 10
2885 1684 5
2885 2886 23
2885 3362 4
2885 3616 10
2885 4927 6
2885 7653 9
2886 1656 16
2886 2887 16
2886 2915 22
2886 3614 15
2886 9177 1
2887 1184 17
2887 1714 17
2887 1943 14
2887 2850 22
2887 2888 16
2887 5228 19
2887 6295 21
2887 7830 13
2887 9687 10
2888 686 23
2888 2889 17
2888 5215 23
2889 685 17
2889 1478 22
2889 2890 3
2889 9768 21
2890 45 4
2890 2891 22
2890 3231 16
2890 6028 15
2890 7176 12
2891 1578 2
2891 2732 1
2891 2892 5
2891 5224 8
2891 8787 6
2892 481 4
2892 2469 23
2892 2783 8
2892 2893 2
2892 3630 17
2892 6492 11
2892 7033 14
2892 9153 18
2892 9565 14
2893 2894 23
2893 7495 18
2894 1846 3
2894 2628 8
2894 2895 13
2894 5180 2
2894 9014 7
2895 2896 21
2895 3576 13
2895 5699 22
2895 6131 19
2895 6644 3
2895 7347 21
2896 2302 13
2896 2480 16
2896 2897 22
2896 4206 21
2897 746 7
2897 1834 16
2897 2632 11
2897 2898 11
2897 7498 7
2898 2899 19
2899 1487 3
2899 2900 16
2899 4240 13
2900 1911 1
2900 2535 22
2900 2878 15
2900 2901 2
2900 5298 10
2901 1234 14
2901 1772 8
2901 2895 22
2901 2902 1
2901 3945 11
2901 4827 1
2902 2903 20
2902 7952 1
2902 9249 11
2903 2904 12
2904 2905 13
2904 3522 1
2904 5443 6
2904 9017 16
2904 9399 22
2905 1548 11
2905 2906 4
2905 4930 14
2905 6224 10
2905 6421 3
2905 8706 16
2906 2907 9
2906 5131 18
2906 7399 21
2907 2639 3
2907 2899 22
2907 2908 3
2907 4312 2
2907 5207 10
2907 5215 21
2907 5217 22
2907 8896 3
2908 1687 1
2908 2909 1
2908 2949 1
2908 4911 2
2908 8794 7
2909 344 10
2909 1773 18
2909 2138 19
2909 2910 3
2909 5493 17
2909 9846 2
2910 2911 22
2910 3866 23
2910 3964 12
2910 4862 7
2911 458 9
2911 2001 14
2911 2193 16
2911 2912 23
2911 3443 12
2911 7807 16
2911 8508 22
2912 258 6
2912 741 1
2912 2766 13
2912 2913 8
2912 3363 19
2912 5834 10
2913 297 3
2913 979 10
2913 2914 4
2913 6745 11
2914 2915 11
2914 3638 11
2914 5510 2
2914 9053 23
2915 2916 21
2915 5372 15
2915 8648 12
2915 9872 7
2916 2917 23
2917 278 14
2917 1271 17
2917 2918 3
2918 717 10
2918 2274 12
2918 2919 8
2918 3511 9
2918 4052 4
2918 6507 4
2918 7321 2
2918 7474 9
2918 8389 1
2918 8788 16
2918 9740 16
2918 9928 4
2919 767 1
2919 2920 19
2919 4411 22
2920 1687 2
2920 2921 15
2921 1637 23
2921 1670 15
2921 2922 21
2921 5144 5
2921 9234 15
2922 2923 17
2922 3700 15
2922 5036 18
2922 7335 19
2922 9577 7
2923 143 14
2923 2816 15
2923 2924 18
2923 5303 11
2923 6306 22
2923 8213 23
2924 1547 7
2924 2925 9
2924 5195 6
2924 9040 19
2925 302 6
2925 2926 19
2925 4765 9
2925 8258 16
2926 914 6
2926 2927 12
2926 4888 8
2926 9919 20
2927 1053 16
2927 1946 5
2927 2928 1
2927 4903 4
2927 5642 3
2927 6804 4
2928 10 17
2928 542 9
2928 2929 9
2928 3736 20
2928 6066 2
2928 7469 18
2929 971 21
2929 2930 18
2929 5059 5
2930 2931 7
2930 4233 16
2930 6756 4
2931 1335 7
2931 2932 9
2931 4120 4
2932 67 16
2932 1247 22
2932 1462 6
2932 2933 9
2932 7916 16
2933 2934 19
2933 4310 16
2933 9571 14
2934 2935 21
2934 3741 18
2934 4357 5
2934 6425 20
2934 9852 12
2935 2936 16
2935 7083 11
2936 1780 15
2936 2937 7
2936 7624 12
2937 1504 2
2937 2938 18
2937 3287 2
2937 3488 6
2937 4717 9
2937 7174 1
2937 9285 6
2938 2939 15
2938 3362 5
2938 3613 8
2938 9915 7
2939 1597 23
2939 2400 18
2939 2748 22
2939 2940 7
2939 3419 9
2939 4855 14
2939 7032 6
2940 1944 2
2940 2941 13
2940 8354 22
2941 1781 17
2941 2344 10
2941 2942 13
2941 5345 22
2941 7491 17
2942 1371 2
2942 2943 15
2942 4737 1
2942 7212 20
2943 1260 22
2943 2700 11
2943 2944 1
2943 9144 4
2944 2945 1
2944 7901 7
2944 9371 15
2945 423 21
2945 1033 22
2945 2389 9
2945 2946 2
2945 8241 5
2946 123 4
2946 1954 13
2946 2674 11
2946 2947 17
2946 7382 2
2946 9958 19
2947 757 13
2947 2948 13
2947 6170 2
2948 1608 16
2948 1918 7
2948 2130 15
2948 2760 12
2948 2949 1
2948 3826 18
2948 9230 5
2949 1010 22
2949 2950 7
2949 7961 10
2950 2207 11
2950 2951 12
2950 5561 21
2950 6217 21
2950 6383 5
2950 7634 23
2950 7894 20
2951 1716 20
2951 1831 1
2951 2952 12
2951 4309 8
2951 8868 22
2951 8889 8
2951 8922 13
2951 8952 7
2952 686 13
2952 2953 3
2952 3385 9
2952 9381 5
2953 2954 1
2953 7197 15
2954 2364 12
2954 2955 13
2954 5186 13
2955 2956 3
2956 2111 22
2956 2957 20
2956 4628 8
2957 1243 20
2957 2958 14
2957 4328 4
2957 9460 23
2958 1689 6
2958 2007 5
2958 2959 18
2958 3027 6
2958 5519 7
2959 1866 17
2959 2960 2
2959 9160 15
2960 2961 2
2960 6677 4
2960 6799 9
2961 2962 5
2961 5835 23
2962 2493 9
2962 2963 4
2962 3815 18
2962 5487 10
2962 5654 5
2962 6220 21
2962 7360 5
2963 625 9
2963 1809 10
2963 2964 18
2963 3275 3
2963 4733 17
2963 4777 7
2963 8063 12
2963 8119 23
2964 2965 12
2964 3895 14
2965 2917 12
2965 2966 7
2965 6175 15
2965 6287 1
2965 6894 18
2966 112 21
2966 2967 8
2966 6293 17
2967 2968 8
2967 3478 4
2967 6417 23
2968 1044 12
2968 2090 4
2968 2969 16
2968 6574 11
2968 7739 20
2968 9930 7
2969 256 12
2969 2970 17
2969 3013 11
2970 2971 20
2970 3674 16
2970 6532 3
2971 1963 4
2971 2972 5
2971 4221 8
2971 8090 23
2971 8624 7
2972 2973 10
2972 7913 6
2972 7956 3
2973 324 15
2973 2974 14
2973 3691 10
2973 4062 2
2973 8143 6
2974 341 14
2974 2287 16
2974 2975 19
2974 6981 1
2975 436 12
2975 918 7
2975 2976 4
2975 6193 9
2975 9501 11
2975 9942 15
2976 2977 10
2977 2978 11
2977 9832 16
2978 2320 9
2978 2979 16
2978 7418 8
2978 8709 3
2979 2980 19
2980 2981 3
2980 5954 21
2980 7120 11
2981 2982 2
2981 4102 15
2981 5425 16
2981 9957 7
2982 2983 15
2982 3735 14
2983 2102 20
2983 2984 12
2983 4084 13
2983 4347 17
2983 4947 19
2983 6488 6
2983 6550 17
2983 7846 1
2983 8056 21
2984 455 14
2984 2985 9
2984 3818 21
2984 6131 5
2984 9805 18
2985 687 4
2985 755 7
2985 2732 15
2985 2986 1
2985 3496 22
2985 6016 3
2985 8104 20
2985 9124 10
2986 2987 7
2987 2988 9
2988 1125 15
2988 1196 15
2988 1499 23
2988 2766 3
2988 2859 11
2988 2989 16
2988 3888 21
2988 6389 12
2988 8687 11
2989 2990 17
2989 3601 15
2990 2621 9
2990 2991 13
2990 7267 2
2990 7529 12
2990 9369 18
2991 1347 1
2991 1644 20
2991 2992 19
2991 5467 23
2991 5799 9
2991 6362 20
2991 8788 9
2992 2993 16
2992 5778 17
2992 6551 23
2993 303 1
2993 2994 15
2993 3994 21
2994 1763 3
2994 2995 17
2994 5019 12
2995 2996 9
2995 8987 1
2995 9310 19
2995 9830 6
2996 1326 12
2996 2997 23
2997 269 10
2997 2998 22
2997 6759 3
2998 659 1
2998 964 8
2998 2999 6
2998 5014 4
2998 5654 13
2998 9162 4
2999 3000 19
2999 4604 19
2999 5463 18
2999 5475 12
2999 7502 9
3000 792 18
3000 1962 14
3000 3001 13
3001 1623 18
3001 1824 16
3001 3002 14
3001 3580 9
3001 4013 6
3001 4879 1
3001 5193 9
3002 3003 18
3002 3395 16
3002 9855 15
3003 358 22
3003 3004 22
3003 4134 20
3003 6836 17
3003 9168 11
3004 2319 19
3004 3005 19
3004 8925 13
3005 2960 2
3005 3006 21
3005 5627 20
3005 7234 4
3005 9902 3
3006 755 11
3006 1634 23
3006 1938 12
3006 3007 14
3007 550 1
3007 2634 22
3007 3008 9
3007 3194 11
3007 3796 17
3007 3852 5
3007 4685 18
3007 5148 19
3007 7485 2
3008 184 4
3008 3009 6
3008 4586 13
3008 6179 5
3009 2194 3
3009 3010 15
3009 7735 19
3009 9089 12
3010 3011 9
3010 3074 13
3010 5318 14
3010 6748 9
3011 3012 4
3011 3952 17
3011 4784 8
3011 7213 19
3011 8565 12
3011 9412 18
3012 3013 4
3012 3351 21
3012 3920 8
3012 4787 8
3012 5574 19
3012 7618 14
3013 3014 16
3013 7386 9
3014 374 1
3014 1247 16
3014 1254 13
3014 3015 19
3014 6124 19
3014 7088 17
3014 8565 18
3015 1793 8
3015 2117 3
3015 3016 21
3015 8844 2
3016 2730 19
3016 3017 1
3016 3323 18
3016 4221 19
3016 5455 1
3016 7058 6
3016 7258 13
3017 1061 16
3017 1559 5
3017 3018 2
3017 6557 6
3017 6869 23
3017 7771 15
3018 3019 12
3018 7820 13
3019 3020 11
3019 4723 11
3020 2917 17
3020 3021 19
3020 4132 19
3020 5978 21
3020 9987 4
3021 1832 21
3021 3022 3
3021 4340 13
3021 4352 6
3021 8168 14
3021 8855 9
3022 591 6
3022 2353 22
3022 3023 11
3022 5718 11
3022 7012 14
3023 861 8
3023 2180 13
3023 3024 22
3023 7596 5
3023 8457 9
3023 8851 20
3024 58 18
3024 3025 19
3024 9031 21
3025 2732 4
3025 3026 16
3025 7776 21
3025 9061 9
3026 924 4
3026 3027 3
3026 6067 11
3026 7841 21
3026 8450 21
3027 3028 9
3027 8378 7
3028 1642 3
3028 3029 6
3028 8153 12
3029 3030 11
3029 3558 23
3029 7471 5
3030 1331 7
3030 3031 14
3030 3309 11
3030 7426 22
3031 1354 5
3031 2061 14
3031 3032 12
3031 4148 10
3032 786 10
3032 3033 15
3032 4827 14
3032 5981 8
3032 6278 4
3032 7475 23
3033 1737 2
3033 3034 14
3034 2161 3
3034 3035 4
3034 3145 21
3034 3252 7
3034 6144 23
3034 6309 19
3034 9803 15
3035 321 2
3035 353 8
3035 554 5
3035 3036 21
3036 3037 22
3037 345 21
3037 3038 9
3037 8594 9
3038 2228 23
3038 3039 16
3038 3329 11
3038 7439 7
3038 7560 21
3039 907 15
3039 3040 10
3039 4865 16
3040 314 11
3040 355 9
3040 2263 15
3040 3041 2
3040 8866 22
3040 9522 8
3041 1108 9
3041 3042 22
3041 4082 19
3042 89 8
3042 895 23
3042 1888 21
3042 2756 20
3042 3043 11
3042 4339 8
3042 6459 22
3043 1778 21
3043 3044 3
3043 8396 7
3044 582 16
3044 1769 18
3044 2049 17
3044 3045 3
3044 4854 16
3044 7998 2
3044 9117 5
3045 3046 19
3045 3433 21
3045 3951 6
3045 4842 2
3045 6863 21
3045 7693 8
3045 7809 10
3045 8726 15
3046 1371 13
3046 2551 5
3046 3047 8
3046 4730 7
3047 2372 8
3047 3048 2
3047 4170 8
3047 5487 14
3047 5911 12
3047 6664 8
3048 500 17
3048 1713 14
3048 3049 12
3048 6268 3
3048 7640 21
3048 8842 15
3049 1004 18
3049 2148 5
3049 3050 4
3049 4687 22
3049 8166 15
3050 812 23
3050 1093 16
3050 2198 7
3050 3051 13
3050 5200 5
3050 6182 10
3050 9714 4
3051 1196 6
3051 3052 1
3051 4009 13
3051 6606 23
3051 6977 6
3051 7134 7
3051 9759 8
3052 261 22
3052 611 3
3052 3053 5
3052 6914 21
3053 333 16
3053 2672 22
3053 3054 3
3053 4575 14
3053 6338 13
3053 7090 23
3053 8116 18
3054 3055 5
3054 4372 2
3054 4806 7
3054 6341 17
3054 6826 9
3054 9419 17
3054 9951 21
3055 2500 4
3055 3056 12
3055 4354 2
3055 7221 2
3055 8157 18
3056 472 19
3056 2409 22
3056 2485 19
3056 3057 13
3057 3058 12
3057 9405 12
3058 2023 1
3058 3059 1
3058 4654 18
3058 5897 11
3059 566 14
3059 2442 1
3059 3060 16
3059 5433 6
3059 7158 12
3059 7357 3
3059 7572 21
3060 370 10
3060 3061 3
3061 2655 2
3061 3062 5
3061 4298 19
3061 4533 19
3061 7076 23
3061 7154 10
3061 7845 9
3062 213 21
3062 1598 3
3062 2820 8
3062 2916 8
3062 3063 8
3062 3578 21
3062 7610 11
3063 2762 20
3063 3064 15
3063 8105 11
3064 3065 10
3064 5675 4
3064 6726 20
3064 8538 1
3064 8792 18
3065 1640 7
3065 3066 11
3065 5660 6
3065 8860 7
3066 2621 8
3066 3067 2
3066 3945 15
3066 9392 21
3067 3068 1
3067 7685 23
3068 1401 8
3068 1875 5
3068 2662 22
3068 3069 13
3068 4659 16
3068 5409 19
3068 8546 20
3068 8773 1
3069 44 1
3069 1171 10
3069 2287 6
3069 3070 19
3069 6262 6
3069 8339 8
3069 8439 14
3070 562 14
3070 3071 2
3070 3135 19
3070 5207 1
3070 6585 23
3070 8627 10
3071 582 13
3071 3072 16
3071 4403 6
3071 4506 16
3071 9562 9
3072 1227 9
3072 3073 16
3072 4145 1
3072 6472 14
3072 7906 19
3073 3074 6
3073 4199 8
3073 4334 12
3074 3075 15
3074 5837 11
3074 7348 19
3075 418 10
3075 888 16
3075 3076 11
3075 4854 5
3075 5016 10
3075 8906 23
3076 2238 17
3076 2479 10
3076 3077 6
3076 7814 7
3076 8689 9
3076 9452 6
3077 583 1
3077 1409 4
3077 3078 14
3077 6048 14
3077 7854 12
3078 1422 19
3078 3079 4
3078 4010 22
3078 6984 11
3078 7501 11
3078 9110 17
3078 9937 14
3079 3080 11
3079 3270 11
3079 5695 14
3079 5765 19
3079 9511 14
3080 3081 15
3080 5774 19
3081 1152 21
3081 2163 6
3081 3082 1
3081 5063 5
3081 7078 5
3081 9355 2
3082 782 16
3082 1772 18
3082 2701 10
3082 3083 10
3082 7943 7
3083 109 16
3083 3084 5
3084 3085 17
3084 3346 14
3084 9356 2
3085 3086 22
3085 5788 12
3085 6203 7
3086 3087 20
3086 7772 22
3086 8449 17
3087 35 9
3087 2663 12
3087 3088 16
3087 7640 14
3087 9428 22
3088 154 3
3088 963 14
3088 1830 15
3088 2071 4
3088 3089 2
3088 8717 15
3089 816 18
3089 1760 1
3089 3090 15
3089 8472 8
3090 146 15
3090 3091 15
3090 5395 23
3090 8193 22
3090 9967 7
3091 471 4
3091 3092 1
3091 6045 8
3092 1291 6
3092 3093 10
3092 3140 13
3092 5254 7
3092 5708 17
3092 7739 18
3093 1766 5
3093 2950 3
3093 3094 20
3093 3483 15
3093 6206 22
3094 2811 16
3094 3095 18
3094 4904 1
3094 8375 2
3095 415 3
3095 2067 17
3095 2096 10
3095 3096 1
3095 9070 20
3095 9941 4
3096 2036 13
3096 2656 7
3096 3097 6
3096 3587 1
3096 5114 8
3096 5636 8
3097 3098 9
3097 9958 3
3098 624 16
3098 3099 9
3098 9453 6
3098 9754 10
3099 392 20
3099 422 6
3099 2305 10
3099 2555 6
3099 3100 9
3099 3150 9
3099 6035 6
3100 3101 7
3100 5131 16
3100 7192 4
3101 3102 6
3101 7346 15
3101 8469 20
3101 9711 19
3101 9911 5
3101 9929 12
3102 1767 13
3102 2420 1
3102 3103 23
3102 7369 2
3102 8992 18
3103 3104 2
3103 3664 23
3103 7398 10
3103 8293 19
3104 1666 8
3104 3105 20
3104 3254 8
3104 3380 2
3104 4500 18
3104 7427 21
3104 9062 2
3105 2124 5
3105 3106 20
3106 1848 11
3106 2574 17
3106 3107 22
3106 9481 23
3107 148 5
3107 1719 23
3107 2156 2
3107 3108 14
3107 9221 4
3108 3109 10
3108 8184 17
3109 1929 1
3109 2202 9
3109 3110 6
3109 6484 21
3109 8128 16
3110 680 13
3110 1942 7
3110 2447 16
3110 3111 1
3111 1401 19
3111 1627 12
3111 3112 21
3111 7228 21
3112 388 23
3112 1559 3
3112 2823 19
3112 3113 16
3112 7559 3
3112 8601 22
3113 238 11
3113 760 2
3113 1239 15
3113 2874 5
3113 3114 8
3113 9503 6
3113 9618 13
3114 3115 4
3114 6419 23
3114 6918 3
3114 9769 20
3115 12 18
3115 847 13
3115 1643 23
3115 3116 13
3115 4965 13
3115 7309 5
3115 8172 15
3115 9610 2
3116 3117 8
3116 3187 11
3116 3818 17
3116 5735 11
3116 7876 17
3116 9212 8
3117 767 9
3117 2573 23
3117 3118 15
3117 4907 11
3117 5007 9
3117 6066 20
3117 8110 3
3118 3119 17
3118 8940 22
3118 9166 19
3119 906 15
3119 3120 15
3119 5662 6
3120 1053 4
3120 1794 16
3120 2749 9
3120 3121 11
3120 3338 19
3120 4643 2
3121 343 18
3121 3122 16
3121 5838 6
3122 3123 13
3122 4194 6
3122 8733 8
3122 9694 2
3123 740 11
3123 1573 17
3123 3124 8
3123 3563 10
3123 8545 17
3124 1779 23
3124 2255 22
3124 3125 7
3124 5812 16
3124 7248 22
3124 9297 22
3125 2790 20
3125 3126 3
3125 3516 20
3125 8333 14
3126 920 3
3126 1359 1
3126 3127 19
3126 4760 18
3126 6874 13
3126 7637 6
3127 2248 9
3127 3128 11
3128 387 18
3128 3129 18
3128 6966 13
3129 1523 12
3129 3130 17
3129 4683 1
3129 7829 6
3129 9239 15
3130 187 11
3130 511 19
3130 649 19
3130 3131 13
3130 4161 23
3130 5166 17
3131 209 15
3131 245 9
3131 705 16
3131 3132 16
3131 3420 21
3131 5160 11
3131 5482 5
3131 5952 21
3132 351 9
3132 1112 21
3132 3133 5
3132 3462 1
3132 3590 23
3133 1063 10
3133 3134 9
3134 1865 1
3134 2757 17
3134 3131 5
3134 3135 15
3134 5874 13
3135 3136 17
3135 5840 23
3135 9299 6
3136 2622 8
3136 3137 6
3136 5167 13
3136 6923 5
3136 8217 18
3136 8568 23
3137 3138 21
3137 7777 16
3137 9088 14
3137 9132 22
3138 490 2
3138 2156 17
3138 3139 21
3138 6265 12
3138 6673 5
3138 9494 1
3139 3140 15
3139 6001 8
3139 6614 1
3139 9241 7
3140 299 22
3140 3141 13
3140 4917 3
3140 5517 6
3140 7014 21
3140 9653 21
3141 16 19
3141 3142 4
3141 4649 10
3141 4829 5
3141 7339 18
3142 132 1
3142 548 11
3142 3143 11
3142 3959 2
3142 7150 3
3142 9640 11
3143 362 15
3143 412 21
3143 2467 22
3143 3144 10
3143 8172 22
3143 9604 19
3144 979 6
3144 1265 7
3144 3145 18
3144 5831 11
3144 7816 4
3144 8027 11
3145 1090 11
3145 1587 13
3145 1691 17
3145 3146 9
3145 4976 15
3146 414 3
3146 3147 3
3147 343 4
3147 2891 16
3147 3148 1
3147 6460 15
3147 7724 4
3147 8917 4
3147 9170 20
3147 9465 4
3147 9717 22
3148 1582 23
3148 1966 10
3148 3149 6
3148 3260 2
3148 6821 10
3148 7530 21
3148 8230 20
3149 3150 16
3149 3628 16
3149 4636 12
3149 8497 2
3149 9468 9
3150 1594 16
3150 1625 11
3150 3151 1
3150 4988 2
3150 6803 21
3150 8190 7
3151 2913 1
3151 3152 1
3152 448 14
3152 2359 12
3152 3153 8
3152 4051 9
3152 4727 15
3152 6677 22
3152 7725 6
3153 3154 2
3153 5281 22
3153 8965 20
3154 3155 22
3154 5997 15
3154 6322 20
3154 9872 15
3155 394 6
3155 2340 21
3155 3156 2
3155 5809 9
3156 1216 16
3156 2525 15
3156 3157 15
3156 7283 17
3157 3158 20
3157 8351 8
3157 9481 16
3158 65 22
3158 1287 11
3158 3159 10
3158 4564 10
3158 5962 1
3158 7679 7
3159 3160 9
3159 3164 7
3159 5168 19
3159 5470 20
3160 2664 8
3160 3161 12
3160 5160 16
3160 7148 21
3161 3162 12
3161 5167 9
3161 6528 14
3162 2227 16
3162 2785 1
3162 3163 12
3162 8200 22
3163 2161 17
3163 3164 3
3163 8450 7
3164 3165 12
3164 8268 14
3165 3166 13
3165 6580 5
3165 9311 21
3165 9687 19
3166 928 4
3166 3167 22
3166 4462 1
3166 6391 17
3166 7264 2
3167 1676 21
3167 1750 1
3167 3168 3
3167 6403 14
3167 9356 22
3168 665 6
3168 1601 10
3168 1630 2
3168 3169 21
3168 4067 23
3168 6510 4
3169 106 20
3169 744 12
3169 3170 5
3169 3303 2
3169 4434 4
3169 4471 22
3170 1592 22
3170 3171 2
3171 3172 19
3171 3849 20
3171 7378 7
3172 487 2
3172 2900 22
3172 3173 5
3173 1208 6
3173 3174 5
3173 4422 21
3173 5905 9
3173 6632 17
3173 8283 7
3173 8947 6
3173 9790 12
3174 996 10
3174 2412 14
3174 3175 18
3174 4660 15
3174 6784 4
3174 9969 10
3175 2336 14
3175 3176 16
3175 4161 19
3175 5397 1
3175 6061 11
3176 1570 14
3176 2049 18
3176 3177 21
3176 4736 23
3176 5046 9
3176 6985 14
3177 2449 8
3177 3178 1
3177 5114 5
3177 6813 3
3177 8500 17
3178 1141 17
3178 3179 11
3178 4670 17
3179 3180 16
3179 6255 19
3179 9085 21
3179 9592 22
3180 3181 11
3180 7904 18
3181 349 1
3181 2133 14
3181 3182 18
3182 2977 4
3182 3183 7
3182 5705 3
3182 5897 13
3183 1989 21
3183 3184 12
3183 3635 3
3184 495 11
3184 1884 4
3184 3185 16
3184 4627 6
3185 3186 13
3185 4038 20
3185 5045 11
3185 5706 19
3185 7352 4
3185 8217 11
3185 8925 5
3186 3187 14
3186 6989 3
3186 9995 5
3187 1414 4
3187 3188 23
3187 4068 5
3187 4276 5
3187 4584 9
3187 5556 15
3188 3189 17
3188 4324 1
3188 6479 19
3189 497 12
3189 1396 7
3189 1923 19
3189 3190 3
3189 7753 7
3190 2540 8
3190 3191 4
3190 6492 12
3191 129 10
3191 528 11
3191 1508 14
3191 1564 16
3191 3192 23
3191 4127 4
3191 7821 5
3191 9858 20
3192 3062 5
3192 3193 17
3192 3990 15
3192 8137 20
3193 386 22
3193 1037 20
3193 1518 12
3193 3087 11
3193 3194 14
3193 5510 19
3193 9972 19
3194 1813 5
3194 2895 6
3194 2994 4
3194 3195 16
3194 4489 23
3194 7404 11
3195 3196 1
3195 4751 6
3195 8705 2
3196 1811 9
3196 3171 3
3196 3197 20
3196 6463 19
3196 8706 19
3197 282 1
3197 2033 11
3197 2095 11
3197 3198 18
3197 3702 18
3197 4916 13
3197 6213 13
3197 8242 21
3197 9000 18
3198 164 3
3198 175 19
3198 1233 15
3198 3199 14
3198 3238 3
3198 8137 15
3198 9312 12
3199 444 4
3199 1840 17
3199 3200 21
3199 4319 13
3199 5496 22
3199 6085 7
3199 7146 6
3200 344 1
3200 2883 1
3200 3201 16
3200 5332 9
3200 7206 5
3200 9900 2
3201 3202 11
3201 6653 5
3202 179 10
3202 1693 14
3202 1737 5
3202 2589 7
3202 3203 11
3202 3536 5
3202 8862 15
3202 9008 20
3203 3204 8
3203 7339 2
3203 8876 23
3204 2734 19
3204 3205 18
3204 6323 23
3204 8484 1
3205 3206 5
3205 5378 17
3205 7946 7
3206 3207 9
3206 6787 13
3206 8321 12
3207 1452 11
3207 3208 18
3207 5822 3
3208 1947 18
3208 3209 11
3208 3299 11
3209 2459 21
3209 3210 7
3209 3773 9
3209 4142 22
3209 5357 20
3209 6905 6
3210 2608 2
3210 3211 3
3210 5655 16
3210 9598 4
3211 1607 16
3211 3212 3
3211 5314 22
3211 5737 14
3212 413 3
3212 443 9
3212 941 4
3212 1340 8
3212 2326 7
3212 3213 10
3212 3279 3
3212 8787 18
3212 9166 22
3213 627 1
3213 2197 1
3213 3214 14
3213 7275 17
3213 7795 15
3213 8440 8
3213 8786 21
3214 72 3
3214 2407 16
3214 2539 3
3214 3215 7
3214 5269 5
3214 7586 8
3214 7642 8
3215 2409 6
3215 3216 23
3215 7730 5
3216 3217 22
3216 3549 20
3216 6773 1
3217 646 8
3217 2427 9
3217 3218 13
3217 5161 2
3217 6969 22
3217 8245 1
3218 1995 1
3218 3000 6
3218 3219 15
3218 4118 22
3218 4161 11
3218 9067 13
3219 1528 22
3219 1673 13
3219 3220 6
3219 3772 10
3220 415 14
3220 3221 18
3220 3253 22
3220 3275 20
3220 6912 22
3220 9648 22
3220 9941 9
3221 2257 17
3221 3222 19
3221 3366 2
3221 6508 13
3221 6851 1
3221 8107 6
3221 8842 8
3222 1083 4
3222 3223 2
3222 4436 10
3223 674 17
3223 3224 12
3223 7328 3
3223 8555 15
3224 3225 9
3224 3227 16
3224 6500 22
3224 7715 19
3224 9080 9
3224 9443 6
3224 9762 14
3225 187 6
3225 1221 15
3225 2030 16
3225 3226 21
3225 3532 9
3225 3904 6
3225 7305 3
3225 7477 13
3225 7826 13
3225 8846 1
3225 9201 7
3226 900 4
3226 1218 13
3226 1360 9
3226 3227 11
3226 8340 10
3227 3228 10
3227 3724 6
3227 4030 10
3227 5161 10
3227 5710 7
3227 6776 23
3227 6779 15
3228 3229 3
3228 8480 15
3229 3058 11
3229 3230 5
3229 5636 23
3230 3231 20
3230 3557 8
3230 7539 14
3231 3232 3
3232 3085 2
3232 3147 20
3232 3220 16
3232 3233 6
3232 5474 13
3232 6908 23
3233 160 8
3233 1469 9
3233 3234 6
3234 3235 11
3234 6044 11
3234 7416 11
3235 1655 17
3235 2000 3
3235 3236 22
3236 992 20
3236 2141 13
3236 3237 14
3236 6100 7
3236 8438 8
3237 807 16
3237 3238 9
3237 3241 18
3237 5528 16
3237 8919 10
3238 2041 7
3238 3239 15
3238 8244 7
3238 9687 8
3239 1953 6
3239 3035 22
3239 3240 1
3239 7749 12
3239 9393 20
3240 3241 7
3241 2549 5
3241 3242 18
3241 8665 18
3242 2670 11
3242 2965 8
3242 3243 15
3242 8027 22
3242 9746 6
3243 1537 4
3243 3210 16
3243 3244 15
3243 4822 3
3243 5093 14
3243 5873 14
3243 6827 11
3244 656 8
3244 2459 1
3244 3245 14
3245 2032 6
3245 2366 6
3245 3246 7
3245 3308 11
3245 6066 9
3246 708 11
3246 770 11
3246 3247 4
3246 5007 17
3246 5415 10
3246 6542 9
3246 7458 20
3246 8042 20
3247 79 12
3247 122 13
3247 253 18
3247 412 1
3247 2276 15
3247 3248 5
3247 6225 16
3247 7727 12
3248 2698 12
3248 3249 14
3248 3266 9
3248 5961 18
3248 6953 5
3248 8353 1
3248 9997 12
3249 3250 19
3250 2512 6
3250 3128 11
3250 3251 8
3250 6507 22
3250 7497 1
3251 734 15
3251 1645 2
3251 2717 7
3251 3252 13
3251 4391 10
3251 5424 11
3251 9063 13
3251 9410 3
3252 2570 11
3252 3253 17
3253 1269 14
3253 3254 14
3253 3671 3
3253 6855 2
3254 981 5
3254 1089 19
3254 1521 16
3254 2618 8
3254 3048 17
3254 3255 13
3254 5404 16
3254 5453 11
3254 7067 15
3255 364 20
3255 1185 12
3255 3256 13
3255 4004 11
3255 5074 8
3255 6819 23
3255 7298 21
3255 9253 11
3256 2071 18
3256 2243 1
3256 2684 15
3256 3257 11
3256 3954 21
3256 5048 21
3257 783 6
3257 1578 16
3257 2330 11
3257 3258 11
3257 8919 21
3258 3259 13
3258 6616 2
3259 591 16
3259 1022 7
3259 1982 23
3259 2170 1
3259 3260 11
3259 8579 22
3259 8706 5
3260 67 17
3260 1455 12
3260 3261 18
3260 4166 11
3260 8406 19
3261 481 11
3261 1404 20
3261 3262 17
3261 3579 3
3262 827 6
3262 3263 16
3262 3460 5
3262 3575 9
3262 4417 8
3262 4817 14
3262 5663 20
3262 8268 7
3262 8642 19
3263 1391 20
3263 3264 1
3263 4525 5
3263 8233 6
3263 8575 22
3264 2447 6
3264 3265 11
3264 4865 19
3264 9053 5
3264 9059 23
3265 2496 20
3265 3266 17
3265 6999 1
3265 8828 4
3265 9866 21
3266 3267 7
3266 3410 17
3267 1928 8
3267 2338 23
3267 2350 13
3267 2828 20
3267 3268 4
3267 3961 13
3267 4542 21
3267 5415 20
3268 3269 22
3268 6632 12
3268 9174 23
3268 9434 5
3269 768 22
3269 917 8
3269 3270 5
3269 5737 6
3269 7170 14
3269 8502 9
3269 8992 10
3269 9268 21
3270 3271 21
3270 4097 2
3270 7685 7
3270 8737 7
3271 670 14
3271 3272 5
3271 6419 14
3272 3273 17
3272 4742 4
3272 6934 15
3273 285 19
3273 615 4
3273 3274 12
3273 3310 15
3274 2089 14
3274 2993 15
3274 3275 4
3274 4770 8
3275 1315 7
3275 1735 19
3275 3207 15
3275 3276 17
3275 8251 6
3275 9173 20
3276 1750 10
3276 2759 23
3276 3277 18
3276 7877 15
3276 8117 6
3277 3188 6
3277 3278 15
3277 4278 3
3278 405 16
3278 2815 9
3278 3279 10
3278 8931 20
3279 1174 16
3279 1687 10
3279 1749 2
3279 2007 18
3279 3066 22
3279 3280 8
3279 4455 3
3279 5775 23
3279 5851 12
3279 6363 12
3279 8551 1
3280 3281 12
3280 6829 20
3281 3282 23
3281 7421 13
3281 9193 20
3282 747 20
3282 787 7
3282 1882 22
3282 3283 23
3282 3984 4
3282 4806 14
3282 5183 1
3282 5749 18
3283 850 9
3283 3284 8
3283 8455 3
3283 9474 13
3284 3285 13
3284 4888 13
3284 6788 23
3285 972 21
3285 2273 2
3285 3286 16
3285 6944 11
3285 7669 4
3286 1359 18
3286 1514 12
3286 3287 6
3286 5184 5
3286 6778 8
3287 3288 18
3288 3289 9
3289 1760 16
3289 3290 3
3289 4548 1
3289 5476 17
3289 9317 23
3290 312 7
3290 1254 21
3290 3291 9
3290 5257 20
3291 976 18
3291 1956 11
3291 3292 5
3291 3652 3
3291 4296 15
3291 5085 10
3291 6241 13
3291 8307 2
3292 776 17
3292 2176 20
3292 3048 16
3292 3293 4
3292 4693 2
3292 9281 6
3293 1351 7
3293 3294 5
3293 9297 19
3294 3128 16
3294 3295 23
3294 7017 7
3295 3296 11
3295 3485 2
3295 3945 16
3295 8295 8
3296 3297 3
3296 5676 5
3296 7061 7
3297 325 7
3297 2604 13
3297 3273 16
3297 3298 22
3297 4420 18
3298 42 1
3298 2835 11
3298 3299 14
3298 9317 10
3299 1360 2
3299 3300 22
3299 6196 22
3300 2334 19
3300 3301 6
3300 9783 10
3300 9796 16
3301 692 10
3301 1997 13
3301 2313 12
3301 3302 22
3301 6001 4
3301 7154 2
3302 265 12
3302 881 18
3302 2343 5
3302 2431 23
3302 2869 3
3302 3303 7
3303 3304 15
3303 3723 16
3303 5151 14
3303 7861 15
3303 8449 15
3304 573 8
3304 3087 20
3304 3305 4
3304 4282 21
3305 1201 18
3305 2078 9
3305 2706 19
3305 3306 4
3305 4495 23
3306 3307 7
3306 7687 7
3306 9239 21
3307 886 14
3307 3308 11
3308 2074 2
3308 3011 20
3308 3309 2
3308 3877 5
3308 4969 4
3308 5479 19
3308 8666 10
3309 774 13
3309 1376 2
3309 3310 14
3309 3592 17
3309 6059 17
3310 433 20
3310 946 15
3310 1326 3
3310 1683 3
3310 3311 6
3310 4403 3
3310 7824 14
3311 1049 12
3311 3312 3
3311 4535 17
3311 9214 3
3311 9612 10
3312 536 11
3312 2330 15
3312 3048 7
3312 3313 10
3313 633 16
3313 1079 1
3313 3314 20
3313 4700 19
3313 5280 18
3313 7886 18
3314 2832 7
3314 3315 6
3314 5570 18
3314 9900 22
3314 9921 18
3315 113 14
3315 3316 2
3315 4231 13
3316 95 12
3316 1637 11
3316 3317 13
3316 8727 16
3317 2414 7
3317 3096 19
3317 3318 7
3317 5092 1
3317 8638 18
3317 9281 9
3318 425 22
3318 2667 21
3318 3106 11
3318 3319 3
3318 7754 22
3318 9594 1
3319 3320 12
3319 3455 12
3319 7888 4
3319 9221 12
3320 1062 2
3320 2095 22
3320 3321 11
3320 3506 20
3320 4081 12
3320 5446 23
3321 316 21
3321 1425 5
3321 3322 20
3321 6408 8
3321 8115 22
3321 8191 15
3322 2232 6
3322 2257 9
3322 3323 15
3322 5159 1
3323 1148 5
3323 3324 17
3323 4486 8
3323 9720 9
3324 2677 6
3324 3006 23
3324 3325 4
3324 3587 14
3324 4822 5
3325 254 6
3325 3283 22
3325 3326 18
3325 3654 14
3325 8009 18
3326 3327 3
3326 4765 5
3326 9929 4
3327 3328 23
3327 4042 11
3327 5164 7
3327 7232 1
3327 7350 20
3327 8805 18
3327 9909 15
3327 9936 22
3328 1441 14
3328 3329 5
3328 6639 18
3328 7677 1
3329 2018 6
3329 3330 14
3329 4865 12
3329 5909 16
3329 8373 18
3330 3331 4
3330 9336 1
3330 9534 3
3330 9786 16
3330 9870 14
3331 884 6
3331 1835 1
3331 2867 6
3331 3332 18
3331 3642 13
3331 9661 6
3332 2301 21
3332 2600 16
3332 3333 1
3332 4652 22
3332 5408 13
3333 3334 13
3333 3402 1
3333 5416 22
3333 6683 10
3333 9899 5
3334 1389 12
3334 3335 17
3335 2691 12
3335 3336 17
3335 3700 5
3335 7201 12
3336 3085 17
3336 3337 7
3336 6700 9
3336 8983 4
3336 9304 5
3337 2371 1
3337 3326 18
3337 3338 3
3337 8174 7
3338 365 11
3338 677 12
3338 906 2
3338 3339 10
3338 6167 5
3338 7641 1
3339 670 18
3339 3340 1
3340 3341 9
3341 1713 8
3341 2173 19
3341 2470 8
3341 3183 3
3341 3342 3
3341 7104 19
3341 7455 23
3341 9619 10
3342 128 5
3342 1735 6
3342 1839 17
3342 2169 10
3342 2709 8
3342 3343 12
3342 4418 17
3342 8924 18
3343 3344 22
3343 5148 14
3343 5278 20
3343 6014 6
3343 7189 18
3344 2770 3
3344 3345 7
3344 7311 1
3345 1896 19
3345 2035 4
3345 2971 11
3345 3212 9
3345 3346 2
3345 3715 11
3345 4718 2
3345 9223 21
3345 9388 14
3346 501 10
3346 2450 11
3346 3347 13
3346 4094 2
3346 4682 18
3346 5809 23
3347 485 1
3347 3348 23
3347 5893 13
3348 327 23
3348 933 13
3348 3349 12
3348 4651 10
3348 6407 17
3349 633 6
3349 2971 6
3349 3350 9
3349 4093 6
3349 5338 16
3349 6727 16
3349 8896 19
3350 92 15
3350 218 19
3350 3351 6
3350 5605 11
3350 5796 2
3351 3352 23
3351 6401 21
3351 6528 23
3352 82 23
3352 794 5
3352 1159 18
3352 2017 1
3352 3353 11
3352 3421 1
3352 8481 1
3353 1108 5
3353 3354 13
3353 5803 7
3353 7272 13
3354 3355 17
3354 3442 13
3354 4036 10
3354 5587 10
3354 5844 10
3354 6972 23
3354 8798 4
3354 9997 22
3355 563 3
3355 1247 14
3355 1577 22
3355 3356 11
3355 6009 19
3355 7573 11
3356 1515 18
3356 1620 6
3356 2670 2
3356 3357 7
3356 4340 11
3356 7021 8
3357 881 4
3357 3358 21
3357 3806 9
3357 4173 18
3357 6772 1
3357 8755 11
3357 9822 6
3358 3359 12
3358 7147 7
3359 1485 1
3359 3360 10
3359 3865 19
3359 5870 21
3359 7403 7
3360 3361 23
3360 5903 23
3360 6829 14
3361 1049 10
3361 3362 3
3361 5251 22
3361 9114 23
3362 1756 16
3362 2746 17
3362 2787 2
3362 3363 14
3363 293 6
3363 1989 13
3363 3364 16
3363 8407 22
3363 9710 1
3364 557 17
3364 3365 9
3364 6502 23
3364 7856 16
3365 3366 9
3365 6121 4
3365 7409 22
3365 8196 19
3365 8460 2
3366 130 12
3366 1692 16
3366 3367 4
3366 5252 18
3366 5545 18
3367 1023 3
3367 3368 14
3367 7063 13
3368 309 1
3368 2648 19
3368 3369 12
3368 5846 16
3368 9962 16
3369 2194 9
3369 2293 15
3369 3370 8
3370 674 8
3370 3371 10
3370 4380 23
3370 5555 18
3370 7565 4
3371 561 12
3371 650 4
3371 1505 5
3371 2432 17
3371 3372 6
3371 4613 23
3371 4853 10
3371 5481 17
3371 6149 12
3371 7396 19
3371 7542 9
3372 203 15
3372 3373 15
3372 4610 10
3372 9267 23
3373 132 14
3373 2295 6
3373 3374 9
3373 3908 5
3373 4139 18
3373 7570 5
3373 8657 3
3374 3375 8
3374 3567 8
3374 4509 1
3374 6161 4
3374 7964 18
3374 9563 16
3375 1266 1
3375 1602 23
3375 3376 3
3375 4454 20
3375 4526 11
3375 5750 11
3376 48 3
3376 908 7
3376 3377 1
3376 4181 22
3376 6124 2
3376 6525 12
3377 1733 3
3377 2751 8
3377 3378 1
3377 4742 14
3378 3379 14
3378 8581 18
3379 188 10
3379 3380 4
3379 3819 3
3379 4421 20
3379 8372 20
3379 9538 5
3380 360 16
3380 3381 19
3380 5285 11
3380 6938 6
3380 7335 23
3380 8282 20
3381 2963 2
3381 3382 20
3381 4179 22
3381 4180 11
3381 4707 21
3381 6711 6
3381 8391 14
3381 9187 22
3381 9997 15
3382 2096 8
3382 3383 4
3382 5331 22
3382 6140 13
3382 7274 21
3382 8242 3
3382 9420 14
3383 2536 19
3383 2702 18
3383 3384 8
3383 6122 6
3383 9986 17
3384 3385 4
3385 443 12
3385 1308 17
3385 1444 1
3385 3386 1
3385 8436 3
3386 98 19
3386 3387 22
3386 7128 2
3387 1683 21
3387 3388 6
3387 5982 7
3387 6626 19
3387 7895 19
3388 3389 8
3388 5293 5
3388 5476 14
3388 7226 15
3388 7570 10
3389 487 16
3389 672 6
3389 1223 18
3389 3254 2
3389 3390 14
3390 100 12
3390 904 14
3390 2066 3
3390 3391 17
3390 9007 17
3391 894 4
3391 1753 1
3391 1870 23
3391 2382 13
3391 3392 17
3391 4276 10
3391 4594 15
3391 4600 13
3391 6056 4
3391 6864 3
3391 7819 18
3391 8635 2
3392 2276 4
3392 3393 6
3392 5826 21
3393 2122 5
3393 2894 4
3393 3394 8
3393 4460 18
3393 7345 9
3394 3395 11
3394 4883 16
3394 7334 12
3394 9870 5
3395 1792 17
3395 3396 15
3395 7966 19
3396 3397 12
3397 601 23
3397 3398 10
3398 3399 15
3398 6397 4
3399 3400 7
3399 5962 7
3399 6781 15
3399 8755 9
3400 3401 5
3400 3714 22
3400 3953 14
3401 3402 15
3401 3962 15
3401 4252 18
3401 5325 6
3401 6817 9
3401 8965 16
3401 9188 21
3401 9249 22
3402 2571 20
3402 3403 18
3402 4263 6
3402 4523 7
3402 7024 17
3402 7959 11
3403 2379 10
3403 2864 1
3403 3404 11
3403 6274 12
3403 8550 20
3403 8986 20
3404 2503 19
3404 2527 16
3404 3191 16
3404 3405 13
3404 6693 16
3405 2801 5
3405 3406 3
3405 6692 8
3405 7003 20
3406 239 23
3406 622 6
3406 3407 14
3406 4879 10
3407 71 14
3407 1500 19
3407 2439 2
3407 3264 20
3407 3408 22
3408 222 22
3408 2219 5
3408 3409 7
3408 4859 12
3408 5123 22
3408 7088 12
3408 8783 21
3409 619 14
3409 928 15
3409 2030 21
3409 3410 9
3409 6612 2
3409 7418 22
3410 2846 19
3410 3411 2
3410 4712 21
3410 5749 18
3411 2339 8
3411 3412 9
3411 3819 14
3411 3829 16
3411 7836 22
3412 453 3
3412 2718 14
3412 3413 20
3412 3976 11
3412 4638 15
3412 8352 14
3412 8670 10
3413 1159 15
3413 3414 12
3413 4499 5
3413 6782 9
3413 9945 20
3414 518 20
3414 2871 6
3414 3366 20
3414 3415 23
3415 2961 7
3415 3416 5
3415 4266 6
3415 6000 10
3416 1128 12
3416 1739 6
3416 3352 9
3416 3417 15
3416 4380 2
3416 4637 18
3416 5699 20
3416 7883 2
3416 8830 15
3417 3418 16
3417 3597 3
3417 4345 7
3417 6118 7
3417 7816 14
3418 3419 14
3418 7124 17
3418 7233 9
3418 7596 17
3418 8535 18
3418 8953 23
3419 1538 15
3419 3420 16
3419 6843 2
3420 2224 1
3420 3421 21
3420 6119 18
3421 533 16
3421 1774 4
3421 2631 17
3421 3031 9
3421 3422 19
3421 4644 23
3421 5623 15
3421 6338 9
3421 9025 5
3422 3423 10
3422 5200 2
3422 5508 18
3423 1538 18
3423 3424 9
3423 4328 1
3423 4740 19
3423 8719 20
3424 3425 18
3424 4651 23
3424 5285 18
3424 6266 3
3424 7066 19
3424 7548 6
3425 3426 6
3426 788 15
3426 791 19
3426 3427 15
3426 4798 10
3427 817 14
3427 1065 22
3427 2490 18
3427 3428 4
3427 3512 16
3427 4052 12
3427 4626 11
3427 5404 19
3427 5915 17
3427 7795 19
3427 9061 6
3428 2760 22
3428 2812 1
3428 3429 14
3428 3962 7
3428 7527 3
3429 191 14
3429 820 15
3429 3430 15
3429 6211 6
3429 9224 14
3430 2047 15
3430 3431 7
3430 7337 8
3430 7712 14
3430 9181 22
3431 3121 19
3431 3432 7
3431 6194 4
3432 2610 6
3432 3111 23
3432 3433 21
3432 5002 1
3432 5908 10
3432 7425 23
3432 8598 10
3432 8694 4
3432 9228 5
3433 87 13
3433 1938 22
3433 3434 19
3433 4367 9
3433 6085 16
3433 8751 17
3434 22 13
3434 1172 8
3434 3435 6
3434 3740 1
3435 1694 23
3435 2770 21
3435 3436 3
3435 4633 18
3435 4809 14
3436 924 10
3436 1066 19
3436 1475 1
3436 3189 12
3436 3437 10
3437 577 14
3437 3438 18
3437 3585 20
3437 3880 3
3437 4683 11
3437 7680 12
3437 7916 11
3438 1824 9
3438 3439 16
3438 9525 16
3439 1256 14
3439 2327 20
3439 3440 18
3439 7163 22
3440 2993 23
3440 3441 10
3440 4554 7
3440 9788 13
3441 1455 13
3441 2242 7
3441 2758 4
3441 3442 9
3442 2072 14
3442 3312 13
3442 3443 10
3442 3795 7
3442 5840 11
3443 1349 21
3443 1469 5
3443 3444 20
3444 68 4
3444 464 2
3444 3445 8
3444 4032 23
3444 5504 3
3444 8274 19
3444 8796 20
3444 9653 14
3445 2104 22
3445 3446 18
3445 3492 23
3445 4154 19
3445 9107 12
3446 290 22
3446 3447 14
3446 7446 19
3447 1249 14
3447 1591 23
3447 3448 22
3447 5265 6
3448 3449 14
3449 2970 2
3449 2985 22
3449 3450 13
3449 3793 14
3449 4583 8
3449 9339 4
3450 3451 16
3451 1141 16
3451 3342 2
3451 3452 11
3451 7962 5
3452 2818 15
3452 3453 13
3452 7893 3
3453 3454 11
3453 8279 23
3453 9949 21
3454 3455 12
3455 1482 18
3455 3307 22
3455 3456 12
3455 4117 14
3455 6103 21
3455 7950 12
3455 9683 2
3456 1026 5
3456 3457 11
3456 3607 12
3456 4161 20
3457 3458 3
3457 4415 3
3457 9932 9
3458 1061 3
3458 1966 8
3458 3194 23
3458 3459 4
3458 8930 17
3459 228 12
3459 1522 5
3459 3460 9
3459 5232 12
3459 6279 13
3459 7353 12
3460 2752 4
3460 3461 10
3460 5822 6
3460 5990 5
3460 8267 17
3460 8839 4
3461 1784 9
3461 3462 20
3461 4630 19
3461 6566 11
3461 7239 3
3462 2069 19
3462 3463 9
3462 9881 12
3463 690 5
3463 1274 1
3463 3464 5
3463 3621 12
3463 4322 2
3463 8088 20
3464 895 14
3464 2835 15
3464 3465 5
3464 6809 10
3464 7491 9
3465 968 4
3465 986 13
3465 1014 17
3465 1439 13
3465 3466 5
3465 4407 3
3466 204 13
3466 3467 8
3467 3468 15
3467 8589 16
3467 8957 4
3468 3083 9
3468 3469 20
3469 3470 16
3469 4598 4
3469 4905 22
3469 6416 9
3469 6872 20
3469 8084 23
3470 1097 6
3470 1663 6
3470 3471 23
3470 3506 2
3470 8750 2
3470 9320 16
3471 336 18
3471 1245 19
3471 3472 5
3471 5169 4
3471 9337 11
3472 3473 3
3472 4911 8
3472 8477 4
3472 8767 6
3473 1271 6
3473 2225 7
3473 3474 1
3473 3742 19
3474 1918 17
3474 2803 6
3474 3475 13
3475 2620 22
3475 3476 16
3475 5579 23
3475 7413 5
3475 8101 23
3475 9128 10
3476 2568 20
3476 3477 5
3476 3725 14
3476 7041 17
3477 3478 3
3477 4075 13
3477 7161 16
3478 357 19
3478 3479 13
3478 5211 7
3478 6101 20
3479 1061 22
3479 3480 3
3479 5030 7
3479 5333 13
3479 8596 13
3479 9480 6
3479 9981 20
3480 3481 2
3480 4444 2
3480 6922 1
3480 7439 17
3480 7659 11
3481 1188 20
3481 2194 22
3481 3482 20
3481 8585 19
3481 8937 19
3482 2837 1
3482 3182 1
3482 3483 7
3482 7720 19
3483 3484 2
3483 5251 7
3483 6691 19
3483 7200 21
3484 2636 9
3484 3485 4
3484 4728 20
3485 1364 9
3485 3486 3
3485 3961 20
3485 4598 16
3485 6148 10
3485 6850 3
3486 3046 14
3486 3487 6
3486 4021 6
3486 4800 11
3486 7037 11
3487 116 12
3487 3448 4
3487 3488 18
3487 4074 13
3487 5068 21
3487 6347 19
3487 7191 19
3487 8765 6
3488 3116 23
3488 3489 19
3488 4045 21
3488 6173 9
3488 6667 17
3489 527 9
3489 3490 2
3489 4427 1
3489 5937 20
3489 8218 18
3489 9472 4
3490 2085 16
3490 3491 21
3490 7913 4
3490 8978 6
3491 759 5
3491 2508 2
3491 2881 23
3491 3492 1
3492 1442 16
3492 1698 5
3492 3493 9
3492 4682 17
3492 8819 13
3492 9427 10
3492 9830 13
3493 896 21
3493 3494 22
3493 3518 20
3493 6758 17
3493 8739 13
3493 9775 10
3494 3495 5
3494 6648 21
3495 3265 7
3495 3496 11
3495 3947 20
3495 7981 2
3496 3497 14
3496 5704 11
3496 6162 4
3496 6877 21
3497 834 2
3497 3391 3
3497 3498 15
3497 4522 1
3497 8954 13
3498 536 14
3498 3499 11
3498 4207 21
3498 7651 13
3499 41 4
3499 854 16
3499 3500 15
3499 7304 5
3499 8469 23
3499 9699 23
3500 439 23
3500 3501 4
3500 4294 14
3500 8760 8
3500 8811 4
3501 880 13
3501 2356 19
3501 3502 17
3502 1062 16
3502 1159 17
3502 3503 22
3502 5880 16
3502 7762 5
3502 8781 22
3502 9057 16
3503 981 20
3503 1762 7
3503 3271 12
3503 3504 23
3504 407 22
3504 3505 21
3504 3749 15
3504 5988 22
3504 7772 9
3504 9117 3
3504 9217 8
3505 393 1
3505 3506 21
3505 5949 4
3505 6548 7
3506 745 9
3506 3507 6
3506 8625 2
3506 9107 20
3506 9614 5
3507 2476 8
3507 2785 23
3507 3508 11
3507 5875 19
3507 6656 18
3508 90 1
3508 356 11
3508 1604 4
3508 1852 9
3508 2499 18
3508 3509 3
3508 8731 10
3509 1040 14
3509 2069 13
3509 2141 21
3509 2435 23
3509 3510 3
3509 5775 6
3509 5966 18
3509 6114 12
3509 7942 1
3509 8223 11
3510 1195 6
3510 3511 7
3510 6025 9
3511 3512 14
3511 6329 7
3511 8515 7
3512 598 12
3512 1397 8
3512 1693 9
3512 2514 14
3512 3412 1
3512 3513 3
3512 4927 8
3512 7626 6
3513 223 18
3513 1191 15
3513 2454 13
3513 3514 18
3513 5038 8
3513 6076 13
3513 7795 6
3514 2239 4
3514 3515 3
3514 7042 10
3514 9427 4
3515 3516 20
3515 3964 8
3515 4959 5
3515 7548 9
3516 3517 14
3516 7169 19
3516 7849 13
3516 8586 5
3517 1594 15
3517 2092 22
3517 3518 21
3517 5746 10
3517 7438 10
3517 9870 9
3518 3519 3
3518 6715 11
3519 657 20
3519 3520 7
3519 6791 5
3519 9496 19
3520 958 13
3520 2352 22
3520 3521 17
3520 5075 11
3520 5405 19
3521 1046 8
3521 2156 21
3521 3522 20
3522 704 1
3522 2339 3
3522 3523 20
3522 3531 16
3522 6242 16
3523 646 18
3523 1246 23
3523 3524 6
3523 4276 20
3524 3264 22
3524 3525 4
3524 8609 14
3524 8761 18
3524 9324 19
3525 510 4
3525 1643 1
3525 2532 2
3525 2699 3
3525 2835 14
3525 3526 1
3526 15 10
3526 2085 12
3526 3088 18
3526 3527 14
3526 5200 6
3526 9954 12
3527 3528 10
3527 3536 13
3527 6141 2
3527 6486 1
3527 6531 14
3528 3529 16
3528 5769 5
3528 5780 17
3529 1199 7
3529 3530 4
3529 4578 9
3529 7888 2
3529 7917 12
3529 8638 1
3529 9522 8
3530 2244 20
3530 3507 15
3530 3531 20
3530 3533 18
3530 3925 23
3530 4239 14
3530 7741 2
3530 9217 6
3531 3532 12
3531 4203 20
3531 5727 10
3531 9988 19
3532 3533 17
3532 6140 13
3532 8553 15
3532 9666 18
3533 123 20
3533 782 15
3533 1340 10
3533 1617 12
3533 3534 1
3533 3999 15
3533 4326 18
3533 9407 6
3534 1523 12
3534 3535 17
3534 9116 22
3535 1340 17
3535 1826 1
3535 3536 22
3535 7260 4
3535 8685 14
3536 1247 9
3536 2087 22
3536 2316 23
3536 3537 2
3536 4686 4
3536 6122 23
3536 6582 17
3536 9190 13
3537 902 7
3537 3538 3
3537 9285 2
3537 9994 13
3538 3539 7
3538 3703 19
3538 4114 9
3538 6480 10
3538 8573 5
3539 922 11
3539 3540 14
3539 9334 14
3539 9499 21
3540 3541 15
3540 4087 16
3541 52 6
3541 1038 7
3541 2950 23
3541 3542 6
3541 3647 7
3541 5727 4
3541 6142 14
3542 3543 23
3542 4572 19
3542 4899 5
3542 7778 8
3543 3475 6
3543 3544 2
3543 5268 9
3543 6839 7
3544 772 23
3544 2539 20
3544 3545 13
3544 9630 3
3545 482 13
3545 1533 11
3545 3546 18
3545 5966 15
3545 9986 8
3546 329 1
3546 792 16
3546 1679 20
3546 2179 5
3546 2726 12
3546 2738 17
3546 3547 15
3546 3953 3
3546 4615 5
3546 6224 15
3547 2613 10
3547 3548 6
3548 3549 5
3548 4237 1
3548 5661 23
3548 6888 5
3548 8825 6
3549 3550 22
3549 6066 11
3549 7730 4
3550 257 15
3550 3551 19
3551 3 1
3551 1751 10
3551 3552 11
3551 3794 20
3552 3553 21
3552 6990 4
3553 3554 18
3553 4213 22
3554 1342 7
3554 3106 11
3554 3555 5
3555 2052 19
3555 3057 18
3555 3556 2
3555 5085 23
3555 9613 8
3556 2101 12
3556 3557 18
3556 7025 7
3557 308 15
3557 578 21
3557 1794 10
3557 2327 1
3557 3558 11
3557 8540 13
3557 9682 5
3558 1819 11
3558 3559 21
3558 6196 9
3558 8831 22
3559 3560 11
3559 5470 12
3559 5711 12
3559 8515 16
3560 1330 11
3560 3561 18
3560 5844 12
3560 9253 7
3560 9688 3
3561 480 9
3561 3562 21
3561 3935 5
3561 4272 19
3561 5232 21
3561 7305 9
3562 938 14
3562 1800 6
3562 3563 1
3562 4266 2
3562 7398 11
3563 2749 19
3563 3564 8
3563 6772 12
3563 7835 3
3564 456 9
3564 854 13
3564 3244 4
3564 3565 23
3565 2922 3
3565 3566 5
3565 6629 1
3565 7902 6
3565 9457 12
3565 9898 19
3566 3567 23
3566 4405 20
3566 4437 17
3566 7623 19
3567 3568 15
3567 5004 5
3567 5394 15
3567 5731 2
3567 9465 20
3568 3375 10
3568 3569 20
3568 8289 8
3569 3134 17
3569 3570 21
3569 7800 1
3569 9293 3
3570 1539 6
3570 1716 22
3570 3571 8
3570 7245 7
3571 3572 4
3571 3610 2
3571 8503 21
3571 9028 1
3572 3573 5
3572 8782 5
3573 861 2
3573 1826 9
3573 3139 13
3573 3244 12
3573 3442 13
3573 3574 7
3573 4365 4
3573 9347 1
3574 2733 6
3574 3130 10
3574 3575 12
3574 6568 3
3574 8644 23
3574 9013 15
3575 2560 23
3575 3576 9
3575 6982 8
3575 8248 8
3576 1208 18
3576 2298 10
3576 3577 1
3576 4010 18
3577 1389 5
3577 3578 4
3577 6140 22
3577 7415 19
3578 264 7
3578 3579 18
3578 8026 3
3578 8765 18
3579 1085 8
3579 2797 14
3579 3580 3
3579 7638 17
3580 1118 22
3580 3581 22
3580 8950 20
3581 333 11
3581 3582 13
3581 4602 15
3581 7889 21
3582 2610 23
3582 3583 9
3582 4408 19
3582 4881 21
3582 7259 2
3582 9929 22
3583 3584 5
3583 3917 11
3583 6343 11
3583 7089 2
3583 7878 5
3584 190 7
3584 3585 7
3584 7899 14
3585 1921 23
3585 2553 13
3585 2753 11
3585 3586 20
3586 534 4
3586 2288 10
3586 3587 2
3586 5852 23
3586 7325 3
3586 8992 2
3586 9727 15
3587 1062 16
3587 3145 5
3587 3588 15
3587 4880 12
3587 9252 15
3588 1128 13
3588 3589 13
3588 8863 3
3589 2236 21
3589 3590 18
3589 5991 5
3589 7749 6
3590 1174 23
3590 3591 14
3590 6851 15
3590 6932 3
3591 97 11
3591 1885 19
3591 2708 21
3591 3592 8
3591 4266 15
3591 6779 17
3591 7059 20
3591 9136 22
3592 2064 9
3592 3593 9
3592 5916 10
3592 6313 10
3592 7201 4
3593 209 18
3593 1973 11
3593 3594 17
3593 5260 20
3594 988 8
3594 3595 10
3594 6412 3
3595 3596 23
3595 8440 18
3596 3597 2
3596 7227 19
3596 7937 18
3596 9188 6
3597 990 9
3597 1329 22
3597 2037 6
3597 3598 21
3598 1856 7
3598 3132 11
3598 3599 5
3598 9920 20
3599 210 8
3599 710 7
3599 1008 16
3599 2183 15
3599 3600 21
3599 6645 14
3600 3601 4
3600 5731 12
3600 6094 5
3601 156 7
3601 655 8
3601 845 19
3601 3100 5
3601 3602 20
3601 3745 14
3601 5710 6
3601 8650 22
3602 2170 15
3602 3603 19
3603 3604 2
3603 4333 6
3603 4370 20
3604 1658 14
3604 3605 9
3604 5898 2
3604 6573 22
3604 7908 5
3605 3606 13
3605 3983 9
3605 8813 18
3606 3218 12
3606 3607 17
3606 4014 14
3606 4837 12
3606 6001 7
3606 8357 2
3606 8549 9
3607 1274 21
3607 3377 1
3607 3608 19
3607 6627 9
3607 8190 8
3608 474 6
3608 576 2
3608 3086 19
3608 3609 11
3608 5556 17
3608 9427 11
3609 3610 17
3609 9756 1
3610 209 8
3610 3611 7
3610 4637 18
3611 3612 17
3611 7068 20
3612 109 12
3612 291 6
3612 2027 5
3612 2607 2
3612 3613 5
3612 6697 9
3612 6803 16
3612 9060 21
3613 3614 7
3613 6214 7
3613 6302 5
3613 7359 4
3613 9106 10
3614 523 10
3614 2131 8
3614 2554 17
3614 3275 17
3614 3615 10
3614 6922 22
3614 8337 11
3614 8447 23
3615 291 6
3615 3616 23
3615 4572 11
3615 7763 20
3616 448 3
3616 1913 21
3616 3245 19
3616 3617 11
3616 5591 19
3617 747 12
3617 2854 3
3617 3618 1
3617 9648 11
3617 9678 16
3618 2506 18
3618 3619 13
3618 9194 15
3618 9492 8
3619 671 15
3619 2329 10
3619 3620 3
3619 4101 22
3619 6090 1
3619 9026 4
3620 3235 10
3620 3621 11
3620 3939 12
3620 6130 15
3621 489 2
3621 3541 15
3621 3622 7
3621 5630 21
3622 2312 17
3622 3623 3
3622 8710 21
3623 3624 11
3623 5700 11
3623 6256 23
3624 2031 22
3624 3625 6
3624 5391 16
3624 5605 19
3625 3116 21
3625 3626 5
3625 9467 9
3625 9709 16
3626 1010 20
3626 2377 7
3626 3627 17
3626 4444 1
3626 7108 3
3626 8147 15
3626 8395 9
3626 9503 19
3627 3138 22
3627 3628 8
3627 6590 12
3627 7669 19
3627 8792 10
3628 168 12
3628 2110 10
3628 2790 23
3628 3532 9
3628 3629 13
3628 4501 22
3628 4798 11
3628 5806 16
3629 1839 23
3629 3630 3
3629 4454 2
3629 4595 13
3629 8365 5
3629 8865 16
3629 9626 8
3630 1291 15
3630 3076 13
3630 3631 11
3630 4254 22
3630 5087 22
3630 7749 3
3631 702 8
3631 1000 2
3631 2241 6
3631 3632 8
3632 3370 11
3632 3633 20
3632 8205 19
3632 9936 21
3633 980 4
3633 3634 23
3633 5211 18
3633 5569 16
3633 9047 6
3634 1239 2
3634 3635 4
3635 1935 3
3635 3283 19
3635 3636 7
3635 4679 22
3635 9504 17
3636 1833 4
3636 3637 21
3636 4792 10
3636 6031 22
3636 9256 2
3637 143 13
3637 1157 9
3637 3565 7
3637 3638 12
3637 5980 23
3637 7395 14
3637 7797 23
3638 311 23
3638 3368 14
3638 3639 23
3638 4442 11
3638 5018 2
3639 699 11
3639 1645 6
3639 3444 20
3639 3640 5
3639 4673 19
3640 2163 22
3640 3641 21
3640 4780 1
3641 3642 17
3641 8890 22
3641 8906 4
3642 944 8
3642 3643 16
3642 5764 18
3642 5979 4
3642 7416 13
3642 7480 17
3643 1410 3
3643 3644 20
3643 4314 7
3643 6478 15
3643 9485 15
3644 810 2
3644 1647 16
3644 3645 17
3644 8387 5
3645 1351 21
3645 2431 5
3645 3646 3
3646 567 10
3646 1432 16
3646 3647 1
3646 4344 6
3646 7455 20
3646 9510 14
3647 1527 13
3647 3616 4
3647 3648 23
3647 4613 4
3647 8887 6
3648 3520 12
3648 3649 12
3648 9720 11
3649 957 21
3649 3093 12
3649 3650 6
3649 6635 22
3649 7452 11
3649 9276 12
3650 3651 10
3650 8697 9
3651 642 7
3651 3652 9
3651 5284 22
3651 7152 9
3651 9126 11
3652 2037 6
3652 3526 9
3652 3653 22
3652 5981 5
3653 3654 21
3653 5497 6
3654 2642 12
3654 3655 8
3655 269 23
3655 2193 21
3655 3656 2
3655 6440 22
3655 7294 15
3655 7448 10
3656 3657 15
3656 4014 11
3657 1081 18
3657 2411 5
3657 3658 4
3657 5368 14
3657 8462 10
3658 3659 20
3658 5669 16
3658 6576 8
3659 3486 16
3659 3660 9
3660 387 19
3660 676 12
3660 2143 9
3660 3661 8
3660 6011 16
3660 7671 10
3660 9954 18
3661 2341 4
3661 3662 7
3661 3949 12
3661 6845 20
3661 6880 3
3662 3663 20
3662 3762 19
3662 8593 13
3663 2414 11
3663 3664 12
3663 4614 17
3663 5183 1
3663 5315 20
3663 5624 6
3663 6430 20
3663 6620 9
3663 7199 7
3663 7894 11
3664 1590 17
3664 1889 9
3664 3665 10
3664 5376 14
3664 6412 22
3664 9268 9
3665 256 1
3665 1577 21
3665 3666 22
3665 8529 1
3665 8997 12
3666 5 16
3666 3667 10
3666 4452 17
3666 8222 13
3667 161 22
3667 2256 9
3667 3668 16
3667 7358 21
3667 8685 16
3667 9999 23
3668 3669 9
3669 3670 9
3669 5927 9
3669 8899 17
3669 9649 10
3670 1558 14
3670 2255 10
3670 3671 23
3670 4359 17
3670 6069 2
3670 9613 3
3671 3672 10
3672 902 8
3672 1747 2
3672 1969 10
3672 3673 10
3672 5176 9
3672 7413 18
3672 9306 2
3673 207 17
3673 1960 19
3673 2017 22
3673 3674 4
3673 8574 17
3674 3675 1
3674 7714 15
3674 8186 23
3675 2425 17
3675 3676 5
3675 4180 20
3675 6044 19
3675 7584 13
3675 8555 19
3675 8938 19
3675 9414 13
3676 3064 7
3676 3677 4
3676 3980 7
3676 8524 11
3676 9096 10
3676 9360 2
3677 3004 2
3677 3432 14
3677 3678 19
3678 288 19
3678 997 3
3678 3679 23
3678 5390 23
3678 6466 7
3679 378 19
3679 3680 6
3679 4451 15
3679 6934 14
3679 7416 21
3679 8172 6
3680 1469 6
3680 2214 1
3680 3681 11
3680 5091 22
3680 9219 12
3681 3028 22
3681 3532 8
3681 3682 18
3681 3867 4
3681 5608 19
3681 6113 8
3681 8988 21
3682 2189 22
3682 2203 16
3682 2436 14
3682 2565 13
3682 3683 20
3682 4960 15
3682 5069 12
3683 1680 2
3683 3684 14
3683 5514 20
3683 6290 15
3683 9365 15
3684 436 19
3684 977 17
3684 3048 5
3684 3685 10
3684 3854 3
3684 5291 20
3684 7768 22
3684 8462 22
3684 8913 13
3684 9079 23
3684 9224 5
3685 1572 10
3685 2566 8
3685 3686 21
3685 9574 15
3686 801 21
3686 3687 22
3686 5414 22
3686 5804 4
3687 2183 6
3687 3688 10
3687 5693 17
3687 9704 6
3688 847 3
3688 2793 11
3688 3689 19
3688 3926 6
3688 6097 6
3688 7623 1
3689 213 22
3689 1152 15
3689 2378 15
3689 3690 9
3689 4609 20
3689 5888 19
3689 7379 1
3689 8914 9
3689 9029 22
3690 138 9
3690 2402 15
3690 3691 15
3690 5903 6
3690 7498 20
3691 1096 12
3691 1577 14
3691 3692 13
3692 882 23
3692 3693 22
3692 7041 3
3693 3694 8
3693 9071 21
3694 1558 9
3694 3695 16
3694 8173 14
3695 3081 20
3695 3696 18
3695 5381 7
3695 6005 10
3695 9245 2
3696 3697 22
3696 7813 5
3696 8630 9
3697 1829 22
3697 1864 21
3697 2334 16
3697 2346 4
3697 3698 11
3698 1138 23
3698 3699 4
3698 5335 4
3698 5807 19
3698 6100 4
3698 7101 5
3698 8763 15
3698 9657 15
3698 9811 22
3699 1631 21
3699 3220 11
3699 3700 20
3699 4423 10
3699 5963 22
3699 6464 3
3699 9482 10
3700 451 15
3700 625 2
3700 2070 8
3700 3701 14
3700 5058 7
3700 5673 14
3700 9091 8
3701 1075 1
3701 3081 16
3701 3569 9
3701 3702 3
3701 5768 7
3701 5900 5
3701 6809 14
3701 7848 2
3701 7998 9
3701 8003 22
3701 8287 2
3702 1502 10
3702 3703 23
3702 4532 19
3702 6390 6
3702 7940 23
3703 1260 9
3703 3704 3
3703 6677 22
3704 271 14
3704 3705 21
3704 4514 16
3705 1352 1
3705 1365 16
3705 3706 19
3705 9807 23
3705 9924 14
3706 3707 17
3706 5001 4
3707 3708 3
3707 5465 12
3707 7548 15
3708 2394 14
3708 3709 17
3708 5025 16
3708 5860 23
3709 2393 4
3709 3710 3
3709 5122 17
3709 8190 6
3710 1325 1
3710 2263 8
3710 3711 23
3710 8613 14
3711 3616 11
3711 3712 7
3711 4588 16
3711 5539 1
3712 524 22
3712 1378 8
3712 2511 13
3712 3000 16
3712 3713 13
3712 9312 9
3713 3714 8
3713 8883 8
3713 9222 21
3714 764 21
3714 1120 9
3714 3159 17
3714 3186 15
3714 3715 13
3715 1150 15
3715 3716 18
3715 7579 18
3715 8817 5
3716 20 2
3716 2778 20
3716 3455 8
3716 3717 20
3717 732 16
3717 836 15
3717 1671 18
3717 2637 8
3717 3718 2
3717 7659 4
3717 8281 2
3718 1876 10
3718 3719 17
3718 4074 18
3718 6519 3
3718 6655 9
3719 3720 23
3719 5919 16
3719 6256 3
3720 2119 18
3720 3721 3
3720 4285 23
3720 7737 4
3721 3722 8
3721 4661 10
3721 7381 14
3722 1498 5
3722 3152 7
3722 3293 2
3722 3723 16
3722 4646 2
3723 1010 9
3723 3724 2
3724 1058 17
3724 1414 17
3724 3725 12
3724 6374 4
3724 7792 19
3724 7818 10
3724 7847 15
3724 9472 8
3725 2075 20
3725 3507 10
3725 3726 10
3725 9783 16
3726 203 12
3726 1496 6
3726 3727 21
3726 4322 3
3727 2508 3
3727 2549 12
3727 3728 10
3727 4491 17
3727 4970 19
3727 5160 11
3727 5982 16
3727 6525 13
3727 6975 20
3727 7430 1
3728 3729 11
3728 4404 6
3728 8558 14
3728 9846 15
3729 1098 3
3729 2068 1
3729 3730 8
3729 9144 11
3729 9735 5
3730 992 11
3730 3731 5
3730 6001 17
3730 7693 6
3731 2931 15
3731 3732 23
3731 8380 7
3732 740 16
3732 1601 22
3732 1604 3
3732 3733 19
3732 4111 13
3733 1772 1
3733 2153 11
3733 3734 1
3733 6230 10
3734 68 12
3734 566 14
3734 898 15
3734 1023 8
3734 3205 13
3734 3735 8
3734 6395 19
3734 9997 7
3735 49 22
3735 1995 18
3735 2805 1
3735 3736 13
3736 192 20
3736 2729 15
3736 3360 13
3736 3737 15
3737 1833 7
3737 2352 22
3737 3093 20
3737 3738 9
3737 5737 9
3737 6208 11
3737 9778 4
3738 501 8
3738 751 17
3738 791 4
3738 3739 19
3738 5152 2
3738 5295 11
3738 6101 19
3739 2104 16
3739 2258 14
3739 3740 12
3740 1044 18
3740 3741 23
3740 5521 6
3740 7861 20
3740 8791 3
3740 9541 21
3741 2538 20
3741 3742 21
3741 5171 7
3741 7125 1
3741 8399 18
3742 3743 12
3742 4518 13
3742 7621 16
3742 8771 18
3742 9722 1
3743 119 17
3743 238 12
3743 2591 23
3743 3181 11
3743 3744 13
3743 8756 17
3744 2718 14
3744 3745 3
3745 119 8
3745 597 2
3745 3746 2
3746 1758 8
3746 3406 21
3746 3747 18
3746 4009 18
3746 7798 11
3747 216 23
3747 2464 16
3747 3748 8
3747 4610 8
3747 4615 13
3747 4915 9
3747 5633 20
3748 1258 15
3748 1377 22
3748 3258 14
3748 3735 19
3748 3749 9
3748 4663 20
3748 5146 8
3748 6025 11
3748 7415 2
3748 8642 13
3748 9286 16
3748 9740 2
3748 9773 7
3749 955 17
3749 1909 20
3749 3480 3
3749 3750 22
3749 4725 16
3749 7557 17
3750 544 5
3750 1562 18
3750 3751 23
3750 3832 14
3750 8859 19
3751 3752 18
3751 3838 12
3751 8175 3
3752 850 19
3752 3753 4
3752 5405 5
3752 5557 23
3752 9048 21
3752 9913 7
3753 530 7
3753 1176 21
3753 1594 17
3753 3754 4
3753 7591 8
3753 7976 22
3754 2191 21
3754 3755 20
3755 3756 14
3755 8074 12
3756 90 13
3756 1189 19
3756 3483 17
3756 3757 17
3756 5007 17
3756 7608 1
3757 1153 4
3757 2048 8
3757 3758 14
3757 4999 23
3758 644 23
3758 2194 22
3758 3759 16
3759 3760 4
3759 7363 20
3760 3761 3
3760 4552 19
3761 1295 5
3761 3762 1
3761 7501 2
3761 9823 8
3762 817 2
3762 3763 9
3762 4936 13
3763 3764 7
3763 5594 4
3763 8233 8
3764 299 6
3764 1644 20
3764 3145 18
3764 3352 11
3764 3765 14
3764 9314 22
3765 96 2
3765 294 22
3765 1361 17
3765 3557 14
3765 3766 15
3765 5621 3
3766 109 23
3766 1571 18
3766 2621 13
3766 3767 18
3766 4261 4
3766 4796 2
3766 8108 10
3767 2729 14
3767 3196 1
3767 3768 16
3767 5817 16
3768 3207 11
3768 3769 11
3769 249 21
3769 771 19
3769 1214 1
3769 3627 18
3769 3770 10
3769 6840 5
3769 7144 21
3769 8695 12
3770 3265 2
3770 3771 8
3770 9284 12
3770 9464 8
3771 3772 23
3771 4525 21
3771 8403 14
3772 265 5
3772 892 10
3772 1823 12
3772 2816 6
3772 3773 15
3772 5467 23
3772 8221 23
3773 394 1
3773 3774 9
3773 5156 14
3773 6124 3
3773 7523 1
3773 9256 5
3773 9930 19
3774 721 4
3774 1131 15
3774 3775 22
3774 4090 3
3774 5319 3
3774 6180 11
3774 6386 7
3774 8581 3
3774 9136 21
3775 2396 6
3775 3776 3
3775 8507 17
3776 36 16
3776 1219 12
3776 3742 21
3776 3777 11
3776 6117 9
3777 103 16
3777 1989 7
3777 2431 21
3777 3778 16
3777 6139 19
3777 8867 17
3778 1171 16
3778 3779 6
3778 9161 21
3778 9944 22
3779 106 17
3779 3164 14
3779 3780 14
3779 5303 17
3779 8293 17
3779 8339 22
3779 9299 13
3780 3781 23
3780 6082 22
3780 7306 22
3780 8120 1
3780 9575 9
3781 3782 7
3781 7902 20
3782 509 13
3782 1288 10
3782 2988 21
3782 3525 14
3782 3783 10
3783 2533 17
3783 2956 8
3783 3784 20
3783 4581 7
3784 2231 14
3784 2443 6
3784 3785 23
3784 4352 19
3784 4796 22
3784 6303 10
3785 346 15
3785 441 1
3785 1372 17
3785 2044 1
3785 3083 20
3785 3786 20
3786 668 19
3786 858 17
3786 1089 14
3786 2565 14
3786 3787 11
3786 6849 12
3786 8609 10
3786 8966 3
3787 2692 1
3787 3788 8
3787 4586 9
3787 9059 21
3788 3789 18
3788 6043 1
3788 9881 1
3789 3790 11
3789 8257 5
3790 980 19
3790 1756 20
3790 3195 21
3790 3791 16
3790 6190 3
3791 915 4
3791 2824 20
3791 3792 5
3791 4633 18
3792 3383 10
3792 3793 15
3792 4958 19
3792 6790 3
3793 3794 23
3793 4506 3
3794 93 1
3794 1175 6
3794 1378 12
3794 1798 13
3794 3795 11
3794 6305 7
3795 340 7
3795 2042 8
3795 2298 14
3795 3796 19
3795 5586 9
3796 315 11
3796 3797 13
3796 4035 21
3796 7284 19
3796 8253 7
3797 446 7
3797 2623 4
3797 3798 12
3797 4024 4
3797 6013 6
3797 6332 12
3797 6670 1
3797 8580 22
3798 1641 2
3798 3799 20
3798 7421 7
3798 9190 7
3799 381 17
3799 433 18
3799 3800 13
3799 5166 3
3799 5668 16
3799 6491 11
3800 526 7
3800 3253 16
3800 3801 15
3800 6244 6
3800 7207 12
3801 2054 15
3801 3802 12
3801 3822 15
3801 7718 16
3801 9219 3
3802 181 22
3802 601 14
3802 3803 11
3802 4067 7
3802 6102 23
3802 7752 13
3803 2107 23
3803 2850 19
3803 3804 12
3803 5505 15
3804 1539 16
3804 1985 22
3804 2734 12
3804 3805 2
3804 4113 22
3804 4676 2
3804 9060 23
3805 3806 12
3805 4209 20
3805 9017 1
3805 9110 7
3806 1734 13
3806 2095 22
3806 3807 11
3806 8209 12
3806 9008 3
3807 3808 16
3807 4115 19
3807 8305 2
3808 2824 3
3808 2977 3
3808 3656 5
3808 3809 23
3808 4062 3
3808 7184 8
3809 3317 12
3809 3810 8
3809 5266 7
3809 7861 13
3810 3811 9
3810 4166 19
3810 4355 20
3811 810 17
3811 3812 15
3811 4233 7
3811 6248 18
3811 6544 23
3812 87 11
3812 3624 12
3812 3813 8
3812 9713 11
3813 394 21
3813 418 19
3813 3814 15
3813 3852 5
3813 8568 13
3814 2145 16
3814 3815 9
3814 5754 21
3814 9320 8
3815 3816 4
3815 5991 21
3815 6853 13
3816 510 20
3816 862 6
3816 2167 9
3816 3307 15
3816 3817 1
3816 9348 9
3817 145 19
3817 821 7
3817 1175 3
3817 3818 20
3817 7327 9
3817 7409 6
3818 534 19
3818 1451 8
3818 1520 7
3818 3819 6
3818 4022 17
3818 4728 2
3819 2334 14
3819 3820 23
3820 310 16
3820 1710 7
3820 3821 12
3820 3902 18
3820 8060 15
3820 9491 9
3820 9507 7
3820 9594 5
3821 131 13
3821 3822 10
3821 4376 10
3821 7942 21
3821 9938 23
3822 1808 8
3822 3823 15
3822 5241 8
3822 5717 18
3823 3471 21
3823 3824 15
3823 4481 14
3823 5627 17
3823 7501 23
3823 9669 3
3824 3 14
3824 871 17
3824 2222 9
3824 3825 18
3824 6142 1
3824 6404 12
3825 118 8
3825 541 13
3825 595 17
3825 2635 15
3825 3826 17
3825 5140 10
3825 6399 2
3826 305 22
3826 714 15
3826 3827 14
3826 5628 13
3827 3828 20
3827 3903 19
3827 7451 19
3827 9998 17
3828 1377 14
3828 3356 23
3828 3829 22
3829 3666 2
3829 3830 14
3830 2507 22
3830 2719 10
3830 3831 13
3830 4665 8
3830 4727 22
3830 7080 17
3830 8131 19
3831 956 17
3831 1915 3
3831 3832 3
3831 5372 13
3832 886 16
3832 3833 6
3832 5728 10
3832 7957 9
3832 8194 14
3832 8715 1
3833 923 9
3833 3834 5
3833 4012 17
3833 4885 8
3833 5872 9
3833 6747 12
3834 1967 9
3834 2176 15
3834 2878 10
3834 3835 8
3835 3836 2
3835 5641 6
3835 7286 11
3836 2889 21
3836 3837 1
3836 3925 14
3837 2236 21
3837 2774 6
3837 2890 15
3837 3838 4
3837 5519 17
3837 9621 2
3838 598 17
3838 1204 16
3838 3839 10
3838 3877 3
3839 3840 17
3839 5287 9
3839 6553 14
3839 8530 13
3839 9945 17
3840 692 9
3840 861 21
3840 3841 7
3840 7070 18
3840 9515 6
3840 9891 21
3841 3842 17
3841 4993 2
3841 5813 6
3842 240 23
3842 3843 16
3842 4488 17
3842 8125 2
3843 3402 20
3843 3844 18
3843 6870 19
3843 7714 2
3843 8670 6
3844 941 14
3844 3845 19
3844 3955 15
3845 732 17
3845 3846 3
3846 1226 20
3846 2004 3
3846 3847 23
3846 7975 15
3846 9999 19
3847 630 18
3847 1438 5
3847 3848 1
3847 8250 17
3848 3849 17
3848 5409 3
3848 6119 19
3848 6622 19
3848 9970 23
3849 2574 4
3849 3821 2
3849 3850 1
3849 4763 23
3849 5215 23
3850 1439 9
3850 3851 17
3850 5315 8
3850 5485 10
3850 8809 3
3851 677 15
3851 3852 19
3851 7088 17
3851 7901 20
3852 247 5
3852 275 7
3852 910 13
3852 3853 17
3852 5337 6
3852 8563 5
3853 646 20
3853 1515 6
3853 3313 12
3853 3854 16
3853 6841 6
3853 8421 19
3853 9413 5
3854 3855 14
3854 5113 11
3854 5317 21
3854 9857 13
3855 626 1
3855 2005 8
3855 3856 22
3855 4032 16
3855 4905 13
3856 1056 2
3856 2028 19
3856 3857 7
3856 6099 23
3856 9520 2
3857 1611 1
3857 3858 4
3857 5002 16
3857 5576 3
3857 7272 11
3858 3002 4
3858 3859 11
3858 5436 6
3858 8036 2
3858 8951 5
3859 2108 3
3859 3860 22
3859 7877 11
3859 9521 20
3860 2253 11
3860 3861 16
3860 5002 1
3860 5169 13
3860 7877 1
3861 81 8
3861 3056 11
3861 3282 5
3861 3862 15
3861 6741 22
3862 1504 21
3862 1600 16
3862 2175 17
3862 3863 6
3862 3976 14
3862 5403 11
3862 7884 13
3863 1036 13
3863 1758 4
3863 3864 21
3864 3308 5
3864 3865 5
3864 6320 9
3865 712 12
3865 3866 10
3865 5669 21
3865 9233 15
3866 166 11
3866 1490 9
3866 1980 17
3866 3867 18
3866 6056 3
3866 7786 6
3867 3868 9
3867 3877 16
3868 157 22
3868 209 19
3868 2564 6
3868 3869 15
3868 5103 18
3868 9261 16
3869 2912 8
3869 3870 3
3869 4326 23
3869 4616 20
3869 7466 1
3869 8494 12
3869 9528 15
3870 185 4
3870 395 10
3870 3871 16
3870 4378 3
3870 9639 14
3870 9972 22
3871 172 1
3871 1436 20
3871 3872 14
3871 5863 9
3871 6951 23
3871 7870 19
3871 9835 10
3872 3873 9
3872 9669 18
3873 3874 16
3873 9238 8
3874 573 19
3874 2088 23
3874 3875 11
3874 6543 1
3874 8062 13
3874 8483 2
3875 69 8
3875 2054 4
3875 3876 21
3875 4212 11
3875 5923 11
3875 7085 11
3875 7482 8
3876 1418 14
3876 3877 12
3876 6957 23
3877 379 15
3877 870 18
3877 1996 12
3877 2533 17
3877 3878 16
3877 7403 3
3878 9 23
3878 1556 14
3878 1653 16
3878 3879 23
3878 5197 13
3878 5966 20
3878 8210 5
3878 9915 8
3879 816 12
3879 3880 5
3879 4286 2
3880 3695 9
3880 3881 21
3880 3952 1
3880 7842 16
3881 2111 5
3881 3638 22
3881 3882 23
3881 4839 12
3881 5741 19
3881 8234 5
3882 1427 16
3882 3883 19
3882 4329 21
3882 5012 6
3882 9028 18
3882 9600 5
3882 9632 11
3883 13 5
3883 439 7
3883 1185 12
3883 3884 9
3883 5703 23
3884 551 12
3884 2666 21
3884 3264 6
3884 3885 1
3884 9085 4
3885 242 7
3885 390 2
3885 627 11
3885 1190 20
3885 3886 7
3885 7344 8
3885 8978 7
3886 1871 3
3886 3887 10
3886 9376 18
3886 9441 18
3887 542 12
3887 1342 4
3887 3888 11
3887 4320 18
3887 4739 14
3887 5409 1
3887 8877 14
3888 1983 11
3888 3889 19
3888 6422 1
3888 6538 9
3888 6929 19
3888 7999 10
3888 9513 9
3889 3890 23
3889 5651 3
3889 5666 3
3889 7661 13
3890 193 15
3890 256 17
3890 2538 16
3890 3891 20
3890 4042 6
3891 3892 23
3891 6710 5
3891 8232 6
3891 8323 10
3892 1627 21
3892 1750 17
3892 2153 4
3892 3893 7
3892 5373 1
3892 6152 16
3892 9460 6
3893 3894 7
3893 6853 9
3894 405 9
3894 1327 11
3894 3895 11
3895 352 19
3895 1301 21
3895 3896 7
3895 4006 6
3895 4786 14
3896 574 13
3896 1026 23
3896 3897 16
3896 5467 18
3897 2711 3
3897 3898 6
3897 4327 18
3897 7519 6
3897 8106 7
3898 580 3
3898 1486 13
3898 1694 8
3898 2163 7
3898 2535 1
3898 2681 11
3898 2813 15
3898 3147 19
3898 3899 21
3898 5812 12
3899 1272 7
3899 2095 14
3899 3900 23
3899 4417 15
3899 9895 3
3900 520 7
3900 2452 19
3900 2727 14
3900 3901 12
3900 6149 2
3901 1230 3
3901 3902 18
3902 3903 11
3902 5570 13
3902 7634 10
3903 2142 16
3903 3904 23
3903 4861 16
3903 5753 18
3903 9422 8
3903 9667 13
3904 70 7
3904 3905 6
3904 3988 6
3904 7479 15
3904 7553 23
3905 2179 8
3905 3906 7
3906 954 16
3906 1668 6
3906 3907 11
3906 5646 16
3906 6707 18
3906 7472 7
3906 7771 14
3907 3908 2
3907 5399 19
3907 6090 3
3908 946 21
3908 3909 4
3908 4275 18
3908 4486 18
3908 5457 21
3909 2016 17
3909 3910 4
3909 4378 14
3909 5369 22
3909 7791 17
3909 9257 10
3910 1572 13
3910 1668 6
3910 3911 21
3911 113 20
3911 3346 14
3911 3912 15
3911 8365 2
3912 341 1
3912 791 4
3912 1546 18
3912 1868 22
3912 3913 3
3912 4033 2
3912 5145 11
3912 5578 4
3912 5895 21
3912 6076 10
3912 6849 13
3912 7008 1
3912 7458 15
3913 233 21
3913 3119 13
3913 3914 17
3913 8804 14
3914 3915 10
3914 4183 17
3914 6391 17
3915 441 18
3915 3916 5
3915 7914 11
3916 3050 10
3916 3184 17
3916 3917 15
3916 3974 7
3917 226 21
3917 1529 7
3917 3918 22
3917 4220 21
3917 6115 16
3917 9531 7
3918 3919 16
3918 5578 5
3919 3920 22
3919 6175 23
3919 6796 9
3920 3921 8
3920 4225 1
3920 4372 2
3920 8596 18
3921 3408 14
3921 3922 18
3921 9484 16
3922 1819 10
3922 3923 17
3922 5471 4
3922 6187 18
3922 6739 19
3922 8590 1
3923 3744 2
3923 3913 1
3923 3924 6
3923 7048 11
3924 12 8
3924 1177 8
3924 1461 2
3924 3925 7
3924 5684 8
3924 8223 14
3924 8625 23
3925 257 10
3925 423 3
3925 3926 4
3926 3906 2
3926 3927 18
3926 6550 6
3927 3928 7
3927 8560 2
3928 3929 13
3928 5512 22
3929 530 22
3929 959 20
3929 3317 1
3929 3930 10
3929 7431 2
3929 8777 9
3929 9026 6
3929 9068 1
3930 322 13
3930 385 3
3930 392 20
3930 1726 8
3930 2040 19
3930 3793 1
3930 3931 5
3930 4026 6
3930 5135 2
3930 7907 23
3930 8381 2
3931 70 5
3931 3782 2
3931 3932 10
3932 1758 1
3932 3933 4
3932 5723 3
3932 6717 7
3932 9939 23
3933 274 12
3933 610 5
3933 3934 21
3933 5132 14
3933 6022 9
3933 6402 18
3934 3935 16
3934 7503 22
3934 8971 7
3935 157 9
3935 3097 7
3935 3936 7
3935 4317 6
3935 8034 14
3935 8089 4
3936 3937 20
3936 4198 14
3936 9237 8
3936 9418 15
3937 2563 4
3937 3938 13
3937 7353 16
3937 8257 2
3938 2389 13
3938 2427 15
3938 3286 10
3938 3939 23
3938 7488 15
3939 1800 6
3939 2338 9
3939 2759 5
3939 3940 9
3939 5908 16
3940 3941 17
3940 5604 3
3941 2407 14
3941 2580 9
3941 3942 18
3941 6188 20
3941 9458 9
3942 993 4
3942 1783 14
3942 3287 14
3942 3943 19
3942 8302 9
3943 2253 8
3943 2441 11
3943 3944 7
3944 3945 11
3945 706 19
3945 3358 6
3945 3946 13
3945 5357 10
3945 5629 3
3945 6594 19
3945 9945 10
3946 3947 17
3946 5535 19
3946 5886 11
3947 394 21
3947 2120 2
3947 3948 21
3948 1853 5
3948 3352 19
3948 3949 12
3948 4993 12
3948 7071 20
3948 8123 15
3949 123 10
3949 913 9
3949 1632 11
3949 3950 15
3949 4139 11
3949 5189 12
3949 7652 6
3949 9015 6
3950 1432 10
3950 1463 8
3950 1500 8
3950 2650 15
3950 3951 22
3950 5061 16
3950 5274 23
3951 523 5
3951 2121 6
3951 3952 10
3951 6647 20
3951 6819 2
3951 9494 5
3952 263 10
3952 2087 20
3952 3953 6
3952 4995 5
3953 2805 15
3953 3954 19
3953 5191 22
3953 6585 15
3953 7443 8
3954 996 18
3954 2102 22
3954 3955 8
3954 4359 2
3954 6441 2
3955 3956 16
3955 5192 9
3956 1078 23
3956 3957 22
3957 2634 17
3957 3958 2
3957 5655 12
3958 3959 20
3958 6652 17
3959 203 11
3959 1824 6
3959 1915 23
3959 3960 15
3959 9272 15
3959 9672 1
3959 9993 2
3960 139 6
3960 906 21
3960 927 17
3960 1611 16
3960 2018 8
3960 3961 10
3960 5433 1
3961 3962 11
3961 5632 20
3961 6347 3
3961 8679 13
3962 916 7
3962 1002 20
3962 1702 14
3962 1789 12
3962 3963 3
3962 4298 17
3962 4845 15
3962 6009 17
3962 9201 17
3963 2391 5
3963 2417 13
3963 3964 8
3963 4791 3
3964 189 22
3964 456 1
3964 2476 3
3964 3965 18
3964 4202 8
3965 2325 21
3965 3966 4
3965 7096 20
3965 9013 2
3966 1424 15
3966 3967 16
3967 1452 16
3967 2551 11
3967 3968 13
3967 4268 1
3967 6260 10
3967 7405 11
3968 1494 2
3968 1764 2
3968 3969 6
3968 4562 12
3968 5127 18
3968 5507 13
3968 6042 7
3968 8489 6
3969 532 18
3969 3913 9
3969 3970 9
3969 5064 1
3969 5198 6
3969 7494 14
3969 7537 13
3969 7987 22
3970 1994 10
3970 3971 7
3970 8316 19
3971 1497 10
3971 3972 18
3971 7382 13
3972 733 3
3972 2899 19
3972 3712 6
3972 3949 23
3972 3973 19
3972 6250 15
3972 7466 12
3973 207 13
3973 475 4
3973 3483 6
3973 3974 7
3973 4838 11
3974 464 17
3974 1828 10
3974 3975 15
3974 4000 12
3974 5618 11
3974 8907 22
3975 1927 7
3975 2148 21
3975 3976 20
3975 4415 18
3975 5076 7
3975 7661 8
3975 8096 7
3976 712 16
3976 1173 11
3976 3504 5
3976 3977 18
3976 6091 12
3976 7256 22
3976 9142 21
3977 367 8
3977 943 22
3977 1382 22
3977 3978 13
3978 233 11
3978 2092 19
3978 2162 19
3978 3521 2
3978 3979 8
3978 4584 20
3978 6635 3
3979 3980 12
3979 3982 12
3979 6564 20
3980 1171 12
3980 2119 21
3980 3981 14
3980 6697 13
3980 6932 17
3981 1606 5
3981 2332 3
3981 3982 7
3981 4649 15
3981 4703 12
3982 1588 12
3982 3983 23
3982 7639 13
3982 9108 1
3983 166 11
3983 1896 7
3983 3984 4
3983 4893 10
3983 7243 9
3983 8677 11
3984 3985 6
3984 5499 20
3985 823 14
3985 3986 7
3985 5949 9
3985 9665 16
3986 273 9
3986 928 21
3986 2306 4
3986 3987 8
3986 4928 11
3986 7105 8
3987 20 13
3987 3988 10
3988 2557 22
3988 3989 7
3988 9427 17
3989 86 10
3989 284 18
3989 3990 14
3989 5249 18
3990 122 10
3990 1662 16
3990 3243 18
3990 3991 13
3990 5418 4
3990 6511 12
3991 3992 5
3991 4507 12
3992 1338 18
3992 2578 9
3992 3341 18
3992 3382 18
3992 3395 23
3992 3993 15
3992 4828 4
3992 8386 18
3993 1716 20
3993 2175 1
3993 2579 4
3993 3994 18
3993 4415 6
3993 7976 10
3994 387 22
3994 1977 18
3994 3995 3
3994 5606 5
3994 5874 3
3994 7736 17
3995 762 23
3995 1635 19
3995 3856 21
3995 3996 10
3995 5900 20
3995 9766 2
3996 2720 23
3996 3997 13
3996 7440 12
3997 982 20
3997 1714 4
3997 3998 10
3997 6744 3
3998 85 17
3998 3754 2
3998 3999 18
3998 4115 11
3999 1803 16
3999 2605 13
3999 3207 17
3999 4000 4
3999 8263 18
4000 133 21
4000 535 13
4000 1066 6
4000 1798 7
4000 2642 10
4000 4001 1
4000 5843 16
4000 7324 23
4000 7760 11
4001 1380 2
4001 1601 5
4001 1736 6
4001 4002 17
4002 445 18
4002 894 7
4002 1052 3
4002 4003 2
4002 4132 5
4003 739 9
4003 4004 5
4003 5028 21
4003 6384 9
4003 7651 12
4004 2445 21
4004 4005 17
4004 6502 11
4005 4006 4
4005 5357 20
4005 6855 11
4006 144 1
4006 2136 13
4006 4007 2
4006 4857 17
4007 1727 15
4007 4008 12
4007 7321 6
4007 8436 17
4007 9267 10
4007 9313 6
4008 2937 9
4008 4009 12
4008 4312 10
4008 7370 2
4009 4010 10
4010 4011 17
4010 4759 21
4011 1333 12
4011 2102 19
4011 2299 15
4011 4012 22
4011 5866 15
4012 3474 2
4012 4013 11
4012 4435 12
4012 6347 17
4012 7104 22
4012 7259 8
4012 9302 12
4013 46 2
4013 4014 12
4013 9008 23
4013 9734 3
4014 4015 13
4014 7976 18
4014 9812 10
4015 44 1
4015 416 22
4015 3560 6
4015 4016 10
4016 766 20
4016 1926 18
4016 3647 1
4016 4017 19
4016 5062 16
4016 5789 20
4016 9274 9
4017 781 8
4017 3555 16
4017 4018 2
4017 4561 2
4017 8315 6
4017 9014 16
4017 9554 11
4018 2932 22
4018 4019 3
4019 1501 17
4019 2158 17
4019 4020 10
4019 6062 12
4020 731 15
4020 1709 9
4020 4021 12
4021 4022 13
4021 8985 15
4022 3749 23
4022 3981 9
4022 4023 20
4022 5689 21
4022 7008 14
4022 8200 21
4023 514 3
4023 1439 17
4023 2203 15
4023 2557 16
4023 4024 5
4023 4323 6
4023 4949 1
4023 9190 5
4023 9589 12
4024 4025 14
4024 8453 15
4024 9727 3
4025 218 8
4025 437 9
4025 4026 20
4025 7379 9
4025 8817 20
4026 121 11
4026 3065 9
4026 4027 2
4026 5453 5
4026 5578 3
4027 601 6
4027 4028 8
4028 4029 3
4028 4393 1
4028 7114 20
4028 7615 19
4028 9494 15
4029 974 4
4029 2704 4
4029 2748 20
4029 4030 3
4029 7242 9
4029 8001 7
4030 4031 4
4030 8732 11
4031 1300 10
4031 2355 9
4031 4032 23
4031 4193 12
4031 7035 21
4032 2764 18
4032 4033 15
4033 428 2
4033 4034 8
4034 539 4
4034 4035 14
4034 5606 2
4034 7722 22
4035 775 14
4035 2637 19
4035 3912 8
4035 4036 7
4035 4850 2
4035 5083 14
4036 660 1
4036 3373 13
4036 4037 6
4036 4449 20
4036 6184 20
4036 7881 3
4036 8453 16
4037 646 23
4037 2276 15
4037 3358 5
4037 3399 7
4037 4038 3
4037 4391 11
4037 5463 14
4037 7602 6
4038 4039 11
4038 7334 11
4038 8897 4
4039 4040 20
4039 7666 15
4040 1231 19
4040 1456 10
4040 1651 1
4040 2462 19
4040 4041 1
4040 6186 19
4040 9155 19
4040 9630 1
4041 2425 5
4041 4042 6
4041 9682 12
4042 1295 8
4042 4043 4
4042 6499 9
4043 357 18
4043 1304 21
4043 2203 15
4043 3263 2
4043 4044 16
4044 4045 9
4044 6650 21
4044 8228 22
4045 11 9
4045 242 11
4045 1424 8
4045 4046 12
4045 5521 17
4045 6269 5
4046 1332 12
4046 1480 6
4046 2621 17
4046 4047 8
4046 5315 6
4046 6052 9
4046 6098 16
4046 7784 14
4047 1174 22
4047 2775 6
4047 4048 3
4047 9968 11
4048 2765 22
4048 4049 10
4048 4686 12
4048 5254 6
4048 6425 16
4048 6643 20
4049 4050 14
4049 9618 9
4050 1068 9
4050 2103 1
4050 2705 17
4050 4051 9
4050 5525 15
4051 1959 9
4051 2544 7
4051 4052 22
4051 7347 4
4052 4053 6
4052 5732 22
4052 7913 21
4053 615 23
4053 830 12
4053 2277 18
4053 2554 21
4053 4054 21
4053 7100 11
4054 3650 6
4054 4055 1
4054 9234 14
4055 1389 6
4055 4056 4
4055 6627 22
4056 1159 16
4056 1811 4
4056 4057 16
4056 4820 4
4057 367 23
4057 851 20
4057 1138 5
4057 4058 10
4057 4187 8
4057 5419 23
4057 7419 21
4057 8828 16
4058 419 21
4058 1556 22
4058 2885 13
4058 3292 9
4058 3590 12
4058 4059 4
4058 4727 4
4058 8415 19
4058 8838 22
4059 600 19
4059 2215 12
4059 2965 23
4059 4060 8
4059 6438 10
4060 942 12
4060 4061 13
4060 5396 12
4060 8429 3
4060 9571 5
4061 446 9
4061 1490 19
4061 1577 15
4061 2467 20
4061 4062 17
4062 876 4
4062 1422 11
4062 4063 2
4062 6414 12
4063 4064 18
4063 4481 8
4063 6476 15
4063 7702 1
4063 8593 16
4063 9185 19
4064 2851 14
4064 3573 9
4064 4065 9
4064 9967 12
4065 2232 11
4065 4066 16
4065 6925 6
4065 8960 12
4066 605 12
4066 1934 8
4066 4067 14
4066 9039 7
4066 9604 12
4067 41 7
4067 3152 23
4067 4068 17
4067 7757 4
4067 8554 2
4068 231 21
4068 488 23
4068 4069 18
4069 4070 3
4069 7308 12
4069 8573 3
4069 8917 20
4070 4071 10
4070 7870 21
4071 2478 18
4071 2697 22
4071 3121 12
4071 4072 13
4071 7807 4
4071 7964 17
4071 9328 17
4072 116 15
4072 1374 8
4072 2831 23
4072 4073 5
4072 6683 4
4073 548 22
4073 4074 16
4073 5975 8
4073 7339 4
4073 9984 10
4074 2175 5
4074 4075 13
4074 7759 1
4074 8362 21
4074 8988 4
4074 9691 16
4075 4076 16
4075 4844 23
4075 9060 10
4075 9497 19
4076 1622 23
4076 2155 3
4076 2408 5
4076 4077 18
4076 4425 1
4076 4741 9
4076 5751 17
4076 7642 11
4076 7782 8
4076 9669 18
4077 4078 13
4077 6819 9
4077 8375 3
4078 864 12
4078 4079 23
4078 5343 4
4078 6772 10
4079 4080 20
4079 9074 17
4080 868 5
4080 1130 7
4080 3508 16
4080 4081 4
4081 3314 16
4081 4082 4
4081 4397 21
4082 1118 7
4082 4083 11
4082 4127 19
4082 4906 12
4082 8794 20
4083 182 8
4083 972 15
4083 3372 14
4083 4084 9
4083 5213 23
4083 6501 9
4083 6946 7
4083 8390 4
4084 4085 4
4084 4871 22
4084 5707 5
4084 7811 8
4085 3415 4
4085 4086 20
4085 5798 21
4086 748 5
4086 4087 21
4086 6107 3
4086 6548 19
4086 7896 18
4087 2443 7
4087 2661 16
4087 4088 17
4087 8111 5
4087 8242 18
4088 4089 8
4088 8992 4
4088 9643 14
4089 4090 13
4089 8324 16
4089 9442 10
4090 1952 22
4090 2702 3
4090 3187 18
4090 4091 18
4090 5622 12
4090 8150 18
4090 8506 11
4091 2541 5
4091 4092 3
4092 1222 23
4092 4093 22
4092 6777 2
4092 6853 13
4092 9653 5
4092 9937 6
4093 2062 17
4093 2311 1
4093 2999 6
4093 4094 5
4093 6622 16
4094 191 8
4094 292 11
4094 2044 10
4094 4095 2
4094 8648 11
4095 950 20
4095 1198 11
4095 1722 9
4095 4096 15
4095 4137 20
4095 4499 2
4095 8011 22
4095 8653 5
4096 546 11
4096 4097 6
4096 8346 5
4097 4098 1
4097 4280 21
4097 6055 8
4097 9409 9
4098 2392 9
4098 4099 4
4098 5214 18
4098 9406 12
4099 2006 15
4099 4100 6
4099 4430 11
4100 4101 11
4100 8607 8
4101 1076 8
4101 4102 3
4101 7058 19
4101 7814 16
4101 7845 13
4102 3839 11
4102 4103 4
4102 4558 1
4102 5963 8
4102 6119 20
4103 4104 23
4103 5752 2
4103 6364 4
4103 9506 21
4104 4105 22
4104 4116 2
4104 5723 4
4104 5829 14
4104 7398 12
4104 7493 1
4104 8031 9
4104 9272 17
4105 937 5
4105 2836 4
4105 2926 4
4105 3133 8
4105 4106 22
4105 6313 23
4105 9722 19
4106 813 12
4106 2367 17
4106 3498 14
4106 4107 15
4106 4291 12
4106 4856 23
4106 7177 3
4106 8684 3
4107 1096 3
4107 2320 21
4107 3814 12
4107 4108 10
4107 4126 15
4107 4767 2
4107 6506 8
4108 3226 19
4108 4109 14
4108 7468 1
4109 42 8
4109 2651 13
4109 3641 5
4109 4110 22
4110 69 19
4110 1181 3
4110 3210 6
4110 3789 6
4110 4111 6
4110 8764 13
4111 136 13
4111 4112 20
4112 1817 19
4112 2620 17
4112 4113 11
4112 4169 4
4112 4281 3
4112 6746 22
4112 9514 2
4113 2709 8
4113 4114 23
4113 6056 8
4113 8601 18
4114 4115 10
4114 5985 5
4114 7618 4
4115 1973 20
4115 2375 4
4115 2378 13
4115 2723 1
4115 4116 4
4115 8601 5
4116 980 14
4116 2064 12
4116 3098 4
4116 4075 13
4116 4117 8
4117 730 4
4117 4118 20
4117 5355 23
4117 7696 11
4118 4119 20
4118 6757 4
4118 7890 6
4118 8009 19
4118 9534 10
4119 240 20
4119 439 9
4119 1952 14
4119 4120 5
4119 5287 2
4119 9968 8
4120 486 9
4120 3877 4
4120 4121 9
4121 2390 15
4121 4122 21
4122 4123 10
4122 7922 7
4123 200 2
4123 2989 18
4123 4124 19
4123 4437 23
4123 5328 8
4123 6202 3
4123 6496 1
4123 8359 18
4124 351 21
4124 1820 10
4124 4125 2
4124 6598 14
4125 3139 2
4125 4126 22
4125 6027 2
4125 7237 9
4125 9132 12
4126 1323 2
4126 4127 14
4127 1327 14
4127 3762 8
4127 4128 20
4128 1195 5
4128 4129 1
4128 6101 20
4128 8184 15
4128 9245 10
4129 1886 4
4129 2659 10
4129 4130 11
4130 1612 23
4130 1909 11
4130 4131 6
4131 1754 22
4131 2679 9
4131 3753 21
4131 4132 4
4131 5638 12
4131 7112 15
4132 354 13
4132 1519 1
4132 4133 5
4132 5061 8
4132 5474 17
4133 2710 1
4133 4134 12
4133 4421 9
4134 385 1
4134 1536 22
4134 1612 2
4134 4135 1
4134 5267 11
4134 5616 9
4134 9641 2
4135 2825 7
4135 4136 18
4135 5020 16
4135 8307 1
4136 2701 20
4136 4137 14
4136 6206 8
4136 7224 9
4136 8385 12
4136 9827 10
4137 4138 5
4137 5575 9
4138 4139 18
4138 4780 12
4138 5568 22
4138 5577 12
4138 6067 11
4138 6207 18
4138 8057 1
4138 9249 3
4138 9250 5
4139 1453 21
4139 3964 10
4139 4140 20
4139 4468 4
4139 5922 14
4139 8268 22
4140 1913 5
4140 4116 9
4140 4141 14
4140 4512 5
4141 382 1
4141 1273 22
4141 4142 22
4142 1661 10
4142 4143 18
4143 3240 22
4143 4144 13
4143 5025 2
4143 8826 11
4143 9995 17
4144 1417 21
4144 4145 14
4144 7124 22
4144 7765 8
4145 359 14
4145 4146 19
4145 5258 13
4146 4147 11
4146 5902 3
4146 6236 12
4146 9743 4
4147 20 19
4147 4148 4
4147 9451 14
4148 2528 7
4148 2747 22
4148 4149 19
4148 8400 20
4148 9076 18
4149 3713 5
4149 4150 21
4149 9585 3
4150 2196 20
4150 4151 20
4150 4436 1
4150 6543 22
4150 9511 14
4151 623 20
4151 2206 21
4151 4152 12
4151 6212 19
4151 6938 15
4152 291 18
4152 1701 5
4152 4153 1
4152 8872 19
4153 4154 5
4153 4772 2
4154 265 15
4154 927 1
4154 1162 3
4154 1181 23
4154 1694 6
4154 4155 12
4154 4770 7
4154 5466 19
4155 370 10
4155 1633 5
4155 2257 9
4155 4156 11
4155 8502 18
4155 9147 12
4156 1100 18
4156 3157 22
4156 4157 10
4156 7284 20
4157 2093 18
4157 4158 4
4157 4610 1
4158 1224 11
4158 1280 4
4158 3522 1
4158 4159 15
4158 4396 11
4158 5030 8
4158 8884 17
4158 9626 16
4158 9637 19
4159 2840 22
4159 4160 19
4159 9319 9
4159 9399 12
4160 293 7
4160 544 11
4160 1809 7
4160 3508 11
4160 4022 16
4160 4161 17
4161 4162 1
4161 4560 19
4161 4932 4
4161 5791 5
4161 9464 7
4162 4163 5
4162 6957 8
4162 8107 9
4162 8803 17
4163 1186 18
4163 4164 14
4163 9471 8
4164 1268 16
4164 4165 12
4164 5095 1
4164 9582 6
4164 9659 23
4165 1861 12
4165 4166 23
4166 839 16
4166 2018 16
4166 4167 20
4166 4308 13
4166 5407 11
4166 7498 17
4166 7568 2
4167 27 16
4167 3815 11
4167 3944 17
4167 4168 9
4167 6244 15
4167 8136 9
4167 8231 23
4167 9405 14
4168 4169 10
4168 6654 4
4168 7816 14
4169 4170 1
4169 7777 19
4170 1176 4
4170 1792 6
4170 4171 4
4171 1066 4
4171 1804 18
4171 4172 13
4172 4173 7
4172 7376 13
4172 7917 13
4173 1735 2
4173 4174 18
4173 5651 6
4173 9313 17
4174 740 21
4174 2277 14
4174 4175 4
4174 5125 19
4174 6440 11
4174 7182 1
4174 8386 18
4174 8904 9
4175 4176 17
4175 7923 4
4175 8563 15
4175 9588 19
4176 113 15
4176 385 20
4176 716 15
4176 873 20
4176 4177 16
4176 8000 22
4177 1552 6
4177 4178 18
4177 8149 4
4178 1421 10
4178 2920 8
4178 4179 3
4178 8887 3
4178 9287 16
4179 583 9
4179 4180 16
4179 4915 5
4179 8022 19
4179 8481 18
4179 8755 21
4179 8951 6
4180 767 7
4180 4181 23
4180 4920 16
4181 4044 16
4181 4182 21
4181 6839 9
4181 6985 3
4182 1461 15
4182 1543 6
4182 2380 1
4182 2593 9
4182 4183 17
4182 4637 18
4182 6089 21
4182 9020 3
4182 9992 13
4183 2005 18
4183 2492 18
4183 4184 17
4183 4670 20
4183 8642 21
4184 1897 17
4184 4185 10
4184 8278 8
4185 10 1
4185 655 15
4185 4186 15
4185 6853 2
4185 9051 9
4186 309 5
4186 1308 11
4186 1682 19
4186 3330 6
4186 4187 23
4186 6885 12
4186 7035 10
4187 1676 3
4187 2322 22
4187 2763 19
4187 4188 17
4187 5068 19
4187 6514 10
4187 7441 12
4188 3665 3
4188 4189 16
4188 9691 13
4189 386 2
4189 3987 21
4189 4190 3
4190 350 22
4190 613 12
4190 1226 7
4190 4191 17
4190 8716 9
4191 4192 22
4191 5054 20
4191 5226 4
4191 6418 8
4191 9196 20
4192 1104 11
4192 1368 12
4192 2196 10
4192 3528 4
4192 4193 2
4192 5023 18
4192 8310 8
4192 8724 19
4192 9300 16
4193 1702 6
4193 4194 3
4193 5098 16
4193 6274 13
4193 8018 11
4193 9323 8
4194 2808 16
4194 4104 8
4194 4195 19
4195 1613 4
4195 3664 22
4195 4188 5
4195 4196 19
4195 4572 2
4195 6902 23
4195 8341 10
4196 347 21
4196 1251 18
4196 4197 10
4196 5251 20
4196 6464 3
4197 2701 17
4197 3580 4
4197 4198 9
4197 5162 20
4197 8365 7
4197 8649 9
4197 8829 16
4198 858 14
4198 3745 5
4198 4199 19
4198 6778 16
4198 7705 2
4199 296 20
4199 1056 21
4199 1647 15
4199 3546 1
4199 4200 7
4200 3835 6
4200 4201 22
4200 5036 21
4200 6841 10
4200 9337 16
4201 936 15
4201 4202 21
4201 6863 21
4201 7185 23
4202 1212 20
4202 1327 15
4202 3237 20
4202 4203 8
4202 4934 12
4202 4988 4
4202 6797 15
4202 7405 22
4202 8074 11
4203 3171 22
4203 4204 7
4203 9883 11
4204 43 23
4204 64 16
4204 755 13
4204 2277 1
4204 3327 7
4204 4205 20
4205 2159 2
4205 4206 18
4205 7587 19
4205 9160 18
4205 9446 8
4205 9962 9
4206 998 22
4206 1907 12
4206 2012 1
4206 2101 11
4206 4207 16
4206 7593 6
4207 4208 8
4207 9569 9
4208 2910 1
4208 4209 7
4208 6280 15
4209 992 23
4209 1328 11
4209 4205 9
4209 4210 23
4209 7719 1
4209 9649 12
4210 4211 17
4210 5911 19
4210 7730 21
4210 7853 3
4211 59 20
4211 3947 21
4211 4212 3
4211 4597 21
4211 7783 17
4211 9622 6
4212 4213 4
4213 2248 9
4213 2818 23
4213 3003 15
4213 4214 15
4213 5034 9
4213 5035 2
4213 5131 5
4214 4094 14
4214 4215 23
4214 4440 13
4214 6514 15
4215 925 11
4215 4048 2
4215 4216 11
4216 4217 6
4216 4863 14
4216 7987 20
4216 9280 1
4217 470 10
4217 1661 8
4217 1997 4
4217 3516 18
4217 4218 3
4217 5534 10
4217 6662 16
4217 9308 17
4217 9783 1
4218 3703 5
4218 4219 1
4218 5504 16
4218 9063 3
4218 9418 9
4219 1816 1
4219 4220 13
4219 8171 6
4220 4221 12
4220 4432 5
4220 9662 5
4221 2898 14
4221 4222 16
4221 5017 5
4222 1034 19
4222 2033 22
4222 4223 21
4222 8480 14
4222 8599 4
4223 4224 14
4223 9627 5
4224 4225 5
4224 8533 22
4224 8930 16
4225 2339 16
4225 4226 15
4225 9376 2
4226 236 13
4226 1327 19
4226 1655 10
4226 3700 12
4226 3730 22
4226 4227 15
4226 9904 20
4227 536 15
4227 1588 19
4227 3424 2
4227 3557 9
4227 3869 6
4227 4228 23
4228 765 18
4228 844 17
4228 1060 2
4228 1106 13
4228 2951 16
4228 4229 14
4228 6447 10
4228 6998 17
4229 1716 12
4229 4230 7
4229 7720 3
4229 8103 8
4229 9905 14
4230 4231 5
4230 4276 2
4230 4362 9
4230 4957 12
4230 5965 5
4231 3902 23
4231 4232 5
4232 982 7
4232 4233 1
4232 4311 20
4232 5482 22
4232 5520 2
4232 6998 2
4232 7587 13
4233 882 21
4233 2597 14
4233 2659 13
4233 3500 22
4233 4234 6
4234 636 10
4234 3755 16
4234 4235 9
4234 4703 6
4235 1547 15
4235 4236 7
4235 9380 8
4236 2212 22
4236 3486 9
4236 4237 1
4236 4823 23
4236 5179 15
4236 6992 1
4236 8258 20
4236 9686 7
4237 879 2
4237 2996 13
4237 4238 15
4237 8940 3
4238 2414 22
4238 4239 16
4238 7054 19
4238 7316 17
4238 9258 15
4239 2594 3
4239 3903 13
4239 4240 7
4239 4396 22
4239 4647 5
4239 4811 18
4239 8191 9
4239 8345 11
4239 9459 8
4240 4241 21
4240 4493 13
4240 8406 22
4241 4242 12
4241 7892 19
4241 8268 16
4242 4243 8
4242 7662 10
4242 8263 9
4243 782 13
4243 796 22
4243 3707 23
4243 4244 2
4243 5524 14
4244 333 21
4244 1181 22
4244 1736 23
4244 2699 20
4244 4245 20
4244 6475 3
4244 6620 18
4244 8642 19
4244 9538 23
4244 9576 4
4245 2225 2
4245 2879 1
4245 3008 20
4245 4246 15
4245 4755 1
4245 9158 20
4246 2546 9
4246 3808 10
4246 4247 17
4246 8317 8
4247 4248 17
4247 6142 17
4247 6833 19
4248 1387 20
4248 2460 9
4248 4249 17
4248 7286 17
4248 9827 5
4249 866 16
4249 4063 8
4249 4250 3
4249 7455 12
4249 8154 9
4250 1750 8
4250 1888 22
4250 2658 23
4250 3403 15
4250 4251 12
4250 5045 7
4250 5175 17
4250 5395 14
4250 7500 12
4250 7623 17
4250 9231 23
4251 1527 16
4251 2515 16
4251 4252 17
4251 4388 13
4252 3491 1
4252 4253 22
4252 9176 10
4253 260 23
4253 815 2
4253 2567 7
4253 2690 15
4253 4254 8
4253 6440 15
4253 7757 7
4254 2617 3
4254 4255 2
4254 9698 5
4255 554 23
4255 2615 2
4255 4256 20
4255 6233 18
4255 8229 16
4255 9231 19
4256 521 20
4256 1078 19
4256 4257 19
4256 7346 22
4256 8921 22
4256 9156 16
4257 4258 22
4257 7438 4
4257 8354 21
4258 507 7
4258 1221 15
4258 2755 18
4258 3587 19
4258 4079 14
4258 4259 7
4258 4296 8
4258 5523 14
4258 7923 6
4258 9144 15
4258 9861 6
4259 1417 20
4259 2048 6
4259 3181 5
4259 4260 6
4259 8345 8
4259 8928 18
4260 1679 12
4260 3056 10
4260 4261 19
4260 9734 19
4261 900 15
4261 4262 18
4261 6042 13
4262 572 17
4262 4263 5
4262 4886 3
4262 4906 17
4262 5263 4
4262 5710 12
4263 4264 1
4263 5010 4
4263 7467 4
4264 3589 1
4264 4265 10
4264 6707 2
4265 903 23
4265 4266 17
4265 6889 22
4265 7523 9
4265 8514 5
4266 1646 20
4266 2021 4
4266 4267 7
4266 4767 13
4266 5371 21
4266 9041 8
4267 95 16
4267 1428 14
4267 3453 5
4267 4268 10
4268 548 13
4268 1895 16
4268 3610 13
4268 4269 1
4269 4270 4
4270 171 10
4270 777 16
4270 1564 17
4270 4271 6
4270 4400 2
4270 4423 7
4271 4272 13
4272 1106 21
4272 4273 16
4272 9485 21
4273 615 3
4273 1309 11
4273 4274 7
4273 5037 16
4273 6696 17
4273 7311 12
4273 9962 3
4274 4275 18
4274 6108 19
4274 8716 18
4275 335 22
4275 2016 2
4275 2371 13
4275 4276 2
4275 5639 4
4275 7007 15
4276 4277 3
4276 5093 8
4276 6423 8
4276 7951 2
4277 4064 15
4277 4278 14
4277 4509 9
4277 7122 13
4277 9034 4
4278 2203 19
4278 4279 12
4278 5325 2
4278 6037 6
4278 8647 11
4278 8685 16
4278 9607 1
4279 2275 7
4279 4280 11
4279 4654 22
4280 200 9
4280 2933 9
4280 3556 22
4280 4281 20
4280 6432 4
4281 4282 8
4281 6635 12
4281 9699 7
4282 59 14
4282 1799 9
4282 4283 6
4282 5240 21
4282 5484 13
4282 8473 16
4283 445 23
4283 1750 18
4283 1795 22
4283 4284 7
4283 7871 21
4284 4285 23
4284 9215 17
4285 1756 21
4285 2298 17
4285 4286 1
4285 7972 15
4286 729 4
4286 3255 15
4286 4287 23
4286 5594 16
4286 6551 15
4286 6968 13
4286 9716 15
4287 2627 15
4287 3054 21
4287 4288 12
4287 8135 19
4287 9039 5
4288 4289 16
4288 5445 23
4288 5855 3
4288 6132 13
4288 8703 6
4289 4290 21
4290 1067 3
4290 2364 12
4290 3008 14
4290 3059 13
4290 4291 12
4290 4662 5
4290 5286 8
4290 6525 15
4290 8482 20
4290 9037 21
4290 9949 10
4291 1889 6
4291 2039 8
4291 2050 4
4291 4292 16
4291 4974 7
4292 58 15
4292 337 15
4292 1019 4
4292 1598 23
4292 4293 8
4292 8409 4
4293 1767 14
4293 4276 22
4293 4294 9
4293 8077 9
4294 4295 5
4294 7110 20
4294 8807 8
4295 1380 3
4295 2978 19
4295 4296 3
4295 7704 14
4296 439 6
4296 4297 17
4296 7393 19
4297 3182 9
4297 4219 1
4297 4298 14
4298 166 15
4298 2553 12
4298 4299 4
4298 4556 12
4298 4844 17
4298 8584 21
4298 9065 3
4298 9733 4
4299 219 6
4299 2666 16
4299 3312 2
4299 4300 17
4299 4451 12
4299 8135 4
4299 8236 18
4299 9235 1
4299 9581 17
4300 922 2
4300 3215 6
4300 3694 17
4300 3924 15
4300 4301 21
4300 6640 4
4301 1462 1
4301 4302 22
4301 4855 17
4302 4303 20
4303 4304 8
4303 6053 13
4304 4305 12
4304 6697 2
4304 9281 1
4305 2182 19
4305 4306 13
4305 6959 5
4306 738 12
4306 1407 4
4306 2117 20
4306 4307 2
4306 4656 11
4306 5678 22
4306 8917 2
4307 1123 14
4307 1167 20
4307 1227 3
4307 4308 17
4307 7918 20
4308 1793 21
4308 2281 6
4308 4309 15
4309 1966 17
4309 2511 11
4309 4310 8
4309 4380 13
4309 4815 13
4310 1551 18
4310 4311 5
4310 7456 11
4310 8570 15
4310 8988 18
4310 9417 7
4311 967 23
4311 4312 12
4311 4755 8
4311 9735 17
4312 4313 17
4312 7337 17
4312 9437 9
4312 9796 22
4313 2710 22
4313 4314 21
4313 4862 10
4313 7078 9
4314 2681 2
4314 3159 2
4314 3428 23
4314 3866 23
4314 4315 16
4314 6681 6
4315 1360 2
4315 1394 3
4315 1410 17
4315 4316 1
4315 5449 4
4315 7801 4
4315 8550 14
4316 4317 4
4316 4551 3
4316 5753 16
4316 6913 13
4317 1259 10
4317 1975 23
4317 4318 4
4317 6227 15
4317 9701 5
4318 976 6
4318 4319 9
4318 6904 18
4319 485 4
4319 1974 9
4319 3127 11
4319 4320 20
4319 5470 20
4320 287 20
4320 2775 22
4320 2875 19
4320 4321 3
4320 4576 19
4320 4646 4
4320 5516 11
4320 5636 11
4320 8090 12
4321 512 4
4321 2384 21
4321 4322 10
4322 4323 12
4322 5428 4
4322 7404 5
4322 8682 22
4323 3835 22
4323 4324 5
4323 6180 1
4323 6461 21
4323 9347 18
4324 3532 11
4324 4325 21
4324 7478 21
4325 2051 18
4325 4326 5
4325 6099 7
4325 6498 7
4325 6720 22
4325 7224 2
4325 7247 18
4326 417 20
4326 2077 4
4326 4327 2
4326 7759 17
4327 4018 23
4327 4328 18
4327 6887 18
4328 2462 16
4328 2974 15
4328 4329 13
4328 6994 13
4328 7574 11
4329 2986 6
4329 3173 3
4329 4330 23
4329 8971 5
4330 3102 12
4330 4331 20
4330 7520 5
4331 1611 5
4331 1973 7
4331 3916 7
4331 4332 14
4331 4777 20
4331 5167 5
4331 5464 18
4332 3627 8
4332 4333 6
4332 8914 7
4332 9927 5
4333 3666 15
4333 3843 23
4333 4334 11
4334 4335 8
4334 7445 13
4335 2939 18
4335 3064 16
4335 4336 14
4335 5662 22
4336 666 14
4336 3391 23
4336 4337 1
4336 6990 5
4336 7161 3
4337 1239 1
4337 4338 7
4337 4381 16
4337 5387 10
4337 6050 10
4337 6824 13
4338 3479 16
4338 4339 18
4338 6667 1
4338 7990 14
4338 8035 5
4339 1854 15
4339 3645 23
4339 4340 6
4340 4341 8
4340 5066 5
4340 7789 6
4341 3654 13
4341 4342 4
4341 6960 23
4342 43 9
4342 775 22
4342 1756 9
4342 4343 9
4342 8369 4
4343 467 15
4343 1288 14
4343 3315 15
4343 4344 2
4343 8178 12
4343 9185 2
4344 3169 9
4344 4345 20
4344 7183 12
4344 9626 13
4345 3938 11
4345 4346 17
4345 5892 20
4345 7908 8
4346 4328 17
4346 4347 21
4346 6198 8
4347 133 5
4347 2371 7
4347 4348 18
4347 6561 20
4347 8051 23
4347 8593 6
4347 9476 8
4347 9799 16
4348 750 20
4348 4349 12
4348 5233 14
4349 1509 5
4349 1705 4
4349 3044 10
4349 4350 4
4349 7559 8
4349 9329 3
4350 1837 17
4350 2012 12
4350 2386 9
4350 3756 1
4350 3832 21
4350 4351 10
4350 5146 20
4350 8885 10
4350 9511 10
4350 9574 16
4350 9653 8
4351 355 21
4351 4352 17
4351 4554 4
4351 7993 11
4351 9859 14
4352 1956 20
4352 2682 19
4352 3279 18
4352 4353 12
4352 8338 4
4353 153 11
4353 1181 18
4353 1301 4
4353 4354 20
4353 5698 17
4353 5728 15
4354 320 15
4354 2054 2
4354 2086 15
4354 3502 16
4354 4355 18
4354 5282 10
4354 5713 3
4355 39 16
4355 2499 9
4355 2716 15
4355 4356 1
4356 4357 18
4356 4592 6
4356 6146 3
4356 6438 1
4356 7570 9
4356 7668 20
4356 9163 9
4357 641 16
4357 691 5
4357 1051 7
4357 2241 14
4357 3639 10
4357 4358 22
4357 9143 18
4358 158 14
4358 2168 11
4358 4359 9
4358 6048 15
4358 7997 3
4359 4360 4
4359 6202 14
4360 1831 18
4360 4361 10
4361 22 2
4361 4362 17
4361 5251 18
4361 6351 4
4361 8132 22
4362 2050 3
4362 2409 3
4362 4014 11
4362 4363 3
4362 8234 21
4362 8839 22
4363 251 2
4363 409 3
4363 4364 3
4363 7436 5
4363 7591 11
4364 175 1
4364 4365 7
4365 242 6
4365 4366 17
4365 6939 20
4366 711 17
4366 2762 1
4366 3307 3
4366 4024 6
4366 4367 23
4366 6684 19
4366 7940 10
4366 9093 15
4366 9707 18
4367 849 22
4367 1591 23
4367 2027 17
4367 2142 3
4367 4368 3
4367 4598 10
4368 110 7
4368 4369 20
4368 6247 7
4368 9481 6
4369 4370 18
4369 9325 4
4370 1607 6
4370 4371 18
4370 4411 16
4370 8735 3
4371 4372 4
4371 8918 11
4372 4129 17
4372 4373 6
4373 141 20
4373 4196 15
4373 4374 19
4373 5638 13
4374 414 12
4374 441 10
4374 1688 11
4374 3683 22
4374 4375 5
4374 5370 7
4374 5942 13
4374 6525 18
4374 8246 12
4374 8470 14
4375 2405 20
4375 4031 2
4375 4376 14
4375 6493 6
4375 8555 19
4375 9557 12
4375 9924 11
4376 748 2
4376 1019 1
4376 1643 19
4376 1944 15
4376 3180 21
4376 4377 19
4376 5750 16
4376 7397 4
4377 4378 9
4377 8822 3
4378 866 16
4378 1590 3
4378 4379 20
4378 5706 21
4378 5876 8
4378 9059 6
4378 9181 12
4379 563 8
4379 2261 15
4379 3352 9
4379 4380 4
4379 9623 14
4380 4381 20
4380 8348 15
4380 8891 7
4381 2502 3
4381 3614 8
4381 4301 23
4381 4382 6
4381 4391 11
4381 4957 3
4381 5802 11
4381 7947 1
4381 8656 2
4381 9834 21
4382 1242 21
4382 4383 12
4383 4266 22
4383 4384 7
4383 8540 18
4383 9052 14
4384 1778 4
4384 1979 21
4384 2607 17
4384 4385 23
4384 4860 5
4384 8922 5
4385 1853 10
4385 3005 14
4385 4386 3
4385 9212 7
4386 1568 17
4386 3659 11
4386 4387 23
4386 8274 5
4387 2595 8
4387 3660 13
4387 4388 2
4388 1867 10
4388 2068 10
4388 4380 8
4388 4389 17
4388 6317 18
4388 8596 14
4389 2267 9
4389 4390 1
4389 5172 6
4389 6734 23
4389 8166 19
4389 9180 12
4390 4258 19
4390 4391 18
4390 9460 8
4391 2319 10
4391 2419 3
4391 4164 5
4391 4392 2
4391 4897 17
4391 5267 18
4391 6064 11
4391 8520 14
4392 4393 6
4392 5735 12
4392 9185 15
4392 9369 11
4392 9492 19
4392 9685 5
4392 9789 17
4393 2366 6
4393 4394 19
4393 6928 15
4393 8136 17
4394 106 9
4394 2309 20
4394 4395 12
4394 4908 17
4394 5902 1
4394 6417 10
4394 6744 18
4395 1833 17
4395 4396 16
4395 9030 8
4395 9495 22
4396 4397 3
4397 4398 3
4398 3157 15
4398 4399 4
4398 5024 11
4398 9200 7
4399 773 21
4399 801 8
4399 1894 7
4399 2237 22
4399 3649 7
4399 4400 9
4399 4443 23
4400 369 11
4400 3829 21
4400 4401 21
4401 712 8
4401 4402 9
4401 8461 21
4401 9398 7
4401 9862 12
4402 1444 17
4402 2411 8
4402 4107 13
4402 4343 20
4402 4403 13
4402 6616 9
4403 4404 20
4403 5992 1
4403 7691 23
4404 874 6
4404 2439 8
4404 4405 22
4404 7174 2
4405 2882 11
4405 3818 20
4405 4406 2
4405 7906 3
4406 2535 3
4406 4407 5
4406 6652 16
4406 8064 19
4407 475 23
4407 4408 22
4407 4452 22
4407 5315 14
4407 5613 2
4407 6613 7
4408 829 8
4408 3500 17
4408 4409 4
4408 9188 7
4409 951 4
4409 4410 20
4409 4879 21
4409 7113 4
4409 7128 19
4409 7725 10
4409 8235 10
4409 9058 23
4410 1046 9
4410 3763 1
4410 4411 18
4410 5555 22
4410 6533 15
4410 8790 16
4411 3989 8
4411 4412 12
4411 7005 3
4411 8322 9
4412 4413 3
4412 5227 12
4412 9244 14
4412 9648 9
4413 2215 17
4413 4414 9
4413 5239 21
4414 3566 9
4414 4415 20
4414 5489 21
4414 8404 3
4415 2882 19
4415 4416 4
4415 9839 11
4416 3940 8
4416 4417 17
4417 1266 10
4417 2016 10
4417 4418 9
4417 5356 14
4417 5896 5
4418 84 1
4418 846 22
4418 4173 21
4418 4199 3
4418 4419 23
4418 9704 17
4419 515 19
4419 1480 21
4419 4420 19
4419 7720 12
4419 7947 9
4420 479 19
4420 884 2
4420 1758 13
4420 1987 2
4420 3361 20
4420 4421 21
4420 5719 21
4420 6719 11
4421 12 5
4421 1635 7
4421 2403 17
4421 4422 22
4421 5874 3
4421 9647 15
4422 1647 13
4422 3058 15
4422 3356 6
4422 4207 18
4422 4423 10
4422 5742 5
4422 7872 5
4423 1631 2
4423 2584 10
4423 4424 12
4423 5193 12
4423 5794 23
4423 6972 20
4423 7342 20
4423 8448 15
4423 9492 23
4424 793 6
4424 4102 4
4424 4425 21
4424 5087 13
4424 5818 4
4425 1317 16
4425 1731 20
4425 3800 16
4425 3826 16
4425 4426 23
4425 6991 22
4425 8104 13
4425 8467 21
4426 468 14
4426 1184 16
4426 1451 19
4426 2065 5
4426 3004 16
4426 3406 7
4426 4427 14
4426 7504 17
4426 8567 11
4427 1664 3
4427 3191 4
4427 4244 16
4427 4428 12
4427 5062 5
4427 5452 23
4428 103 15
4428 2379 15
4428 4346 15
4428 4429 5
4428 8045 23
4428 8577 7
4428 8852 22
4429 168 7
4429 2289 9
4429 4430 4
4429 5286 4
4430 1432 15
4430 1877 6
4430 4431 17
4431 773 8
4431 4432 19
4431 7082 8
4431 9232 20
4432 4016 2
4432 4433 23
4432 6776 2
4432 7072 19
4433 4434 23
4434 2080 12
4434 4435 8
4434 7075 5
4435 4436 4
4435 7447 13
4435 7543 14
4436 1756 22
4436 2669 10
4436 4437 23
4436 6896 11
4437 713 16
4437 4438 15
4438 4439 22
4438 7991 6
4438 9229 21
4439 410 10
4439 672 22
4439 2153 21
4439 4440 17
4439 7659 13
4439 8005 5
4439 8976 3
4440 78 1
4440 4441 1
4441 977 15
4441 4442 13
4441 4839 17
4441 8355 15
4442 890 18
4442 4443 15
4443 2920 22
4443 4444 22
4443 7566 17
4443 7912 7
4444 4445 7
4444 7956 7
4445 154 20
4445 788 20
4445 1468 15
4445 1818 12
4445 2815 23
4445 2858 15
4445 4446 8
4445 5439 13
4445 7894 6
4446 1787 15
4446 2797 4
4446 4447 7
4446 4856 14
4446 6882 22
4447 1083 22
4447 1484 4
4447 4448 9
4447 4540 15
4447 7828 15
4448 1223 15
4448 2103 8
4448 4234 5
4448 4449 14
4448 5191 16
4448 8989 8
4448 9721 18
4449 646 20
4449 1222 17
4449 3661 1
4449 4450 14
4449 4825 5
4449 7755 13
4450 1070 15
4450 2542 21
4450 3294 13
4450 4451 3
4450 6014 13
4450 8623 15
4450 9850 2
4451 943 19
4451 4452 11
4451 5157 15
4451 6061 19
4451 6640 9
4451 7380 5
4451 7581 14
4451 7821 9
4452 970 21
4452 4167 4
4452 4453 2
4452 6278 17
4452 8585 20
4453 988 11
4453 2388 13
4453 4454 7
4453 4700 21
4453 4917 4
4453 5135 21
4453 7249 3
4454 897 20
4454 1747 7
4454 1875 4
4454 1878 19
4454 4455 23
4454 4775 14
4454 6654 11
4454 9095 3
4455 3335 20
4455 4456 13
4455 6866 10
4455 7796 18
4455 8941 22
4456 1826 5
4456 2757 8
4456 4457 21
4456 5563 15
4457 1942 16
4457 4458 3
4457 4833 21
4457 8814 5
4457 9542 20
4458 197 3
4458 2726 4
4458 4459 14
4458 5578 19
4458 8775 23
4459 993 10
4459 4460 7
4459 5464 8
4459 6636 15
4460 1244 7
4460 4283 21
4460 4461 4
4460 7107 1
4460 8211 13
4460 9639 6
4461 3570 18
4461 4462 20
4461 6663 19
4461 7327 3
4462 4463 2
4462 4876 19
4462 6435 17
4462 6651 12
4462 7762 8
4463 4464 13
4463 7247 5
4464 2334 1
4464 4465 11
4464 8261 1
4465 4466 17
4465 4786 16
4465 9394 13
4465 9900 2
4466 4467 18
4466 4689 8
4466 5217 11
4466 6595 19
4467 2247 8
4467 2291 6
4467 2747 19
4467 4468 4
4467 4679 5
4467 4854 13
4467 8198 7
4467 8558 16
4467 9873 5
4468 328 17
4468 4469 6
4468 5673 16
4468 6217 12
4468 6908 15
4469 1749 11
4469 2088 20
4469 4470 8
4469 4497 17
4469 6333 23
4469 6984 17
4470 1214 10
4470 4471 3
4471 1085 3
4471 1545 22
4471 4472 9
4471 5187 21
4471 5593 19
4471 8791 1
4472 772 22
4472 1083 17
4472 1399 2
4472 1485 18
4472 4473 5
4472 4591 21
4472 5065 6
4472 6445 3
4472 7232 22
4472 7922 11
4472 9894 14
4473 1085 14
4473 4474 10
4473 5373 20
4473 9663 21
4474 3857 21
4474 4475 23
4475 4476 16
4475 5009 3
4475 6909 19
4475 7638 5
4475 8574 20
4476 1051 21
4476 3926 3
4476 4477 6
4476 5979 6
4476 6043 22
4476 8373 17
4477 433 9
4477 1433 11
4477 4478 15
4477 5302 15
4478 4479 15
4478 8135 19
4478 9033 7
4479 4480 13
4479 5104 14
4479 7518 14
4479 7715 4
4480 4481 8
4480 7480 13
4480 7592 13
4480 8545 15
4481 1321 10
4481 2651 10
4481 4482 17
4481 9756 15
4482 3887 11
4482 4483 1
4482 7198 19
4483 745 20
4483 4484 23
4483 6344 13
4484 739 19
4484 4065 18
4484 4485 12
4484 6814 21
4484 8716 18
4485 3654 23
4485 4486 18
4485 4666 14
4485 7491 13
4485 9198 1
4486 3811 1
4486 4487 21
4486 4782 18
4487 3916 8
4487 4239 7
4487 4488 19
4487 7801 5
4487 9707 18
4487 9847 6
4488 1348 23
4488 2178 5
4488 4489 19
4488 8350 11
4489 4490 12
4489 4523 18
4489 5348 20
4489 6473 2
4490 1769 21
4490 3096 2
4490 3761 22
4490 4491 16
4490 6856 13
4491 1022 6
4491 4492 5
4491 6247 20
4491 7857 5
4491 9339 1
4492 86 10
4492 517 21
4492 1618 12
4492 4493 21
4492 4904 23
4492 5602 21
4492 5681 19
4492 5932 8
4492 8759 1
4493 2174 15
4493 4494 2
4493 5120 3
4494 2446 2
4494 4144 8
4494 4495 19
4494 9659 4
4495 704 20
4495 1571 6
4495 4314 10
4495 4496 4
4495 4572 23
4495 8097 17
4495 8435 5
4496 461 6
4496 737 18
4496 1427 9
4496 4497 13
4496 6636 18
4496 6787 11
4497 1201 7
4497 3660 1
4497 4498 2
4497 6949 21
4497 7152 20
4497 7288 16
4498 2970 11
4498 3577 23
4498 4499 12
4498 8796 22
4499 63 7
4499 4500 19
4499 4681 4
4499 8785 21
4499 9191 5
4500 818 5
4500 1645 2
4500 3467 5
4500 4501 17
4500 5418 4
4500 9254 18
4501 4502 14
4501 6018 18
4501 8196 3
4501 8444 21
4501 9103 11
4502 961 12
4502 1705 20
4502 2803 15
4502 4503 15
4502 6815 10
4502 7516 8
4503 285 20
4503 2065 1
4503 4504 15
4503 6462 11
4503 6762 8
4504 2151 13
4504 2807 20
4504 4505 21
4504 6000 4
4504 9731 23
4505 3534 19
4505 4506 16
4505 5190 13
4506 1196 13
4506 2605 6
4506 4507 9
4507 533 17
4507 652 6
4507 4508 1
4507 8495 15
4507 9512 2
4508 27 10
4508 72 16
4508 2717 4
4508 4509 4
4508 7364 5
4508 7835 15
4508 8036 18
4509 4510 7
4509 5567 12
4509 7578 22
4509 7903 16
4509 9388 17
4510 2924 21
4510 4289 11
4510 4511 7
4510 5379 7
4510 6427 14
4510 8353 13
4510 9677 3
4511 455 18
4511 1632 17
4511 3945 9
4511 4269 9
4511 4512 19
4512 2489 20
4512 4513 12
4512 5590 4
4512 6850 17
4513 409 11
4513 479 11
4513 539 18
4513 901 10
4513 1267 3
4513 1634 4
4513 4514 14
4513 6448 2
4513 7178 11
4514 2596 12
4514 3104 13
4514 4515 2
4514 5943 14
4515 4516 21
4516 4517 2
4516 5397 7
4516 5631 6
4517 527 17
4517 4518 12
4517 6166 12
4517 7355 18
4517 8873 20
4518 1769 15
4518 1992 12
4518 2590 16
4518 2672 13
4518 4519 9
4518 9304 14
4519 4520 9
4519 5127 20
4519 5335 4
4520 691 16
4520 4521 22
4521 98 6
4521 1964 3
4521 4522 5
4521 5059 8
4521 7509 10
4521 7889 8
4522 2268 22
4522 4523 14
4522 5321 16
4522 6858 23
4523 895 17
4523 2027 4
4523 2929 4
4523 4524 6
4523 9851 2
4524 472 13
4524 2649 11
4524 2730 8
4524 3571 17
4524 4525 17
4524 7443 4
4525 2617 4
4525 2706 6
4525 3117 21
4525 4526 21
4526 4527 21
4526 6197 21
4526 7136 9
4527 154 13
4527 823 16
4527 4528 12
4527 5096 4
4527 9576 9
4528 897 18
4528 1529 15
4528 3646 12
4528 4529 16
4528 4654 3
4528 6841 16
4529 3891 20
4529 4488 8
4529 4530 13
4529 9602 10
4530 1999 13
4530 2676 9
4530 2883 18
4530 3407 14
4530 4096 18
4530 4531 5
4531 513 18
4531 1374 6
4531 4532 22
4531 8137 14
4532 4533 4
4532 5457 19
4532 9376 8
4533 2399 15
4533 3514 9
4533 4534 5
4533 5834 7
4533 6337 19
4534 115 22
4534 460 19
4534 3576 13
4534 4535 3
4534 9035 22
4535 471 12
4535 2910 19
4535 4536 7
4535 5878 14
4536 183 1
4536 1098 6
4536 3954 4
4536 4537 10
4536 5862 23
4536 6297 15
4536 6514 17
4536 7216 11
4536 7234 2
4536 7726 19
4536 7940 2
4536 9754 12
4537 3546 9
4537 3773 23
4537 4437 6
4537 4538 5
4537 6191 20
4537 6893 16
4537 7597 8
4537 8234 14
4537 9543 20
4537 9993 15
4538 4539 8
4538 4553 18
4538 5717 5
4538 8271 14
4539 2437 6
4539 4540 10
4539 6213 18
4540 4541 13
4540 8855 3
4541 674 5
4541 931 13
4541 1422 11
4541 2169 15
4541 2616 21
4541 3411 20
4541 4542 13
4541 9617 23
4541 9747 18
4542 1741 7
4542 2896 11
4542 4543 16
4543 1128 18
4543 3142 11
4543 4544 22
4543 7247 23
4544 813 9
4544 2512 21
4544 4545 3
4544 8025 7
4544 8837 11
4544 9596 1
4545 1824 16
4545 2474 15
4545 3595 4
4545 3818 15
4545 4546 23
4545 4687 1
4546 3668 17
4546 4547 6
4546 7304 10
4546 8894 11
4546 8919 9
4547 578 9
4547 4548 16
4547 7080 3
4547 8395 23
4548 1835 8
4548 4549 3
4548 7021 5
4548 7811 11
4548 8861 14
4549 1348 16
4549 4550 12
4549 5709 17
4549 6745 9
4550 1791 12
4550 2182 19
4550 4551 10
4550 5698 16
4550 5718 2
4550 9140 19
4551 506 15
4551 4552 1
4552 4088 4
4552 4553 10
4553 506 7
4553 530 11
4553 2616 20
4553 4554 16
4553 6853 23
4554 4411 6
4554 4555 22
4554 6263 17
4554 6604 2
4555 1360 10
4555 4556 12
4555 4670 13
4555 7700 5
4555 8663 12
4556 469 7
4556 895 16
4556 2012 14
4556 3940 20
4556 4557 16
4557 2324 10
4557 4558 6
4557 8567 5
4558 4559 15
4558 6338 16
4558 6826 15
4558 7419 8
4558 9028 9
4558 9118 20
4559 1969 15
4559 2112 11
4559 4560 6
4559 6164 9
4559 8455 8
4559 8900 10
4560 4561 7
4560 7562 8
4560 8256 15
4561 2498 15
4561 4133 17
4561 4562 21
4561 5357 14
4561 6192 20
4562 771 17
4562 4563 7
4562 5154 10
4562 9662 17
4563 4564 1
4563 4987 6
4563 7279 14
4563 7790 8
4563 7865 13
4563 9383 10
4564 4565 17
4564 6038 23
4564 6377 13
4564 9713 3
4565 2730 13
4565 4566 9
4565 6405 15
4566 634 20
4566 1198 23
4566 1214 2
4566 1833 5
4566 1951 14
4566 4567 15
4566 4967 2
4567 3023 9
4567 4255 10
4567 4568 18
4567 4823 19
4567 5142 12
4567 5839 23
4567 5905 4
4567 6657 1
4567 7003 11
4567 9817 23
4568 1860 17
4568 4569 4
4568 8152 15
4569 858 17
4569 2534 12
4569 3497 9
4569 4570 12
4570 4571 2
4570 5043 18
4571 111 17
4571 2330 19
4571 4572 6
4571 4577 10
4571 6605 15
4572 679 22
4572 4573 16
4572 5166 1
4573 817 12
4573 1275 1
4573 2387 9
4573 4199 6
4573 4574 8
4573 6631 3
4573 8310 18
4574 712 16
4574 1116 23
4574 1779 17
4574 1840 17
4574 1844 16
4574 4541 4
4574 4575 15
4574 9561 18
4575 2306 13
4575 4576 3
4575 6460 14
4576 245 16
4576 2891 2
4576 4577 15
4576 5315 13
4576 5748 16
4577 1237 18
4577 2144 20
4577 4578 21
4577 7132 10
4578 2229 1
4578 4516 22
4578 4579 16
4578 8346 13
4579 1085 18
4579 3496 11
4579 4146 22
4579 4580 4
4580 2742 3
4580 4581 3
4581 1665 10
4581 4582 10
4581 5998 14
4582 795 6
4582 1065 23
4582 1192 21
4582 1200 10
4582 4403 20
4582 4583 14
4582 5488 22
4583 3426 11
4583 4584 12
4583 6885 16
4584 1126 10
4584 4585 23
4584 7268 9
4584 7459 8
4585 2048 6
4585 2796 13
4585 4586 20
4585 4800 9
4585 5384 11
4586 838 10
4586 1669 14
4586 3699 21
4586 4587 18
4587 2503 21
4587 4588 7
4588 1772 4
4588 2923 8
4588 3087 18
4588 3526 23
4588 4589 4
4588 5730 8
4588 7507 9
4589 1301 4
4589 4590 23
4589 6981 13
4590 3449 21
4590 4591 19
4590 6330 13
4590 6855 21
4591 825 18
4591 978 2
4591 1847 5
4591 4592 12
4591 9678 16
4592 2392 17
4592 3309 10
4592 3768 9
4592 4582 6
4592 4593 16
4592 8891 2
4593 4594 10
4593 7555 7
4593 7603 11
4594 2753 12
4594 4322 11
4594 4595 14
4594 4839 20
4594 9903 15
4595 55 3
4595 1176 9
4595 1670 22
4595 4596 2
4595 6221 20
4595 7626 19
4595 9855 13
4595 9901 11
4596 1013 20
4596 4597 8
4596 7474 1
4596 9811 17
4597 3771 4
4597 4264 8
4597 4598 18
4597 5805 6
4598 4599 6
4598 5044 10
4599 4600 16
4599 7981 1
4599 8302 4
4600 637 23
4600 2302 23
4600 2313 12
4600 4103 3
4600 4601 13
4600 6613 19
4600 9646 2
4601 2495 9
4601 4602 1
4601 5296 2
4601 7965 22
4601 8760 13
4602 25 8
4602 978 21
4602 2025 15
4602 2106 8
4602 4603 15
4603 4604 17
4604 4605 1
4604 5839 13
4604 6145 17
4604 7644 11
4604 9031 2
4604 9082 19
4605 2973 15
4605 4606 23
4606 259 8
4606 4607 14
4606 5972 10
4606 8793 8
4607 4608 13
4608 2624 14
4608 4609 11
4608 6747 4
4609 724 5
4609 1250 16
4609 2746 18
4609 4610 21
4610 534 2
4610 1679 8
4610 4611 23
4611 3753 13
4611 4612 13
4611 5787 3
4611 9209 9
4612 274 7
4612 305 12
4612 4613 6
4612 9225 21
4613 1361 13
4613 3719 17
4613 4386 6
4613 4614 3
4613 5787 13
4613 5926 18
4613 7293 16
4613 9046 9
4614 709 9
4614 4615 2
4614 5040 7
4614 5790 20
4614 7724 8
4614 8808 10
4615 2453 12
4615 4616 23
4615 5763 17
4615 6120 15
4615 6174 9
4615 6456 17
4615 8050 17
4616 98 21
4616 2344 20
4616 4617 10
4616 5197 8
4616 7073 11
4616 8651 2
4616 9497 18
4617 1365 1
4617 1560 23
4617 4618 6
4617 4832 11
4618 4619 7
4619 195 21
4619 1320 16
4619 2110 2
4619 2462 23
4619 4620 9
4619 7800 21
4619 9716 5
4620 199 2
4620 2609 19
4620 4621 14
4620 5677 19
4620 8976 8
4621 4579 15
4621 4622 12
4621 5760 10
4621 6338 13
4621 7670 6
4621 9948 6
4622 792 6
4622 1345 14
4622 4623 23
4622 4789 9
4622 4932 3
4622 4978 16
4622 6026 18
4623 4450 21
4623 4624 3
4623 7336 21
4623 9758 20
4624 4625 3
4624 8211 13
4624 9927 6
4625 2675 19
4625 4626 2
4625 6179 6
4625 7790 22
4626 457 5
4626 1391 16
4626 1508 18
4626 1597 18
4626 2466 10
4626 4627 6
4627 2353 1
4627 4134 15
4627 4628 20
4627 5012 3
4627 8179 9
4628 1671 12
4628 4629 1
4628 4874 23
4628 5048 15
4629 181 14
4629 990 20
4629 1332 19
4629 4238 5
4629 4630 23
4629 7909 2
4629 8018 4
4629 8380 21
4630 1418 5
4630 3099 18
4630 4631 8
4630 6233 1
4630 9650 11
4631 4632 11
4632 78 2
4632 3989 9
4632 4633 9
4632 6123 22
4633 225 13
4633 384 7
4633 4634 16
4634 4635 11
4634 8608 1
4635 1807 18
4635 4341 18
4635 4636 19
4635 6838 20
4635 6847 12
4636 1627 5
4636 3126 7
4636 3142 1
4636 3236 12
4636 3992 7
4636 4637 11
4636 7662 9
4637 1858 13
4637 2793 21
4637 3436 8
4637 4638 18
4637 9487 21
4638 1184 11
4638 1518 1
4638 2619 8
4638 4639 14
4638 7832 19
4638 9660 6
4639 191 11
4639 4640 7
4639 5246 6
4640 2518 14
4640 2706 18
4640 4641 21
4640 5117 11
4640 8329 22
4640 8520 16
4641 313 8
4641 474 21
4641 2158 12
4641 3408 17
4641 4642 7
4641 7089 21
4641 7660 4
4641 8827 18
4641 9266 11
4641 9675 12
4642 4643 15
4642 5424 7
4642 8617 22
4643 4644 13
4643 9496 21
4644 4645 7
4644 4754 4
4644 7533 7
4645 4646 18
4645 5442 8
4645 7548 7
4646 3699 10
4646 4647 23
4646 9050 15
4646 9919 14
4647 123 14
4647 1953 10
4647 3505 20
4647 4648 1
4647 6175 1
4648 739 9
4648 1353 5
4648 4649 5
4648 4825 22
4648 5607 12
4648 7263 9
4649 2413 23
4649 4650 11
4649 6003 13
4649 8356 8
4650 491 23
4650 2144 7
4650 4651 13
4650 8468 5
4651 4652 12
4651 7370 22
4651 7738 16
4652 491 1
4652 517 1
4652 1443 9
4652 3635 3
4652 4653 2
4652 6737 16
4652 9350 14
4653 4654 1
4653 9256 3
4654 588 9
4654 942 14
4654 4655 18
4654 8348 18
4655 3395 16
4655 4656 4
4655 7239 7
4656 1089 20
4656 2845 4
4656 4657 1
4656 5393 22
4656 5534 5
4656 6384 22
4656 6455 7
4657 2162 5
4657 2384 12
4657 4658 20
4657 6788 9
4658 434 18
4658 1049 22
4658 1460 19
4658 3283 14
4658 4063 22
4658 4659 23
4658 9173 10
4659 1268 7
4659 1924 19
4659 4660 13
4659 7045 18
4659 7211 3
4660 1086 10
4660 1708 13
4660 3012 3
4660 3480 11
4660 3665 13
4660 4661 20
4661 276 4
4661 538 2
4661 3521 1
4661 4662 17
4662 4663 16
4662 5990 4
4662 6574 17
4662 7584 13
4662 9269 21
4662 9417 7
4663 3743 4
4663 4415 3
4663 4664 17
4663 6677 7
4663 9329 3
4663 9788 13
4664 4231 4
4664 4665 20
4664 5275 2
4664 8556 2
4665 4295 5
4665 4666 16
4665 4879 14
4665 6569 6
4665 8737 23
4666 2758 8
4666 4667 15
4666 7242 16
4667 1146 9
4667 4501 10
4667 4668 1
4667 5223 8
4668 1846 17
4668 4669 8
4669 4670 2
4670 1133 6
4670 2292 15
4670 4671 19
4670 4925 19
4670 7282 6
4670 8656 2
4671 414 14
4671 1742 23
4671 4672 9
4671 7701 17
4671 8038 17
4671 8227 9
4671 9982 2
4672 465 3
4672 582 21
4672 707 14
4672 2332 9
4672 2786 12
4672 4038 23
4672 4673 1
4672 8924 17
4672 9804 4
4673 29 18
4673 800 16
4673 2027 11
4673 4674 15
4673 8789 8
4674 4517 22
4674 4675 7
4674 8307 13
4675 259 12
4675 2498 14
4675 2592 10
4675 2690 9
4675 4676 9
4675 5746 6
4675 6468 20
4675 9221 13
4675 9937 2
4676 4677 2
4676 7879 17
4677 4678 14
4677 6765 22
4677 7394 12
4677 7586 18
4678 953 11
4678 4679 14
4679 869 10
4679 2928 6
4679 3679 16
4679 4680 11
4680 4681 1
4680 6805 23
4680 7592 6
4681 866 4
4681 1082 20
4681 4682 22
4681 9862 6
4682 320 19
4682 788 1
4682 875 15
4682 1612 17
4682 1910 3
4682 3372 14
4682 3423 16
4682 3733 1
4682 4683 9
4682 4863 22
4682 5883 23
4682 7457 15
4682 9145 22
4682 9172 3
4682 9716 19
4683 195 9
4683 3212 10
4683 4684 13
4683 6655 7
4683 7178 7
4684 397 11
4684 4685 21
4684 7488 8
4685 784 3
4685 4686 8
4685 7666 23
4685 9961 14
4686 4687 14
4686 8096 16
4687 1308 16
4687 2420 12
4687 3029 12
4687 4688 18
4687 8611 2
4688 4094 13
4688 4689 7
4688 6533 5
4689 813 4
4689 1210 15
4689 4690 5
4690 597 22
4690 4691 3
4690 6313 23
4690 8961 15
4690 9985 4
4691 886 15
4691 2349 18
4691 4692 1
4691 9201 22
4691 9570 23
4692 421 19
4692 2985 13
4692 4640 22
4692 4693 21
4692 8924 18
4693 195 3
4693 2954 19
4693 4694 4
4693 8984 20
4693 9050 4
4693 9799 11
4694 570 16
4694 2951 21
4694 3408 17
4694 4695 13
4694 8585 6
4694 9688 23
4695 349 22
4695 1503 8
4695 3068 12
4695 4696 20
4695 4897 5
4695 9809 14
4696 1713 22
4696 2429 11
4696 2502 17
4696 4515 12
4696 4697 23
4696 7916 22
4697 463 8
4697 2320 13
4697 4698 9
4697 9349 16
4697 9392 14
4697 9902 17
4698 4699 7
4699 2532 1
4699 4700 13
4699 9563 4
4700 4701 17
4700 7842 18
4700 9466 17
4700 9909 17
4701 849 23
4701 982 21
4701 1205 9
4701 4702 17
4702 6 4
4702 4363 10
4702 4495 5
4702 4703 5
4702 4788 13
4702 5946 6
4703 1300 10
4703 1341 19
4703 4704 11
4703 7675 18
4704 1180 19
4704 2368 2
4704 3545 21
4704 4403 4
4704 4705 17
4704 9596 9
4705 922 11
4705 1743 22
4705 3613 8
4705 3689 15
4705 4706 18
4705 8643 20
4705 9143 12
4706 445 18
4706 2075 4
4706 4707 1
4706 6452 20
4707 2498 15
4707 3903 8
4707 4086 22
4707 4708 8
4707 6993 16
4708 1144 8
4708 3226 5
4708 4287 15
4708 4709 1
4708 5093 11
4708 6791 4
4709 19 4
4709 420 4
4709 616 9
4709 4076 23
4709 4710 6
4709 5822 18
4709 7775 4
4709 9182 20
4710 1637 8
4710 2420 17
4710 3117 1
4710 4711 18
4710 6419 5
4711 371 14
4711 441 11
4711 2035 15
4711 4712 4
4711 7489 4
4711 8417 14
4712 6 8
4712 1801 4
4712 2075 4
4712 4713 15
4713 4714 5
4713 6511 8
4713 7031 10
4713 7729 3
4714 1214 5
4714 2756 9
4714 4316 9
4714 4715 15
4714 6693 6
4714 7396 7
4714 8978 13
4714 9179 23
4715 168 9
4715 4563 10
4715 4716 15
4715 6788 4
4716 1762 7
4716 4717 19
4716 5309 12
4716 7481 22
4716 7666 7
4716 8329 1
4716 8586 14
4716 8890 21
4717 1091 8
4717 1438 4
4717 4718 16
4718 2277 22
4718 4719 10
4718 6914 2
4719 1433 3
4719 2497 4
4719 4720 20
4719 4923 9
4720 4027 10
4720 4473 23
4720 4721 13
4720 8336 3
4720 9422 10
4720 9717 9
4721 2616 18
4721 4474 15
4721 4722 23
4721 5172 11
4722 629 17
4722 2015 7
4722 4256 13
4722 4723 5
4722 9971 3
4723 2357 14
4723 2813 2
4723 4724 5
4723 5265 23
4723 7371 10
4723 8579 7
4724 2103 10
4724 4725 1
4724 6148 4
4725 905 17
4725 2092 5
4725 2504 23
4725 4726 2
4725 8226 13
4725 9557 10
4726 1316 16
4726 3150 16
4726 4727 13
4726 5671 3
4726 7551 10
4726 8464 13
4727 2523 9
4727 4728 18
4727 4775 11
4727 8373 15
4728 1803 22
4728 2242 18
4728 4729 11
4728 6523 18
4729 1422 17
4729 3445 3
4729 3671 16
4729 4730 10
4729 5244 9
4729 6221 23
4729 7398 1
4730 3877 12
4730 4731 15
4730 5182 12
4730 7134 7
4730 7805 10
4730 8075 23
4731 4732 12
4732 155 11
4732 390 20
4732 2383 8
4732 4338 22
4732 4733 13
4732 8589 22
4733 2103 1
4733 4081 12
4733 4734 7
4734 274 9
4734 521 5
4734 2242 22
4734 3242 17
4734 3377 23
4734 4603 19
4734 4735 12
4734 6561 2
4734 8491 17
4735 343 2
4735 481 20
4735 2605 10
4735 4736 23
4735 4995 20
4735 8521 3
4735 9423 14
4736 4737 9
4736 8227 16
4737 2615 14
4737 4339 8
4737 4552 1
4737 4738 12
4737 5742 20
4737 6090 9
4737 9955 11
4738 1521 11
4738 1911 1
4738 4727 11
4738 4739 4
4738 9339 23
4738 9755 15
4739 1379 18
4739 1440 16
4739 4483 19
4739 4740 19
4739 5609 13
4740 4741 9
4740 7006 12
4740 8361 20
4741 2217 21
4741 3866 6
4741 4742 2
4741 7641 10
4742 1490 9
4742 1758 23
4742 4743 17
4742 7038 22
4743 1111 7
4743 1211 22
4743 2047 17
4743 4744 19
4743 6144 1
4743 6273 20
4744 4561 2
4744 4745 12
4744 5986 10
4745 148 16
4745 519 6
4745 4746 18
4745 5064 13
4745 7494 21
4745 7495 11
4746 4747 1
4746 9607 8
4747 4181 22
4747 4473 5
4747 4700 10
4747 4748 18
4747 5727 9
4747 8343 4
4748 397 9
4748 1970 13
4748 4641 9
4748 4749 2
4748 6848 1
4748 9315 23
4748 9983 5
4749 476 11
4749 862 19
4749 1987 14
4749 4676 22
4749 4750 6
4750 962 10
4750 2031 9
4750 2558 6
4750 4751 1
4750 6283 14
4750 7052 20
4751 1703 20
4751 4153 12
4751 4752 17
4751 5140 11
4751 8989 17
4752 4753 23
4752 7631 15
4753 845 7
4753 3623 17
4753 4754 16
4754 4134 6
4754 4755 2
4754 5542 19
4755 294 16
4755 791 9
4755 2187 18
4755 4756 19
4755 7144 7
4756 437 19
4756 1520 16
4756 4757 21
4756 7065 19
4756 8470 16
4757 4575 12
4757 4758 13
4757 6614 14
4758 4508 16
4758 4525 6
4758 4759 20
4758 6140 15
4758 7122 8
4758 8075 11
4759 3975 15
4759 4760 3
4759 6466 2
4760 1975 20
4760 2252 2
4760 4761 2
4760 5284 12
4760 6731 12
4760 7290 7
4761 86 21
4761 2649 4
4761 4762 16
4761 5997 10
4761 6944 4
4761 8281 15
4762 4763 11
4762 9494 17
4763 168 11
4763 1141 5
4763 1449 14
4763 1588 4
4763 2253 5
4763 2656 4
4763 3151 8
4763 4764 23
4763 7994 21
4764 4765 5
4764 7958 8
4765 1047 22
4765 1223 21
4765 4766 9
4765 6444 12
4766 1328 20
4766 1814 21
4766 2691 8
4766 4767 6
4766 8162 18
4766 8550 11
4767 463 21
4767 2216 2
4767 2998 14
4767 3916 13
4767 4768 4
4767 6005 8
4767 6822 10
4767 7174 23
4767 7862 17
4767 8530 11
4768 3683 3
4768 4769 11
4768 7098 14
4769 655 4
4769 3061 1
4769 4770 1
4770 1748 5
4770 4771 22
4770 9090 21
4771 913 23
4771 4772 1
4772 1880 8
4772 4773 17
4772 5862 10
4772 8247 4
4773 3680 12
4773 4250 18
4773 4774 14
4773 8346 7
4773 8531 10
4774 4775 17
4774 7192 13
4774 9589 10
4774 9662 11
4775 4776 5
4775 8228 17
4776 1191 17
4776 3759 13
4776 4777 15
4776 6498 14
4777 381 6
4777 1816 18
4777 2566 8
4777 4240 17
4777 4778 5
4777 6959 7
4778 4779 18
4779 650 5
4779 2804 11
4779 4113 2
4779 4780 12
4779 6331 13
4779 8463 1
4780 298 11
4780 1507 22
4780 4781 7
4781 4782 21
4781 4949 7
4782 3016 2
4782 4783 7
4782 9240 14
4782 9424 9
4783 2073 23
4783 3583 3
4783 4784 8
4783 7981 12
4784 3115 8
4784 4785 2
4784 5341 2
4784 7413 4
4785 1342 18
4785 4786 10
4785 5604 14
4785 8730 20
4786 462 20
4786 2102 4
4786 4787 18
4786 8500 12
4787 1105 17
4787 1672 3
4787 2489 4
4787 4788 23
4787 6606 6
4788 4440 4
4788 4789 18
4788 6083 19
4788 6631 16
4788 7642 4
4788 8377 20
4789 284 7
4789 1642 12
4789 2243 2
4789 3116 21
4789 4790 3
4789 5417 8
4789 6209 3
4790 2375 7
4790 4726 2
4790 4791 9
4790 4882 11
4790 5528 19
4790 8337 2
4790 9462 7
4791 2342 15
4791 2669 17
4791 3827 17
4791 4792 8
4791 6349 15
4792 204 15
4792 585 15
4792 936 8
4792 1055 8
4792 2427 15
4792 4717 19
4792 4793 13
4792 6070 9
4792 6692 6
4792 8488 12
4792 9335 2
4793 2357 11
4793 2441 18
4793 4794 8
4793 6706 2
4793 9386 4
4793 9653 16
4794 1195 16
4794 4795 10
4794 7378 19
4795 869 12
4795 4796 23
4796 4632 18
4796 4797 21
4796 6243 3
4797 614 5
4797 3039 18
4797 4798 8
4797 6756 4
4797 9189 16
4798 1740 17
4798 1797 10
4798 4799 16
4798 6295 8
4799 1356 3
4799 4800 23
4799 5378 2
4799 7220 20
4800 1663 1
4800 1926 14
4800 4180 9
4800 4801 12
4800 7108 21
4801 904 5
4801 2180 12
4801 4802 18
4801 4851 22
4801 5375 23
4801 6339 6
4802 674 13
4802 3554 3
4802 4145 19
4802 4803 15
4802 6108 6
4802 7758 11
4802 8302 21
4802 9536 18
4803 1166 11
4803 2188 13
4803 3688 17
4803 4667 23
4803 4804 8
4803 9532 13
4803 9828 17
4804 847 14
4804 1075 10
4804 4805 3
4804 7068 2
4804 7292 18
4805 816 5
4805 4090 2
4805 4246 20
4805 4806 16
4805 5561 16
4806 114 2
4806 383 7
4806 718 8
4806 1789 6
4806 4807 17
4806 4860 19
4806 5596 20
4806 8159 2
4806 8339 1
4807 1800 3
4807 4808 20
4807 8812 7
4808 731 9
4808 1273 21
4808 2111 2
4808 4809 18
4808 6671 17
4808 7978 8
4808 8678 1
4809 1430 16
4809 4810 16
4809 8145 14
4809 8741 2
4810 3478 6
4810 4811 7
4810 9579 2
4811 4812 23
4811 5988 7
4811 7955 13
4811 8309 8
4811 9881 19
4812 598 10
4812 4813 4
4812 7382 8
4812 9555 15
4813 1946 3
4813 3410 4
4813 4110 18
4813 4132 17
4813 4814 3
4814 1093 21
4814 2084 2
4814 2700 10
4814 4815 13
4814 4936 9
4814 7745 4
4815 4816 10
4815 8853 17
4815 9139 10
4816 3104 2
4816 4029 14
4816 4817 3
4816 5195 12
4817 1152 12
4817 1411 22
4817 4170 1
4817 4818 9
4818 455 15
4818 1139 14
4818 4819 14
4818 7563 6
4818 9357 14
4819 927 22
4819 4820 11
4819 7502 12
4819 9950 8
4820 1501 15
4820 1546 10
4820 2701 8
4820 4821 4
4820 5610 18
4820 6415 10
4820 9187 5
4821 804 8
4821 4360 8
4821 4822 10
4821 5606 22
4821 6173 18
4821 7135 17
4822 2116 1
4822 3029 9
4822 4823 10
4822 5556 1
4822 6534 15
4822 8089 2
4822 8486 7
4822 8598 13
4823 4824 5
4823 6325 3
4823 9022 8
4823 9672 11
4824 4825 13
4824 6899 15
4824 8230 23
4825 1155 22
4825 1648 10
4825 2180 20
4825 4646 7
4825 4826 18
4825 5522 12
4825 9407 14
4826 3732 4
4826 4528 6
4826 4827 14
4826 7257 14
4826 7527 1
4826 9918 17
4827 4828 19
4827 6565 11
4827 7451 16
4827 7769 5
4827 8929 7
4828 4829 1
4829 58 2
4829 1114 12
4829 2682 17
4829 2970 8
4829 4830 11
4829 7208 6
4829 7342 17
4829 8302 1
4829 9676 20
4830 903 7
4830 1246 7
4830 1906 9
4830 4831 3
4830 6610 19
4830 7744 10
4831 422 20
4831 3252 3
4831 4477 20
4831 4513 13
4831 4832 11
4832 123 11
4832 655 22
4832 716 23
4832 3524 15
4832 3590 18
4832 4833 3
4832 9833 12
4833 4463 21
4833 4834 10
4834 365 15
4834 4835 14
4834 4883 18
4834 5560 13
4835 1557 5
4835 4836 10
4836 1793 21
4836 3768 4
4836 4837 19
4837 2761 6
4837 4838 6
4837 5599 19
4837 7033 19
4837 7706 1
4837 8861 20
4838 877 23
4838 1573 23
4838 4839 23
4838 7161 1
4838 7721 16
4839 4706 9
4839 4840 5
4839 9911 7
4840 1299 21
4840 1678 10
4840 3476 15
4840 4290 22
4840 4841 18
4841 1078 4
4841 4490 2
4841 4842 14
4841 8720 7
4842 1816 9
4842 3426 6
4842 4843 2
4842 7594 14
4843 159 21
4843 199 3
4843 2252 21
4843 4844 2
4843 5264 21
4843 5271 20
4844 1073 18
4844 1168 6
4844 2219 6
4844 4845 14
4844 7954 5
4844 9607 7
4845 1669 22
4845 2969 16
4845 4846 6
4845 7243 15
4845 9096 12
4846 1156 23
4846 2626 2
4846 3736 5
4846 4847 16
4846 5071 7
4846 6726 9
4846 7200 23
4846 9225 16
4847 815 15
4847 857 9
4847 900 12
4847 2384 19
4847 4134 2
4847 4848 3
4847 5967 9
4847 6490 1
4847 9467 8
4848 1874 20
4848 1898 7
4848 4849 5
4848 5437 7
4848 8144 12
4849 711 13
4849 4850 6
4849 6567 21
4849 7026 9
4849 9811 9
4850 2514 11
4850 4440 17
4850 4851 21
4850 5580 1
4851 3152 14
4851 4852 8
4851 6983 8
4851 9010 9
4851 9606 3
4851 9671 7
4852 50 21
4852 785 16
4852 1438 20
4852 4853 18
4852 6238 11
4852 7485 10
4853 4854 22
4853 7072 9
4853 7507 5
4853 7602 9
4853 9301 2
4854 119 21
4854 657 17
4854 4855 20
4854 5144 12
4855 3218 22
4855 3667 10
4855 4856 17
4855 6326 6
4855 7186 21
4856 269 2
4856 3617 23
4856 3929 4
4856 4857 2
4856 6258 11
4856 7019 16
4856 8121 3
4857 2443 17
4857 4858 9
4857 8970 2
4858 2142 13
4858 4086 4
4858 4859 16
4858 8822 13
4859 1714 23
4859 3596 18
4859 4860 21
4859 8358 14
4860 4861 4
4860 8538 9
4860 9087 21
4860 9301 13
4861 62 3
4861 3698 15
4861 4862 20
4861 6750 22
4861 7147 18
4862 231 22
4862 502 1
4862 2679 19
4862 4566 3
4862 4863 17
4863 1714 10
4863 4297 12
4863 4864 15
4863 7884 15
4863 9027 5
4863 9797 16
4864 330 22
4864 1483 10
4864 3240 5
4864 4780 9
4864 4865 1
4864 9886 22
4865 3910 23
4865 4866 21
4865 5760 18
4866 1420 14
4866 4867 16
4866 5415 13
4867 1678 3
4867 2178 2
4867 4868 7
4867 6014 8
4867 6572 14
4867 7770 23
4867 8482 14
4867 8705 15
4867 8898 6
4868 4869 2
4868 5340 8
4868 8021 9
4869 4648 3
4869 4705 17
4869 4870 9
4869 7048 17
4869 8725 18
4870 1579 18
4870 2080 9
4870 4871 19
4870 5872 8
4870 6339 21
4870 8887 8
4871 4872 7
4871 9093 21
4872 2009 21
4872 4873 1
4872 6815 19
4873 2189 3
4873 4874 18
4874 1063 12
4874 3023 9
4874 4875 10
4875 3329 2
4875 4876 17
4875 7006 8
4875 7253 23
4875 7974 7
4875 9352 8
4876 2112 11
4876 2977 3
4876 2984 21
4876 4877 20
4876 6718 9
4877 4878 9
4878 2232 13
4878 4879 13
4878 5077 2
4878 9378 8
4878 9700 18
4878 9723 19
4879 1277 23
4879 4821 5
4879 4880 8
4880 4881 6
4881 217 22
4881 305 22
4881 4882 15
4881 6399 23
4881 9338 13
4882 2668 16
4882 4098 16
4882 4535 13
4882 4883 2
4882 6977 22
4882 9784 19
4883 1 14
4883 4884 19
4884 1477 23
4884 1777 2
4884 3354 1
4884 4885 21
4884 9883 6
4885 1231 3
4885 3310 19
4885 4884 18
4885 4886 23
4885 6095 19
4885 6715 19
4886 4471 10
4886 4887 20
4886 5571 8
4886 6504 17
4886 6687 15
4886 9236 6
4887 1376 17
4887 3329 10
4887 3395 3
4887 4888 12
4887 5247 22
4887 5621 1
4888 2478 22
4888 2999 9
4888 4889 22
4888 9836 9
4889 731 19
4889 881 4
4889 4890 19
4889 5219 12
4889 8646 10
4890 334 23
4890 2580 4
4890 3977 7
4890 4827 12
4890 4891 8
4890 5265 16
4890 8529 11
4891 1522 6
4891 4892 14
4891 5761 14
4891 7555 8
4891 8672 11
4891 9397 13
4892 1545 18
4892 3141 3
4892 3446 2
4892 4893 5
4892 7476 15
4893 2421 14
4893 4894 4
4893 9580 7
4894 2470 19
4894 2510 12
4894 4895 23
4895 4127 12
4895 4896 15
4895 6905 9
4896 921 19
4896 2501 9
4896 4897 15
4896 4966 15
4896 9446 10
4897 917 5
4897 1937 7
4897 4898 13
4897 6455 19
4897 6931 2
4897 7384 12
4897 8313 1
4897 9711 10
4897 9919 6
4898 28 19
4898 4899 19
4898 8036 13
4898 9861 19
4899 3764 21
4899 4900 16
4900 4901 2
4901 360 10
4901 2718 16
4901 4902 1
4901 9560 2
4901 9942 18
4902 549 15
4902 2527 9
4902 4193 22
4902 4903 15
4902 5443 2
4902 7739 14
4903 4904 10
4903 7404 17
4903 7555 19
4904 813 18
4904 3952 3
4904 4905 14
4904 8180 9
4904 8339 23
4904 9940 10
4905 4906 16
4905 5797 17
4905 8712 22
4905 9654 2
4906 330 3
4906 1409 22
4906 4907 14
4906 5766 10
4906 8076 2
4907 2573 8
4907 4908 17
4907 9716 14
4908 1554 4
4908 4909 4
4908 6080 22
4908 6110 19
4908 6246 5
4908 7207 11
4908 9645 23
4908 9793 3
4909 910 2
4909 2160 1
4909 3896 10
4909 4910 21
4909 7920 16
4909 9856 7
4910 572 1
4910 1580 20
4910 3648 19
4910 4911 9
4910 4917 7
4910 4972 5
4910 7279 5
4911 325 23
4911 1646 23
4911 1785 20
4911 1846 9
4911 2124 1
4911 4698 8
4911 4912 9
4912 1 15
4912 199 7
4912 1964 3
4912 2781 14
4912 2858 22
4912 3274 2
4912 4913 7
4912 6777 17
4912 7380 6
4913 1930 18
4913 3990 11
4913 4914 1
4913 6043 8
4913 6709 6
4914 3471 16
4914 4915 22
4914 5872 15
4915 294 23
4915 2362 19
4915 4816 9
4915 4916 10
4916 980 8
4916 4917 19
4916 5631 20
4916 6513 14
4917 1068 5
4917 1323 3
4917 4266 6
4917 4918 4
4917 5451 20
4917 8622 13
4918 3094 21
4918 4173 4
4918 4919 18
4918 8050 16
4918 9945 8
4919 1941 20
4919 4920 10
4919 6896 11
4919 8632 22
4920 2412 9
4920 4300 23
4920 4921 8
4920 7938 6
4921 114 15
4921 1143 3
4921 4922 15
4921 8093 18
4922 998 21
4922 3757 20
4922 4914 15
4922 4923 15
4923 4924 9
4923 9383 21
4924 975 17
4924 4925 21
4924 6690 3
4925 3397 10
4925 4926 14
4926 2838 13
4926 4199 19
4926 4927 19
4926 6888 11
4926 8170 1
4927 4928 18
4927 4997 16
4928 859 11
4928 3859 4
4928 4929 1
4928 5831 14
4929 373 5
4929 533 18
4929 4611 11
4929 4930 15
4929 7199 15
4929 8735 13
4930 436 17
4930 600 19
4930 2490 10
4930 3809 6
4930 4931 9
4930 5802 14
4930 7651 18
4931 4596 5
4931 4932 23
4931 6122 4
4931 7757 2
4932 1044 18
4932 2273 9
4932 4735 5
4932 4933 8
4932 7434 9
4932 8586 1
4933 2482 9
4933 4934 19
4933 5563 8
4933 8578 9
4934 4935 18
4934 6230 13
4934 7921 1
4934 9343 18
4935 2751 7
4935 3549 12
4935 4936 1
4935 7941 21
4935 8773 18
4936 4937 2
4937 4096 19
4937 4938 16
4937 6249 3
4937 6323 8
4937 7674 5
4938 1775 15
4938 2771 12
4938 4939 17
4938 6700 22
4938 9762 4
4939 630 4
4939 1106 19
4939 1136 17
4939 1774 17
4939 2592 14
4939 4200 11
4939 4940 9
4939 5180 9
4939 8524 10
4940 943 14
4940 2601 19
4940 3172 6
4940 3894 22
4940 4941 13
4940 5033 14
4940 7149 17
4940 8477 8
4941 4351 16
4941 4833 16
4941 4942 18
4941 6551 23
4941 8808 6
4942 2289 16
4942 3563 16
4942 4943 5
4942 5337 4
4943 4944 7
4943 6664 9
4943 9453 14
4944 2723 14
4944 4945 12
4944 7951 8
4944 8930 7
4944 9961 19
4945 1490 13
4945 3340 1
4945 4946 6
4946 2285 18
4946 4947 5
4946 5062 16
4946 6241 17
4946 9829 20
4947 1227 10
4947 3650 6
4947 3991 15
4947 4867 1
4947 4948 23
4947 9586 18
4948 170 8
4948 1304 12
4948 2950 16
4948 3843 14
4948 4949 20
4948 5221 1
4948 9415 16
4948 9834 3
4949 3354 6
4949 4950 12
4949 8009 10
4950 326 12
4950 4034 13
4950 4516 19
4950 4951 12
4950 6141 8
4951 4952 16
4951 9191 14
4952 4953 21
4952 4996 20
4952 5408 14
4952 7324 21
4953 3085 20
4953 4954 11
4954 2874 20
4954 3317 18
4954 4955 21
4954 5204 4
4955 457 20
4955 4956 5
4955 6392 5
4956 4052 9
4956 4957 5
4956 6494 13
4956 8125 10
4957 2209 17
4957 2378 20
4957 4958 14
4957 5509 10
4957 5646 9
4957 5740 19
4957 8238 20
4957 9644 2
4958 4959 20
4958 7890 5
4958 8020 21
4958 9296 15
4959 4565 6
4959 4960 12
4959 8299 7
4960 3069 12
4960 4961 21
4960 6587 16
4960 9957 20
4961 5 1
4961 1403 18
4961 1652 16
4961 2758 13
4961 4962 20
4961 6868 16
4961 7739 3
4961 9691 10
4962 700 1
4962 1234 22
4962 2284 9
4962 4535 14
4962 4963 3
4962 9468 5
4962 9620 7
4963 908 2
4963 2708 12
4963 4964 9
4964 2273 2
4964 3492 16
4964 4965 1
4964 5005 4
4965 509 12
4965 1372 20
4965 3224 21
4965 4966 22
4966 673 12
4966 1524 7
4966 3760 12
4966 4967 23
4967 3626 22
4967 4968 4
4967 5305 5
4968 736 13
4968 4969 18
4968 5735 22
4968 6036 18
4968 7590 19
4969 706 9
4969 1929 4
4969 1993 4
4969 4970 7
4969 6345 15
4969 7986 5
4970 4563 13
4970 4971 21
4970 5654 8
4971 1430 11
4971 3864 1
4971 4972 2
4972 85 16
4972 788 20
4972 2054 5
4972 2623 5
4972 4973 1
4972 5889 11
4973 768 21
4973 4974 1
4973 7083 14
4973 8400 14
4974 1010 16
4974 1611 17
4974 2060 12
4974 2942 23
4974 4975 15
4975 789 11
4975 1307 10
4975 3227 3
4975 4976 23
4975 6915 20
4975 7828 5
4976 908 1
4976 1681 19
4976 4977 5
4977 3658 6
4977 4823 17
4977 4978 23
4977 6163 19
4977 6864 2
4978 2018 10
4978 3143 19
4978 4979 19
4978 5583 13
4978 8445 15
4978 8477 15
4979 618 6
4979 2037 11
4979 2893 7
4979 4980 19
4980 4981 10
4981 195 6
4981 1243 3
4981 3782 2
4981 4982 16
4981 7019 3
4982 478 19
4982 680 21
4982 1181 3
4982 4983 5
4982 7765 14
4983 498 15
4983 2407 1
4983 2504 6
4983 3380 23
4983 3495 17
4983 4908 2
4983 4984 17
4983 9678 3
4984 1299 15
4984 1314 15
4984 4435 10
4984 4985 12
4984 5439 17
4985 2095 20
4985 2096 22
4985 2902 23
4985 4986 15
4985 8891 14
4986 600 15
4986 2941 7
4986 4987 23
4986 8760 12
4987 2183 15
4987 2234 8
4987 4598 23
4987 4988 9
4987 5946 14
4987 6595 23
4987 9422 7
4988 1349 4
4988 4989 17
4989 1200 10
4989 4990 12
4989 7764 16
4989 8580 4
4990 1189 20
4990 1250 2
4990 4773 7
4990 4991 12
4990 6925 11
4990 7077 10
4991 328 5
4991 345 15
4991 1599 13
4991 1646 8
4991 2806 19
4991 3369 21
4991 4992 20
4992 4223 7
4992 4993 9
4992 8866 2
4992 9853 5
4992 9945 4
4992 9981 1
4993 1938 2
4993 4994 4
4993 7404 18
4994 2991 10
4994 4995 4
4995 241 11
4995 1149 10
4995 1304 20
4995 4996 2
4995 5415 10
4995 7148 3
4995 8899 18
4996 638 15
4996 1556 18
4996 2473 17
4996 4997 18
4997 4571 8
4997 4998 21
4997 6420 14
4998 1600 11
4998 3808 20
4998 4999 9
4998 8809 4
4999 2222 1
4999 3021 7
4999 4199 2
4999 4208 15
4999 5000 11
5000 5001 23
5000 5073 21
5000 5533 11
5000 7104 18
5000 8390 19
5001 5002 13
5001 7313 19
5002 1183 9
5002 1800 1
5002 2532 14
5002 2705 1
5002 5003 19
5002 6159 20
5002 7984 17
5002 8154 5
5003 2339 18
5003 5004 2
5004 1795 13
5004 1877 22
5004 5005 18
5004 6429 17
5004 7527 19
5005 261 4
5005 2492 18
5005 2598 10
5005 3005 16
5005 5006 4
5005 7856 16
5005 9169 15
5006 2650 8
5006 5007 20
5006 7881 13
5007 5008 21
5007 7192 23
5007 9500 9
5008 2615 18
5008 3957 9
5008 5009 13
5008 7615 10
5009 120 17
5009 1180 15
5009 5010 19
5010 1284 16
5010 2725 23
5010 3333 2
5010 5011 18
5010 7016 9
5010 8009 19
5011 669 18
5011 1007 10
5011 1838 11
5011 5012 1
5011 8458 15
5011 8701 12
5011 9467 1
5012 5013 7
5012 5032 23
5013 773 18
5013 2001 21
5013 2028 18
5013 2643 19
5013 5014 4
5013 5547 13
5013 9098 8
5013 9136 23
5013 9330 12
5014 284 23
5014 440 18
5014 4704 4
5014 5015 12
5014 7349 10
5015 149 22
5015 649 8
5015 2659 6
5015 4505 21
5015 5016 22
5015 5415 4
5015 6914 13
5015 9825 1
5016 5017 7
5016 5355 13
5016 7401 9
5016 8144 17
5016 9967 18
5017 95 1
5017 1327 21
5017 5018 6
5017 7467 14
5018 364 1
5018 1618 15
5018 3297 9
5018 4262 20
5018 4348 8
5018 5019 10
5018 6010 15
5018 7026 1
5019 2642 6
5019 5020 16
5020 3384 21
5020 5021 3
5020 7078 2
5020 7651 22
5020 8290 21
5020 9714 10
5021 1726 22
5021 2006 1
5021 5022 5
5021 9041 13
5021 9616 5
5022 5023 16
5022 8287 21
5022 9513 4
5023 1953 3
5023 3996 8
5023 5024 19
5023 5329 12
5023 9615 6
5024 1982 4
5024 4121 12
5024 5025 2
5024 6299 7
5025 1520 18
5025 1988 5
5025 5026 5
5025 6169 14
5025 7294 3
5025 9166 6
5026 1711 7
5026 1909 6
5026 5027 17
5026 6234 13
5026 8140 9
5026 8391 19
5026 8693 7
5026 9418 12
5027 1172 4
5027 5028 12
5027 9019 17
5028 1310 5
5028 1615 21
5028 2053 12
5028 2158 17
5028 4020 17
5028 5029 11
5028 6965 23
5028 7931 1
5029 2307 19
5029 5030 10
5029 6104 15
5030 846 2
5030 5031 4
5031 5032 12
5032 1289 13
5032 3034 15
5032 5033 10
5032 6714 16
5032 8675 8
5032 8707 17
5033 1264 6
5033 5034 20
5033 5153 14
5033 7337 8
5033 8961 22
5033 9057 1
5034 710 9
5034 1910 16
5034 4226 14
5034 5035 16
5034 9414 14
5035 890 2
5035 1469 11
5035 4397 17
5035 5036 16
5035 5766 13
5035 5848 14
5035 8873 6
5036 3269 21
5036 5037 23
5037 328 22
5037 989 13
5037 3789 13
5037 5038 18
5037 5662 7
5038 1914 11
5038 2685 16
5038 4767 8
5038 4891 16
5038 4957 7
5038 5039 23
5038 9418 17
5039 353 17
5039 4172 12
5039 4457 23
5039 4460 10
5039 5040 4
5039 7030 6
5039 7728 20
5040 1385 12
5040 2471 11
5040 5041 7
5040 5107 12
5040 5958 12
5040 7288 14
5040 7929 22
5040 9035 3
5041 5042 13
5041 5562 1
5041 5924 19
5041 6396 9
5042 215 12
5042 2118 15
5042 3414 21
5042 5043 17
5042 7564 12
5042 8970 15
5043 736 13
5043 1658 18
5043 2622 4
5043 3499 3
5043 3951 20
5043 5044 2
5043 5144 12
5043 9033 1
5044 1483 21
5044 5045 1
5044 9450 17
5044 9957 14
5045 3974 18
5045 4042 22
5045 5046 9
5045 5902 10
5045 8375 1
5046 5047 8
5046 8413 13
5047 3925 8
5047 5048 6
5047 7105 22
5047 7596 9
5048 405 9
5048 2006 3
5048 5049 13
5048 9496 21
5049 119 11
5049 1332 18
5049 1364 22
5049 1830 22
5049 5050 21
5049 6385 22
5049 9404 23
5050 312 19
5050 428 8
5050 1006 5
5050 2308 10
5050 5051 10
5051 622 7
5051 3709 11
5051 4259 3
5051 5052 11
5052 348 2
5052 1944 5
5052 3176 11
5052 3998 20
5052 5053 13
5052 7130 10
5052 9160 9
5052 9319 15
5053 671 13
5053 3287 8
5053 4696 9
5053 5054 19
5053 6866 22
5053 9864 7
5054 1382 8
5054 5055 2
5054 5396 21
5054 6590 8
5054 8328 13
5055 190 21
5055 406 16
5055 1671 12
5055 5056 15
5055 5352 11
5055 5399 20
5055 9695 16
5056 3461 13
5056 5057 17
5056 5148 12
5056 5953 13
5056 8132 23
5057 180 6
5057 5058 1
5057 6998 13
5057 7331 3
5057 7890 4
5057 8382 12
5057 9687 9
5058 605 8
5058 1207 10
5058 1404 15
5058 3414 6
5058 5059 6
5058 7749 23
5058 9228 10
5059 2773 4
5059 2778 15
5059 4107 4
5059 5060 14
5059 5802 20
5060 12 1
5060 1677 22
5060 5061 8
5061 5062 12
5062 4228 4
5062 4850 7
5062 5063 8
5063 5064 10
5063 6418 7
5064 379 15
5064 1151 21
5064 5065 13
5064 7359 7
5064 7546 18
5064 8180 22
5065 383 6
5065 421 8
5065 817 8
5065 1093 3
5065 1759 21
5065 5066 15
5065 6577 6
5065 7215 22
5065 7747 3
5065 9821 5
5066 5067 18
5066 5781 11
5067 849 2
5067 2417 7
5067 3000 9
5067 4950 16
5067 5068 22
5067 5445 6
5067 6930 9
5067 9804 3
5068 1575 18
5068 3649 21
5068 5069 16
5069 1577 17
5069 2894 7
5069 3405 6
5069 4791 9
5069 5070 3
5069 5253 18
5069 9528 5
5070 1846 22
5070 5071 16
5070 8198 21
5070 8943 17
5071 1096 4
5071 1743 10
5071 5072 19
5071 5360 9
5071 7687 15
5071 9090 7
5072 460 19
5072 3987 23
5072 5073 6
5072 6865 21
5072 8042 9
5072 8071 22
5073 1521 8
5073 4836 21
5073 5031 18
5073 5074 6
5074 5075 15
5074 5220 11
5074 6798 19
5074 7612 9
5075 5076 2
5075 8657 8
5076 1578 21
5076 5077 16
5077 288 14
5077 4664 10
5077 5078 23
5078 1346 9
5078 5079 21
5078 9242 3
5079 5080 4
5079 7388 16
5080 1593 7
5080 2011 12
5080 2214 8
5080 2700 23
5080 2920 3
5080 3462 21
5080 3563 19
5080 5081 22
5080 6473 6
5081 450 1
5081 3707 1
5081 5082 5
5082 781 10
5082 1994 17
5082 4521 5
5082 5083 8
5083 1614 15
5083 5084 7
5084 844 4
5084 5085 22
5084 6007 1
5084 8322 4
5085 70 15
5085 942 19
5085 3006 9
5085 5086 15
5085 8927 11
5085 9856 2
5085 9990 20
5086 908 2
5086 1108 18
5086 5087 18
5086 8727 7
5087 307 20
5087 5088 12
5087 5720 6
5087 5732 10
5087 9375 2
5088 1027 2
5088 3786 17
5088 5089 1
5088 7218 8
5088 9502 21
5089 2133 2
5089 5090 20
5089 7000 6
5089 7562 13
5089 7857 7
5089 9535 22
5090 843 4
5090 2875 7
5090 3552 20
5090 4036 5
5090 5091 6
5090 6213 10
5090 7178 7
5090 7485 8
5091 239 6
5091 5092 6
5092 1810 16
5092 2618 3
5092 2991 4
5092 5093 8
5092 6620 5
5092 7648 16
5093 651 16
5093 1313 11
5093 5094 17
5093 7342 8
5094 423 2
5094 5046 1
5094 5095 13
5094 9165 12
5094 9341 22
5095 250 3
5095 2090 11
5095 3180 5
5095 5096 16
5095 5956 21
5096 2562 16
5096 2778 10
5096 3071 8
5096 3382 17
5096 3988 3
5096 5097 17
5096 6367 6
5096 8321 12
5097 1916 11
5097 3891 1
5097 5098 20
5097 6750 16
5097 9511 1
5098 305 2
5098 1259 23
5098 4443 10
5098 5099 12
5098 5615 23
5099 1858 10
5099 2930 10
5099 5100 19
5100 3860 19
5100 5101 20
5100 7400 20
5101 1618 19
5101 3033 22
5101 3136 1
5101 4163 2
5101 4978 2
5101 5102 20
5101 9451 20
5102 933 19
5102 1928 19
5102 3965 20
5102 5025 17
5102 5103 9
5102 5762 3
5102 9901 1
5103 2607 16
5103 5104 21
5103 6460 13
5103 8934 8
5103 9811 8
5103 9863 9
5104 468 17
5104 928 15
5104 2354 18
5104 5105 4
5105 1767 8
5105 5106 5
5106 5107 15
5106 8736 22
5106 9779 2
5107 392 1
5107 2129 10
5107 5108 3
5108 4926 3
5108 4934 3
5108 5109 23
5108 5663 3
5109 1872 8
5109 2578 15
5109 5110 9
5109 7763 21
5110 121 13
5110 428 21
5110 2071 16
5110 3953 22
5110 4696 13
5110 5111 13
5110 5158 4
5110 7390 12
5111 936 17
5111 4565 8
5111 5112 5
5111 6117 23
5111 6945 21
5111 7088 16
5112 1305 21
5112 4125 1
5112 5113 14
5112 7003 10
5113 1514 13
5113 3853 13
5113 4536 3
5113 4807 14
5113 5114 11
5113 7459 6
5114 656 13
5114 2595 10
5114 5115 11
5115 52 23
5115 3136 5
5115 5116 13
5116 2014 8
5116 5117 13
5116 5828 5
5117 1524 5
5117 2143 2
5117 3555 13
5117 5118 3
5117 8907 13
5118 403 21
5118 4601 21
5118 5119 6
5119 2849 2
5119 5120 5
5119 6000 15
5119 7057 4
5119 7437 16
5119 9738 7
5120 150 2
5120 2015 22
5120 4802 6
5120 5121 3
5120 6604 4
5121 1718 18
5121 3296 22
5121 5122 2
5122 1837 8
5122 1844 4
5122 3789 5
5122 5123 12
5122 6262 1
5122 6263 20
5122 7321 18
5122 9275 19
5123 180 7
5123 5124 9
5123 9491 17
5124 202 1
5124 560 20
5124 592 13
5124 3263 2
5124 4585 22
5124 5125 9
5124 7386 20
5125 2375 13
5125 3015 5
5125 3670 18
5125 5126 9
5125 6926 17
5126 6 22
5126 4197 14
5126 5127 22
5126 9580 11
5127 971 18
5127 1135 14
5127 5128 23
5127 5542 4
5127 7349 12
5127 7498 8
5128 2018 14
5128 4325 3
5128 5129 19
5128 5354 6
5128 5970 22
5128 7465 23
5128 8163 13
5128 8735 10
5128 8989 11
5128 9071 22
5129 3618 18
5129 4719 18
5129 5130 15
5130 396 20
5130 1740 20
5130 4236 20
5130 4851 1
5130 5131 16
5130 5754 21
5130 7098 17
5131 1149 13
5131 1997 4
5131 5132 22
5132 1165 19
5132 5133 1
5133 1076 9
5133 4358 8
5133 4884 1
5133 5134 16
5133 9165 21
5133 9216 21
5134 1221 6
5134 1653 10
5134 4388 9
5134 5135 4
5134 5175 1
5135 3856 1
5135 4395 14
5135 5136 16
5135 7665 23
5135 9082 2
5136 3520 17
5136 3868 11
5136 5137 20
5136 8496 12
5137 702 3
5137 5138 2
5137 5324 4
5137 5748 19
5138 2702 15
5138 5139 5
5138 5243 6
5139 5140 7
5139 5700 6
5140 2285 15
5140 5141 23
5140 6110 4
5140 7346 15
5140 9314 14
5141 1985 15
5141 5142 21
5141 5239 17
5141 7338 2
5142 2941 6
5142 5143 23
5142 5297 3
5142 6266 7
5142 7606 9
5142 9267 12
5143 2247 1
5143 5144 9
5144 2994 11
5144 3950 7
5144 5145 9
5144 6237 9
5144 6967 16
5145 568 16
5145 4970 14
5145 5146 19
5146 4781 1
5146 5147 23
5146 6424 22
5146 7711 23
5147 2481 12
5147 3156 12
5147 5148 22
5147 9536 18
5148 163 18
5148 1575 2
5148 5149 15
5148 5357 1
5148 7588 23
5149 5150 21
5149 7123 6
5149 9089 9
5149 9282 21
5149 9596 11
5150 5151 4
5150 9248 9
5151 160 15
5151 885 12
5151 4641 16
5151 5152 10
5151 7724 10
5151 8580 19
5152 1066 15
5152 2984 17
5152 3520 4
5152 3947 5
5152 5153 13
5152 8020 13
5153 2041 13
5153 3281 10
5153 4012 21
5153 5154 2
5153 6109 18
5153 7813 14
5154 464 8
5154 503 1
5154 3245 1
5154 5155 13
5154 8198 17
5155 220 12
5155 5156 12
5155 5330 8
5155 7373 14
5156 329 17
5156 390 19
5156 1796 8
5156 3314 19
5156 3731 19
5156 5157 1
5156 5677 15
5157 2755 20
5157 5158 1
5157 6919 7
5157 9430 2
5158 1087 16
5158 2054 3
5158 3875 19
5158 5159 23
5158 5503 10
5158 5853 15
5158 6279 7
5158 7959 21
5159 193 21
5159 5160 3
5160 985 17
5160 1444 13
5160 4680 7
5160 4850 1
5160 5161 1
5160 8251 6
5160 9181 1
5161 2052 20
5161 2547 16
5161 2618 14
5161 4113 4
5161 5162 20
5161 5513 19
5161 6550 2
5161 8846 10
5162 2773 20
5162 4747 3
5162 5163 1
5162 7356 10
5162 8365 17
5163 2487 11
5163 2729 11
5163 5164 19
5163 5324 5
5163 7596 18
5164 1517 7
5164 3573 22
5164 3747 21
5164 5165 13
5164 6558 14
5164 7152 15
5164 7271 15
5165 4259 14
5165 5148 4
5165 5166 2
5165 7078 17
5166 183 18
5166 3368 8
5166 3665 5
5166 5167 7
5166 5241 18
5167 617 17
5167 4029 16
5167 5136 14
5167 5168 10
5167 5677 22
5168 250 13
5168 4612 13
5168 5169 23
5168 6612 14
5168 9647 21
5169 4194 19
5169 5170 21
5169 5182 3
5170 230 11
5170 3003 16
5170 3919 18
5170 4138 21
5170 5171 1
5170 7595 8
5171 952 19
5171 1257 18
5171 5172 5
5171 9753 5
5172 5173 14
5172 7326 1
5173 41 17
5173 566 9
5173 832 8
5173 855 14
5173 970 22
5173 1536 2
5173 5174 19
5173 9083 3
5174 3111 10
5174 3264 6
5174 5175 15
5175 1894 10
5175 5176 17
5175 5451 14
5175 6307 15
5176 1541 5
5176 1593 17
5176 5177 9
5176 6847 6
5176 7966 6
5177 280 17
5177 1800 2
5177 2767 4
5177 3871 19
5177 5178 10
5177 6441 20
5177 8547 21
5178 1422 14
5178 3477 2
5178 5179 14
5178 6554 2
5178 6557 16
5178 7682 19
5179 5180 10
5179 9325 16
5180 4884 4
5180 5181 7
5180 8457 4
5180 9783 21
5181 712 5
5181 1679 15
5181 5182 7
5181 7681 6
5182 5183 12
5182 7107 23
5183 4549 9
5183 5184 20
5183 5224 20
5183 5767 1
5183 9620 12
5184 1673 6
5184 3352 20
5184 5185 15
5184 6778 20
5184 6953 19
5185 2260 21
5185 5186 12
5186 93 12
5186 212 4
5186 246 2
5186 837 3
5186 5187 15
5187 521 5
5187 1249 20
5187 1589 19
5187 2916 3
5187 5188 10
5187 7934 6
5187 9999 22
5188 5189 18
5189 196 23
5189 4847 18
5189 5190 18
5189 6432 23
5189 7737 9
5189 8922 16
5190 1754 21
5190 2902 15
5190 5191 4
5190 6210 10
5191 679 8
5191 3886 17
5191 5192 21
5191 7448 7
5191 8188 4
5192 761 23
5192 3060 17
5192 4319 4
5192 5193 5
5193 1127 20
5193 4272 22
5193 5194 16
5193 7763 23
5193 7899 18
5193 8532 20
5194 1644 22
5194 4707 7
5194 5195 15
5194 8324 1
5195 1787 7
5195 5196 11
5195 5375 22
5195 6023 18
5195 6675 6
5196 3629 8
5196 5197 13
5197 3029 9
5197 3262 22
5197 3495 7
5197 5198 12
5197 7113 18
5198 3527 21
5198 5118 14
5198 5199 2
5199 1765 18
5199 5057 22
5199 5200 3
5199 6593 7
5199 7445 14
5199 9519 21
5200 5201 12
5200 7265 17
5201 137 19
5201 238 4
5201 377 13
5201 4580 7
5201 5202 1
5201 6419 12
5201 7518 5
5202 1480 15
5202 1860 9
5202 5203 7
5203 3040 18
5203 5204 6
5204 2286 15
5204 3337 19
5204 5205 15
5205 134 17
5205 2901 21
5205 4853 7
5205 5206 12
5206 1225 9
5206 1851 20
5206 2720 23
5206 2852 3
5206 5207 19
5206 5407 14
5206 6399 4
5207 5208 11
5207 6090 3
5207 8228 6
5207 8686 9
5207 8816 12
5207 9452 1
5207 9806 2
5208 808 9
5208 3762 4
5208 3880 14
5208 4322 13
5208 5209 17
5208 7506 14
5209 3951 13
5209 5210 18
5209 6105 17
5209 7211 14
5209 7219 3
5209 7532 13
5209 8911 7
5210 1118 2
5210 1972 16
5210 3642 5
5210 5211 7
5211 1850 2
5211 5212 11
5212 2210 18
5212 5213 7
5212 7144 22
5212 9207 17
5213 4970 22
5213 5214 11
5214 4651 5
5214 5215 6
5214 5683 14
5215 1836 17
5215 2139 16
5215 2418 6
5215 3461 9
5215 5044 18
5215 5216 22
5215 7334 10
5216 406 6
5216 1288 9
5216 1574 17
5216 2024 19
5216 2811 14
5216 3882 21
5216 5217 17
5216 5350 4
5216 7429 17
5216 8729 7
5216 9092 19
5217 1870 19
5217 4124 21
5217 5218 2
5217 5918 3
5218 5219 5
5218 8409 21
5218 9857 21
5219 1057 11
5219 5220 18
5219 6987 4
5219 8492 10
5219 9073 18
5220 1130 2
5220 1524 11
5220 5221 21
5220 7046 19
5221 603 11
5221 954 14
5221 1850 14
5221 2273 7
5221 5222 21
5221 5838 11
5221 9379 2
5222 95 3
5222 789 21
5222 2299 9
5222 4243 23
5222 5223 19
5223 3595 4
5223 5051 8
5223 5224 13
5223 5851 3
5223 7692 18
5223 7815 6
5223 8123 5
5223 8720 18
5224 1505 19
5224 2306 22
5224 3830 20
5224 5225 1
5224 6663 9
5225 63 22
5225 1380 16
5225 5226 18
5225 7414 5
5225 7816 5
5225 9613 15
5225 9766 3
5226 3888 9
5226 5227 23
5226 7171 23
5226 8674 1
5227 4944 17
5227 5228 6
5227 7200 16
5227 7605 15
5228 5229 23
5228 8925 3
5229 5230 2
5229 5675 12
5229 5968 11
5229 6015 15
5229 7200 10
5230 1801 2
5230 1916 22
5230 1971 5
5230 5231 12
5230 6835 22
5230 6877 18
5230 6986 7
5231 240 12
5231 541 23
5231 5232 21
5231 7414 19
5232 640 5
5232 2006 11
5232 4829 9
5232 5233 12
5232 5816 1
5232 6589 7
5233 5234 20
5233 6099 22
5233 7512 22
5233 9101 17
5234 15 3
5234 5235 20
5234 6094 10
5234 6308 14
5235 1562 6
5235 5220 21
5235 5236 10
5235 7182 15
5235 7674 14
5236 28 3
5236 92 17
5236 5237 10
5236 7632 9
5236 7780 22
5237 29 16
5237 252 8
5237 2246 17
5237 5238 14
5237 8275 17
5238 1674 11
5238 2064 5
5238 5239 8
5238 8024 8
5238 9756 2
5239 822 20
5239 925 23
5239 4142 12
5239 5240 3
5240 581 1
5240 3219 21
5240 3598 20
5240 5241 16
5241 403 3
5241 5242 13
5241 7085 22
5241 7368 10
5241 8362 19
5242 1518 18
5242 5243 1
5243 432 18
5243 4553 14
5243 4715 7
5243 5244 5
5243 9161 20
5244 5245 19
5244 9426 13
5245 5246 4
5245 7828 19
5246 313 19
5246 431 5
5246 925 21
5246 1349 23
5246 2081 23
5246 2686 22
5246 5247 17
5246 6165 8
5246 6169 2
5247 1057 11
5247 4453 20
5247 5248 11
5247 6637 17
5248 1237 18
5248 3995 13
5248 5249 9
5248 8641 1
5248 9596 11
5249 1810 20
5249 3827 9
5249 5250 7
5249 8313 18
5249 9599 15
5249 9849 14
5250 915 22
5250 1264 15
5250 1760 17
5250 3349 7
5250 5251 15
5250 7545 11
5250 8134 16
5251 891 6
5251 1774 10
5251 5252 4
5251 5829 18
5251 9520 16
5252 2962 11
5252 3380 10
5252 4967 3
5252 5253 8
5252 8667 1
5253 2578 11
5253 3603 6
5253 3614 10
5253 5254 4
5253 5718 22
5253 7762 19
5253 8450 23
5253 9238 6
5254 2055 7
5254 5255 19
5254 6489 2
5254 8106 13
5255 236 13
5255 513 13
5255 1195 4
5255 4581 10
5255 5256 19
5256 2135 21
5256 2954 22
5256 5257 2
5256 6639 12
5256 9923 2
5257 2211 8
5257 3110 2
5257 3150 11
5257 5258 6
5257 6074 20
5257 6835 9
5257 7633 3
5257 8277 20
5258 1133 10
5258 5259 14
5258 7588 17
5259 151 11
5259 5260 21
5259 6480 18
5259 7164 4
5259 8073 18
5259 8308 21
5260 2681 10
5260 4385 11
5260 4490 19
5260 5235 6
5260 5261 22
5260 6588 22
5261 43 5
5261 1346 10
5261 1371 23
5261 4416 11
5261 5262 5
5261 6374 7
5261 9005 20
5261 9079 3
5261 9101 4
5262 2456 19
5262 2944 3
5262 5263 9
5262 8701 4
5263 5264 19
5263 9871 16
5264 5265 22
5264 5718 9
5265 5266 12
5266 1719 2
5266 3271 7
5266 3811 16
5266 4496 23
5266 5267 23
5267 2658 15
5267 5268 6
5267 9889 2
5268 1511 9
5268 5204 15
5268 5269 6
5268 5962 3
5268 8823 14
5268 9529 13
5269 535 23
5269 1165 16
5269 1846 1
5269 2416 11
5269 2484 6
5269 5270 9
5269 6116 18
5270 4654 1
5270 5271 11
5270 5400 16
5270 7842 20
5271 832 1
5271 4338 1
5271 5272 4
5271 8265 5
5271 9820 3
5272 761 11
5272 1198 20
5272 4131 23
5272 4741 17
5272 5273 12
5272 6270 11
5273 556 20
5273 4889 17
5273 5274 11
5273 6051 4
5274 1535 10
5274 3807 7
5274 5275 17
5274 5557 14
5275 824 22
5275 3658 1
5275 4044 10
5275 5004 2
5275 5276 21
5275 8674 10
5275 9523 17
5276 1515 23
5276 5277 17
5277 889 3
5277 1031 19
5277 4570 11
5277 5278 23
5277 8809 15
5277 8884 10
5277 9419 8
5278 5279 11
5278 5964 4
5278 6725 4
5278 8623 20
5278 9419 18
5279 1895 17
5279 2030 2
5279 4724 5
5279 5280 18
5279 5920 20
5279 7209 13
5279 8188 2
5280 555 11
5280 2368 8
5280 2761 18
5280 3213 18
5280 5281 5
5280 7597 12
5281 498 12
5281 2333 17
5281 3603 2
5281 4413 7
5281 5282 18
5281 6296 1
5281 9822 6
5282 83 2
5282 593 3
5282 5283 17
5282 6298 20
5283 1740 18
5283 4627 13
5283 5056 6
5283 5284 10
5283 5580 10
5283 8097 9
5283 9432 8
5284 4771 23
5284 5285 7
5284 5912 1
5284 6363 7
5285 5286 8
5286 3067 21
5286 3374 20
5286 5287 6
5286 9873 20
5287 538 4
5287 2801 16
5287 5288 4
5287 5319 3
5287 7031 14
5288 586 5
5288 634 16
5288 1736 12
5288 5289 8
5288 6713 2
5288 8701 9
5289 169 4
5289 4950 22
5289 5071 14
5289 5290 20
5289 5397 14
5289 7288 13
5289 9614 16
5290 396 19
5290 1709 16
5290 5291 18
5290 6371 20
5291 1520 14
5291 5292 3
5292 4248 8
5292 5293 14
5292 6371 18
5292 8252 21
5292 9879 19
5293 1256 12
5293 1943 3
5293 3099 18
5293 5248 5
5293 5294 23
5294 1590 15
5294 5295 16
5294 6194 13
5294 6215 21
5294 7422 5
5294 7458 4
5295 187 8
5295 516 18
5295 1919 6
5295 5296 5
5295 6211 6
5295 6263 21
5296 809 23
5296 3519 12
5296 5297 13
5297 45 3
5297 412 17
5297 5298 19
5298 4654 6
5298 5299 19
5299 397 8
5299 2714 3
5299 2934 19
5299 5300 3
5299 6427 14
5300 5301 16
5300 5735 1
5300 7598 4
5300 7767 16
5300 9624 3
5301 4835 1
5301 5302 3
5301 7462 7
5301 7691 7
5301 9263 12
5302 4256 13
5302 5303 8
5302 6699 1
5303 245 2
5303 2673 8
5303 4474 2
5303 5304 17
5303 5878 22
5303 8384 13
5304 3978 2
5304 5305 18
5304 7065 15
5304 7484 3
5304 8363 7
5305 946 21
5305 5306 16
5305 7145 2
5305 7908 9
5305 8697 8
5305 9257 18
5305 9829 20
5306 1354 1
5306 1706 11
5306 3924 17
5306 5307 11
5307 381 15
5307 2839 23
5307 3330 17
5307 5308 4
5307 5712 20
5307 7307 16
5307 8398 16
5307 8429 6
5307 9842 21
5308 1378 8
5308 3189 21
5308 4415 15
5308 5309 13
5308 5692 22
5308 6162 4
5309 5310 21
5309 8711 1
5309 9491 3
5310 5311 15
5310 9556 3
5311 1197 23
5311 5312 12
5311 7286 18
5311 8055 22
5312 224 21
5312 1385 7
5312 3076 16
5312 5313 3
5312 5678 21
5312 8374 14
5313 1501 5
5313 5314 8
5313 6257 4
5313 6977 23
5313 8488 7
5314 312 9
5314 1155 9
5314 1640 22
5314 2919 17
5314 4069 8
5314 5315 15
5314 6189 12
5314 7245 18
5314 8383 2
5315 242 7
5315 544 13
5315 1024 23
5315 3145 7
5315 5316 3
5315 6756 3
5316 602 6
5316 3112 23
5316 5317 14
5316 7090 16
5317 192 15
5317 1183 7
5317 3568 16
5317 5318 9
5317 7301 13
5317 7959 7
5317 8618 1
5318 5319 5
5318 8209 18
5318 8404 20
5318 9549 3
5319 3990 8
5319 5320 8
5319 6764 13
5319 7513 11
5320 4962 4
5320 5321 16
5320 8691 1
5321 2661 9
5321 5322 6
5321 8786 16
5321 9613 5
5322 3924 23
5322 4141 19
5322 4485 2
5322 5323 8
5322 8906 3
5323 211 11
5323 1531 19
5323 2854 4
5323 5324 7
5323 6013 10
5323 6596 1
5323 7339 1
5324 5325 11
5324 7219 8
5324 8171 2
5325 5326 18
5326 2833 1
5326 4844 14
5326 5327 8
5326 6567 6
5326 7410 7
5326 9730 7
5327 5328 12
5327 6277 22
5328 5329 14
5328 8407 20
5328 8671 11
5329 1142 14
5329 5330 17
5329 7570 22
5330 1573 1
5330 5206 8
5330 5331 17
5331 5332 21
5331 6319 11
5331 8492 3
5332 2863 3
5332 5333 19
5332 9107 2
5332 9560 1
5333 5334 15
5333 6915 5
5333 7009 14
5333 7204 18
5333 7308 12
5333 8566 10
5334 5335 23
5334 6652 6
5335 2841 9
5335 5011 23
5335 5336 3
5335 6123 16
5335 6684 8
5335 7239 4
5336 5337 6
5336 5687 18
5336 7210 7
5337 1025 18
5337 1821 15
5337 2535 23
5337 5338 15
5337 8592 13
5337 9807 8
5338 2727 21
5338 3999 23
5338 4297 5
5338 5339 8
5338 9654 16
5338 9735 2
5339 2778 5
5339 5340 18
5339 6449 7
5340 1344 7
5340 5341 9
5340 8968 14
5341 390 12
5341 2231 10
5341 4336 1
5341 5342 7
5341 6516 11
5341 6587 6
5341 6916 17
5341 7834 13
5341 9898 12
5342 5343 1
5342 8505 19
5342 9859 9
5343 973 14
5343 3524 21
5343 3880 4
5343 5344 22
5343 6694 20
5343 7225 17
5343 7605 8
5343 8006 22
5343 9972 6
5344 5345 13
5345 5346 11
5346 2791 20
5346 4118 17
5346 5347 15
5346 5356 1
5347 2336 12
5347 3922 11
5347 5348 2
5348 2356 2
5348 5349 6
5348 7955 6
5348 8753 18
5349 5350 18
5349 6400 8
5350 628 5
5350 1369 13
5350 4151 18
5350 5224 1
5350 5346 2
5350 5351 19
5351 572 9
5351 2315 20
5351 3571 1
5351 3774 12
5351 5352 19
5351 5488 13
5352 491 13
5352 1468 10
5352 5353 6
5352 6123 21
5353 2760 15
5353 5354 1
5353 7857 19
5354 581 3
5354 5336 16
5354 5355 10
5354 6002 9
5355 1 23
5355 3520 20
5355 5356 14
5356 544 17
5356 5357 22
5357 2255 7
5357 3477 6
5357 4824 10
5357 5358 13
5357 9242 21
5358 746 9
5358 2103 3
5358 5359 12
5359 2034 6
5359 2177 15
5359 5360 8
5359 8600 10
5360 1192 1
5360 2699 17
5360 5361 9
5361 917 10
5361 5305 10
5361 5362 12
5361 8719 21
5361 9729 9
5362 64 23
5362 595 10
5362 4270 6
5362 5363 14
5363 610 1
5363 2046 20
5363 2832 23
5363 5364 7
5363 7318 18
5363 7452 20
5363 7930 12
5364 511 12
5364 4451 1
5364 5365 23
5364 9465 15
5364 9530 20
5365 228 2
5365 3132 18
5365 5134 18
5365 5366 1
5365 6685 11
5365 6797 22
5365 8236 14
5366 5367 15
5366 6767 14
5366 7226 3
5366 7357 23
5367 1211 6
5367 3675 5
5367 5368 1
5367 5743 8
5367 6144 9
5367 8250 23
5368 111 5
5368 2146 7
5368 5369 19
5368 5446 21
5368 7907 2
5369 1772 17
5369 1952 16
5369 5370 6
5369 9729 7
5370 2377 5
5370 5371 6
5371 4691 13
5371 5372 7
5371 6370 6
5371 8523 5
5372 1435 4
5372 3180 5
5372 4997 5
5372 5373 7
5372 5381 12
5372 9024 10
5372 9542 23
5373 599 2
5373 2642 10
5373 2721 19
5373 5374 7
5373 6259 19
5373 7454 6
5374 2925 22
5374 5375 12
5374 6137 21
5374 6278 8
5374 8400 6
5375 2257 16
5375 5376 12
5375 6416 18
5376 891 2
5376 3014 14
5376 4888 18
5376 5377 19
5376 5731 3
5377 4828 2
5377 5378 3
5377 8416 13
5378 5379 4
5378 8956 7
5378 9944 3
5379 5380 16
5379 9640 5
5379 9984 16
5380 4728 6
5380 5381 20
5380 5591 4
5380 6565 11
5380 8570 10
5381 4180 3
5381 5382 22
5381 6114 20
5381 7170 2
5381 7381 17
5381 8511 19
5381 9734 4
5382 990 18
5382 2217 1
5382 5383 15
5382 6483 16
5382 8901 9
5383 3070 19
5383 3875 14
5383 5384 6
5383 6412 10
5383 6719 1
5383 9248 21
5384 5266 13
5384 5385 22
5385 331 4
5385 1696 16
5385 3022 22
5385 4440 3
5385 5386 21
5385 9826 8
5386 5387 2
5386 6668 12
5387 3774 2
5387 5267 2
5387 5388 6
5387 5680 21
5387 8350 2
5388 638 12
5388 2851 9
5388 5389 1
5388 5460 7
5388 5563 11
5388 5980 7
5388 7751 14
5388 9249 10
5388 9542 1
5389 2168 1
5389 5390 23
5389 9207 5
5390 1496 10
5390 5310 1
5390 5391 10
5391 5392 3
5391 7980 13
5392 364 22
5392 671 1
5392 1886 11
5392 5393 4
5392 5405 15
5392 5770 10
5392 6310 23
5392 8264 10
5393 459 9
5393 5394 6
5393 7372 9
5393 7475 1
5394 22 21
5394 574 17
5394 4475 3
5394 5395 5
5394 9653 18
5395 2748 12
5395 4889 20
5395 5396 17
5395 9605 9
5396 2836 10
5396 5397 7
5396 8434 9
5397 2632 15
5397 4724 8
5397 5398 6
5397 9622 11
5398 1080 15
5398 1322 2
5398 2602 22
5398 5399 12
5398 7508 3
5399 1304 15
5399 4220 8
5399 5400 20
5399 6296 21
5400 1914 21
5400 3767 13
5400 5401 14
5400 8670 19
5400 8929 7
5400 9279 22
5401 1794 3
5401 2106 12
5401 2548 13
5401 5402 13
5401 7854 14
5401 9316 18
5402 2943 15
5402 5387 11
5402 5403 14
5402 6053 3
5402 8543 9
5403 2905 9
5403 4705 7
5403 5404 16
5404 1282 12
5404 5405 17
5404 5701 11
5404 7528 11
5404 9384 4
5404 9523 19
5404 9586 18
5405 921 10
5405 2966 5
5405 5202 4
5405 5406 13
5405 6090 20
5405 8379 17
5406 104 11
5406 5407 20
5406 8264 10
5406 9155 6
5407 5408 9
5407 8239 5
5408 767 14
5408 5409 22
5408 8256 12
5408 8274 21
5409 3770 9
5409 5410 20
5409 8371 17
5409 9492 11
5410 3585 15
5410 4178 9
5410 5103 18
5410 5411 21
5411 2337 19
5411 4593 1
5411 5412 22
5412 536 21
5412 4771 22
5412 5413 21
5412 6189 7
5412 7117 16
5412 9524 16
5413 856 1
5413 1044 21
5413 1263 4
5413 3062 5
5413 3175 18
5413 4395 10
5413 5084 19
5413 5414 20
5414 2051 14
5414 4332 6
5414 4874 15
5414 5005 14
5414 5415 9
5414 9404 12
5415 4154 11
5415 5416 23
5415 6874 6
5415 7582 2
5416 300 13
5416 1129 9
5416 1390 10
5416 2673 23
5416 4110 9
5416 5417 6
5416 7532 12
5417 563 21
5417 1350 16
5417 2267 19
5417 5418 12
5418 5419 2
5418 7519 5
5418 9800 1
5419 1583 9
5419 5420 15
5419 7482 22
5419 8293 8
5419 8526 4
5419 9858 17
5420 385 3
5420 1585 19
5420 1687 11
5420 2974 22
5420 4422 7
5420 4912 3
5420 5421 13
5420 8063 7
5421 2846 19
5421 3641 6
5421 5400 22
5421 5422 3
5421 6790 1
5422 950 22
5422 1905 15
5422 5155 3
5422 5423 16
5422 5976 23
5422 6842 17
5422 7817 4
5423 382 11
5423 1360 20
5423 3794 18
5423 5424 10
5423 6156 3
5423 8887 23
5424 1940 16
5424 2266 1
5424 2651 9
5424 5119 14
5424 5425 2
5424 8236 22
5425 3776 14
5425 5426 23
5425 7538 4
5425 8813 8
5426 2352 3
5426 5427 22
5427 284 14
5427 1948 1
5427 2903 20
5427 3523 2
5427 3705 16
5427 5428 17
5428 1785 3
5428 5300 16
5428 5429 20
5428 6451 10
5429 1510 5
5429 1591 6
5429 5430 19
5429 7796 18
5429 8651 18
5429 9369 7
5430 325 10
5430 2390 18
5430 4318 7
5430 5431 8
5430 7124 4
5430 9122 7
5431 2862 14
5431 5432 20
5431 9147 11
5431 9430 21
5432 1667 23
5432 5433 4
5432 5859 2
5433 195 4
5433 4563 15
5433 5434 10
5433 9615 17
5434 5332 7
5434 5435 21
5434 7735 11
5435 59 19
5435 481 18
5435 5436 11
5435 5437 6
5436 1117 12
5436 1719 7
5436 4624 11
5436 5437 3
5436 8211 16
5437 3501 7
5437 3860 10
5437 5438 4
5437 7748 5
5438 5320 2
5438 5439 18
5439 961 8
5439 1649 2
5439 2887 16
5439 5440 7
5439 7018 5
5440 5441 23
5441 588 13
5441 3347 16
5441 5442 23
5441 5477 1
5441 8790 16
5442 2947 6
5442 3858 16
5442 5443 21
5443 421 22
5443 1290 3
5443 5025 15
5443 5444 21
5443 5543 15
5443 9152 11
5444 3588 11
5444 3784 6
5444 3921 9
5444 5445 8
5444 5787 20
5445 5098 19
5445 5446 6
5445 9617 11
5445 9889 2
5446 1041 9
5446 2724 9
5446 4523 21
5446 4881 12
5446 5447 20
5446 6228 11
5447 52 11
5447 476 18
5447 5448 19
5447 6623 15
5448 134 10
5448 3934 8
5448 5449 22
5448 6881 17
5449 2172 2
5449 4054 3
5449 5450 20
5450 1725 20
5450 5451 9
5450 7802 22
5450 8591 13
5451 5452 5
5451 6404 8
5452 326 15
5452 752 8
5452 3530 14
5452 4402 7
5452 4789 5
5452 5453 6
5452 5483 21
5452 9296 21
5452 9889 19
5453 1707 19
5453 4402 4
5453 5045 15
5453 5454 4
5453 7752 23
5454 3184 6
5454 5455 8
5454 9630 23
5455 5456 5
5456 2675 13
5456 4801 1
5456 5457 14
5456 6809 5
5456 6897 14
5456 7583 16
5457 5458 15
5457 7831 13
5458 5459 22
5458 5645 8
5459 3545 9
5459 3913 4
5459 5460 4
5460 2567 10
5460 5461 14
5461 5462 2
5461 7447 11
5462 3154 18
5462 3743 20
5462 4677 7
5462 5259 9
5462 5463 17
5462 7298 1
5463 120 1
5463 1221 11
5463 5004 5
5463 5464 4
5463 6746 3
5464 473 19
5464 3423 9
5464 5422 13
5464 5465 20
5464 8035 10
5465 2847 11
5465 3376 23
5465 5466 22
5465 9620 10
5466 1768 9
5466 3371 21
5466 5467 20
5466 8951 4
5467 5468 3
5467 8861 8
5468 2066 20
5468 2987 19
5468 3753 10
5468 5469 9
5468 5637 20
5469 476 15
5469 1421 9
5469 5470 23
5470 1527 8
5470 4415 18
5470 4583 19
5470 5079 20
5470 5471 2
5471 697 9
5471 798 2
5471 2216 21
5471 4547 22
5471 5025 2
5471 5472 11
5471 5537 19
5471 6130 20
5472 5473 9
5473 1984 11
5473 4206 7
5473 5474 9
5473 5865 22
5473 7246 1
5473 8564 5
5474 2136 14
5474 3695 19
5474 4762 14
5474 4833 19
5474 5475 8
5475 882 20
5475 982 4
5475 3523 20
5475 4790 5
5475 5476 18
5475 9922 10
5476 439 20
5476 5477 3
5476 8414 12
5477 3148 8
5477 5478 16
5477 7507 9
5477 7737 11
5478 3195 15
5478 5090 5
5478 5309 16
5478 5479 17
5479 5480 15
5479 5967 4
5480 5481 4
5481 5482 4
5481 8364 10
5481 9171 9
5482 801 14
5482 3717 6
5482 5483 17
5482 6614 15
5482 6853 12
5482 9337 21
5482 9501 2
5483 2858 15
5483 3965 13
5483 4527 10
5483 5484 15
5483 6487 19
5483 7185 2
5483 8330 2
5484 2300 2
5484 2890 10
5484 5485 20
5485 4992 1
5485 5486 9
5486 2171 1
5486 3975 21
5486 4552 19
5486 5487 22
5486 7218 5
5487 857 12
5487 4777 5
5487 5488 6
5487 6954 17
5487 7711 17
5488 984 23
5488 5489 18
5489 2128 2
5489 3003 14
5489 4456 6
5489 5490 22
5489 8665 20
5489 9015 6
5490 711 8
5490 1291 15
5490 2381 10
5490 3759 16
5490 4379 10
5490 4466 13
5490 5350 18
5490 5491 19
5490 9929 8
5491 494 5
5491 5492 23
5491 6837 14
5491 8055 13
5491 9035 7
5492 124 22
5492 380 15
5492 3617 14
5492 5493 8
5493 806 12
5493 903 11
5493 4902 6
5493 5494 13
5493 6460 12
5494 5495 15
5495 5496 9
5495 9930 17
5496 699 9
5496 1883 10
5496 5497 1
5496 6020 13
5497 5498 23
5498 3524 20
5498 5499 5
5498 5847 2
5498 8243 18
5498 9029 7
5499 2498 16
5499 3261 10
5499 4780 14
5499 5500 14
5499 7346 20
5500 1498 20
5500 5317 13
5500 5501 11
5500 7853 5
5500 8301 11
5500 8742 1
5501 1536 21
5501 1727 23
5501 5502 8
5501 5732 5
5501 5798 1
5501 8912 22
5502 4116 16
5502 5054 3
5502 5503 4
5502 8309 20
5503 986 6
5503 3498 4
5503 4756 14
5503 5504 20
5503 6581 14
5503 9295 17
5504 985 5
5504 2667 6
5504 3723 3
5504 3894 8
5504 5505 18
5504 5648 1
5504 8034 17
5504 8307 20
5505 471 16
5505 2744 17
5505 4062 10
5505 5073 19
5505 5506 15
5505 6428 5
5505 6457 1
5506 975 16
5506 2879 1
5506 3311 15
5506 5507 12
5506 7217 6
5507 792 11
5507 5508 17
5507 6093 14
5507 6237 21
5507 6404 14
5507 8754 15
5508 2187 2
5508 5509 16
5508 9051 23
5509 5510 4
5509 6011 7
5509 6424 14
5509 7537 11
5510 1507 10
5510 5511 10
5510 8194 2
5511 3603 13
5511 4199 20
5511 5512 22
5511 5753 2
5511 6150 4
5511 7603 7
5511 8005 12
5512 984 10
5512 3807 19
5512 5513 18
5512 6728 6
5512 7239 13
5513 811 22
5513 1692 17
5513 5514 20
5513 6735 20
5514 1766 18
5514 3327 2
5514 5515 14
5515 1496 10
5515 1937 8
5515 3360 16
5515 5516 8
5515 9817 21
5516 444 9
5516 3993 21
5516 4460 18
5516 5517 22
5516 5972 17
5517 1386 14
5517 2810 5
5517 3667 17
5517 5518 12
5518 5519 23
5518 8749 12
5519 613 13
5519 1810 10
5519 5520 1
5519 9829 1
5520 944 3
5520 5521 23
5521 163 11
5521 1416 12
5521 5522 2
5522 5523 17
5522 6625 12
5522 9037 12
5523 439 17
5523 2825 1
5523 4941 20
5523 5524 10
5523 9172 19
5523 9496 21
5524 3189 19
5524 3730 17
5524 5525 12
5524 8578 3
5524 8967 7
5524 9061 11
5525 1709 1
5525 4871 3
5525 5003 10
5525 5526 8
5525 7905 20
5526 646 8
5526 5527 15
5526 6582 16
5526 7464 21
5526 7692 3
5526 8114 16
5526 9161 11
5527 2194 7
5527 4471 3
5527 5528 5
5527 8961 15
5528 1025 22
5528 1765 12
5528 3815 15
5528 4569 20
5528 5529 8
5528 6338 12
5529 2811 13
5529 2874 23
5529 5530 9
5529 8672 22
5529 8719 11
5530 771 22
5530 5531 3
5530 6249 22
5531 258 16
5531 5532 16
5532 3806 7
5532 5415 4
5532 5533 4
5532 9177 5
5533 799 23
5533 806 4
5533 2726 15
5533 5534 3
5534 432 2
5534 846 4
5534 2105 2
5534 5535 14
5535 5536 3
5536 1054 10
5536 2183 22
5536 5537 12
5536 5977 15
5537 143 16
5537 2127 9
5537 5538 7
5537 5756 18
5537 6412 12
5537 9150 15
5538 1356 13
5538 3902 21
5538 5539 4
5538 7196 12
5538 8902 11
5538 9841 19
5539 1683 17
5539 5540 21
5539 7323 10
5539 7833 14
5539 7915 21
5539 8442 5
5540 101 23
5540 642 3
5540 2743 11
5540 4258 19
5540 5541 22
5541 140 1
5541 2278 18
5541 4569 15
5541 5542 19
5541 6129 22
5541 8486 16
5542 5543 8
5542 5823 19
5542 8315 14
5542 8472 22
5543 3876 9
5543 5172 5
5543 5544 23
5543 6088 10
5543 6380 3
5543 7403 7
5543 9571 1
5544 5495 11
5544 5545 23
5544 8788 20
5544 8847 13
5544 9554 1
5545 905 16
5545 2093 22
5545 3742 20
5545 5546 18
5546 5547 10
5546 6614 6
5546 8936 1
5547 656 6
5547 5213 19
5547 5548 23
5547 7328 21
5547 8461 18
5548 5005 14
5548 5549 1
5548 8632 8
5549 5550 9
5550 3632 23
5550 5551 1
5551 5552 23
5551 5938 17
5552 1459 23
5552 1574 23
5552 2470 1
5552 5553 18
5552 8796 4
5552 9989 16
5553 5554 16
5554 2616 9
5554 5555 4
5554 9995 14
5555 2060 11
5555 2126 23
5555 4996 16
5555 5226 17
5555 5556 14
5555 7614 8
5555 8485 22
5555 9964 15
5556 17 19
5556 4860 15
5556 5557 20
5556 8000 8
5556 9906 13
5557 1452 12
5557 2401 11
5557 5558 14
5557 6273 17
5558 2075 11
5558 2973 7
5558 4584 1
5558 5283 21
5558 5559 16
5558 7427 15
5559 3437 23
5559 5560 12
5559 7084 22
5559 8551 2
5560 1913 23
5560 2203 5
5560 5561 15
5560 9139 20
5560 9982 1
5561 1426 23
5561 5562 16
5561 6261 22
5562 2129 13
5562 3404 18
5562 5563 13
5563 1090 16
5563 1111 23
5563 1403 14
5563 5564 10
5563 8995 5
5564 1087 16
5564 4325 12
5564 5565 9
5564 8316 11
5565 184 17
5565 3903 8
5565 4077 23
5565 5566 13
5565 7525 12
5566 2712 7
5566 5567 4
5566 6601 7
5566 7430 7
5567 1018 14
5567 1048 8
5567 2669 17
5567 5568 6
5568 458 11
5568 2442 17
5568 4315 10
5568 5569 4
5568 7002 11
5568 7071 2
5569 1427 17
5569 2501 11
5569 3057 16
5569 4463 13
5569 5570 13
5569 7013 5
5569 7165 21
5570 3361 21
5570 4614 12
5570 5571 22
5570 6336 2
5570 8523 7
5570 9895 3
5571 117 2
5571 608 6
5571 1258 9
5571 3714 13
5571 5572 19
5571 8421 5
5571 8732 8
5572 518 10
5572 5573 12
5572 6680 8
5572 9846 16
5573 5574 12
5573 7410 10
5574 216 14
5574 2395 14
5574 3237 21
5574 5575 21
5574 9174 19
5574 9417 21
5575 714 21
5575 5576 11
5576 961 12
5576 2429 4
5576 3597 4
5576 3682 21
5576 3706 12
5576 5577 4
5576 6591 10
5577 960 23
5577 1088 10
5577 3441 5
5577 3755 18
5577 3998 3
5577 4424 12
5577 5578 8
5578 320 1
5578 1025 21
5578 1816 1
5578 1916 2
5578 3403 2
5578 4037 19
5578 5063 4
5578 5285 1
5578 5579 9
5578 6243 7
5578 9765 19
5579 4220 21
5579 5580 18
5580 649 19
5580 5581 17
5580 6752 6
5580 7586 19
5581 1051 18
5581 2774 2
5581 5582 8
5581 5923 2
5582 756 20
5582 4241 23
5582 4295 17
5582 5583 21
5582 8678 1
5582 9628 22
5583 574 20
5583 4344 23
5583 5584 21
5583 5627 6
5583 8824 3
5583 9412 16
5584 232 16
5584 456 13
5584 1803 2
5584 4586 17
5584 5585 16
5584 9031 19
5584 9569 1
5585 2980 2
5585 5586 17
5585 6658 14
5585 8338 17
5585 9732 12
5586 1484 9
5586 2859 4
5586 4326 9
5586 5587 13
5586 6885 22
5586 7089 13
5586 9556 12
5587 686 13
5587 1870 16
5587 3778 7
5587 5588 3
5587 7636 16
5587 7980 3
5588 555 11
5588 2767 17
5588 3672 23
5588 5589 22
5589 2304 11
5589 2527 13
5589 5590 16
5589 6836 23
5589 7137 19
5589 7309 19
5590 2495 20
5590 5591 23
5590 6886 20
5591 3712 6
5591 5592 5
5591 6738 17
5592 4313 14
5592 5593 1
5592 5771 12
5593 911 15
5593 4322 21
5593 5594 8
5593 6936 14
5593 8445 3
5593 8627 18
5594 1128 4
5594 5595 15
5594 6333 22
5594 9687 4
5595 1969 18
5595 4628 3
5595 4783 15
5595 5596 11
5595 9569 11
5596 1834 20
5596 5597 21
5596 6431 2
5596 8175 13
5596 8436 10
5597 4734 6
5597 5598 16
5597 6170 12
5598 5599 22
5598 9031 14
5599 1436 9
5599 5600 20
5599 5713 12
5600 238 15
5600 3484 15
5600 3612 19
5600 4025 22
5600 5601 7
5600 5911 10
5600 8608 4
5601 1445 17
5601 3595 7
5601 5422 22
5601 5602 22
5601 6039 14
5601 7926 18
5601 8821 1
5602 5160 20
5602 5224 15
5602 5603 6
5602 7300 3
5603 51 4
5603 2218 14
5603 3557 19
5603 3588 17
5603 5604 11
5603 8747 11
5604 1052 18
5604 3500 4
5604 5605 12
5604 8091 18
5604 8822 6
5605 493 15
5605 4858 6
5605 5606 18
5605 7617 1
5605 9323 10
5606 3676 11
5606 5342 9
5606 5607 22
5607 3325 12
5607 4995 13
5607 5608 19
5607 8899 14
5608 856 1
5608 2819 21
5608 5356 13
5608 5609 14
5608 7380 23
5608 7898 13
5608 8639 8
5609 109 2
5609 804 15
5609 2180 22
5609 4030 5
5609 5610 19
5610 2189 9
5610 3002 9
5610 5611 7
5610 5886 23
5610 6170 21
5610 6920 20
5611 3533 23
5611 4535 19
5611 5612 18
5611 9408 15
5612 1637 2
5612 1830 5
5612 3976 19
5612 5613 21
5612 7678 9
5612 7690 5
5613 5614 11
5613 5893 23
5613 9215 1
5614 2078 12
5614 5173 6
5614 5615 10
5614 5814 18
5614 9885 3
5615 520 12
5615 1506 21
5615 5283 6
5615 5616 11
5615 7218 13
5615 8851 8
5616 822 17
5616 878 5
5616 1273 10
5616 2531 4
5616 5617 2
5616 5931 16
5616 8650 22
5616 9236 11
5616 9238 2
5617 210 11
5617 5618 16
5618 162 3
5618 2009 6
5618 5619 21
5618 6492 21
5618 7594 11
5618 9466 17
5618 9872 11
5619 5464 4
5619 5620 9
5619 6796 6
5620 39 8
5620 1622 11
5620 3573 13
5620 5621 10
5620 9046 1
5620 9152 3
5621 2419 9
5621 5556 13
5621 5622 17
5622 5623 3
5623 2755 19
5623 3144 13
5623 3157 2
5623 5624 20
5623 9562 3
5624 4620 2
5624 5625 18
5625 2205 7
5625 4547 23
5625 5626 14
5625 5700 16
5625 8134 23
5626 1556 4
5626 5627 23
5626 9300 21
5627 2017 5
5627 4109 12
5627 5046 3
5627 5628 5
5627 5713 8
5627 5789 20
5628 2367 1
5628 5199 20
5628 5629 11
5628 6101 22
5628 7003 11
5628 7644 21
5629 3692 6
5629 5630 13
5630 1023 3
5630 5037 23
5630 5631 14
5630 6881 3
5631 1424 3
5631 4864 5
5631 5632 11
5631 8620 17
5631 8638 4
5631 9816 23
5632 1765 1
5632 2193 4
5632 3963 20
5632 5633 3
5632 8949 21
5632 9449 12
5633 355 13
5633 4194 20
5633 5634 21
5633 8858 21
5634 1416 1
5634 2916 11
5634 4099 19
5634 4850 17
5634 5635 22
5635 5636 3
5635 6084 18
5635 6144 8
5635 7585 18
5636 5637 6
5636 5785 21
5636 5924 1
5636 6868 23
5637 56 13
5637 5638 21
5637 9152 20
5638 199 5
5638 2581 11
5638 2714 21
5638 5639 3
5639 1236 15
5639 4231 19
5639 4624 5
5639 5640 18
5640 5641 3
5641 4662 19
5641 4920 10
5641 5642 15
5641 6869 1
5641 8486 3
5641 9974 13
5642 375 15
5642 5643 20
5642 5840 21
5643 578 3
5643 603 18
5643 5644 23
5643 8273 14
5644 2205 3
5644 2383 17
5644 3805 2
5644 5645 19
5644 9868 18
5645 1907 23
5645 4981 4
5645 5169 23
5645 5478 18
5645 5646 7
5645 6870 15
5645 8286 8
5645 8829 8
5646 5373 7
5646 5475 9
5646 5647 20
5646 6752 6
5646 9572 4
5647 894 1
5647 1632 8
5647 1875 12
5647 5648 15
5648 2137 2
5648 4001 12
5648 4889 16
5648 5536 3
5648 5538 21
5648 5649 17
5648 8455 9
5649 5650 19
5649 8303 8
5650 636 19
5650 5370 12
5650 5651 2
5651 1265 6
5651 5491 17
5651 5652 5
5651 9143 14
5651 9679 10
5652 3093 5
5652 3492 9
5652 4128 8
5652 4230 12
5652 5653 11
5652 9757 11
5652 9842 15
5653 3703 9
5653 5586 16
5653 5654 15
5653 6074 11
5653 9951 13
5654 2267 21
5654 5655 12
5654 8623 22
5654 9845 12
5655 635 7
5655 4270 14
5655 5656 11
5655 5848 2
5655 7396 18
5655 8630 21
5655 8889 11
5656 672 10
5656 1619 17
5656 5037 8
5656 5657 12
5656 5987 18
5656 7145 14
5656 8799 11
5657 4928 19
5657 5502 15
5657 5658 15
5657 6142 20
5657 9474 19
5658 412 2
5658 934 12
5658 1302 5
5658 2298 23
5658 2585 1
5658 4231 21
5658 5637 21
5658 5659 2
5658 6221 1
5659 1490 6
5659 5091 11
5659 5660 22
5660 75 21
5660 653 11
5660 3586 4
5660 4647 15
5660 5661 18
5660 9802 13
5661 1910 4
5661 5662 19
5661 7218 19
5661 8193 4
5661 8378 22
5661 9455 13
5662 1085 3
5662 1354 17
5662 2136 10
5662 5500 11
5662 5663 12
5662 6618 9
5662 9106 19
5663 1450 16
5663 1538 10
5663 5664 19
5663 7751 14
5663 9735 15
5664 2770 21
5664 5603 22
5664 5665 2
5664 7337 14
5665 823 13
5665 2653 21
5665 5059 22
5665 5666 10
5665 7549 11
5666 42 11
5666 5667 18
5666 6735 8
5666 8019 9
5666 8459 2
5667 1696 19
5667 2750 7
5667 5668 6
5667 7349 12
5667 9356 20
5668 2423 20
5668 3879 21
5668 4427 15
5668 5419 19
5668 5669 15
5668 6810 14
5668 8225 18
5668 8566 17
5668 8995 10
5669 5670 19
5669 6347 3
5669 6913 14
5669 9806 7
5670 3253 3
5670 5054 6
5670 5671 18
5670 8201 10
5671 1956 17
5671 5672 2
5671 6301 20
5671 8619 16
5672 5673 22
5672 7344 7
5673 5064 22
5673 5674 18
5673 7111 7
5674 1402 16
5674 3350 10
5674 3709 21
5674 3767 2
5674 5675 14
5675 1155 2
5675 5181 21
5675 5676 7
5676 2614 18
5676 4311 14
5676 5677 16
5677 544 19
5677 1371 2
5677 3042 20
5677 5678 12
5677 7185 13
5677 8495 6
5678 1669 8
5678 5026 2
5678 5076 16
5678 5236 3
5678 5679 11
5679 1141 9
5679 3939 18
5679 5680 11
5679 8091 12
5679 8884 8
5680 1377 6
5680 3092 10
5680 5681 11
5680 5997 18
5680 8934 21
5681 1398 6
5681 5682 7
5682 1096 15
5682 3013 17
5682 4101 7
5682 5683 12
5682 6622 3
5682 9043 21
5683 879 14
5683 1871 8
5683 2225 8
5683 5684 20
5683 6769 12
5684 371 19
5684 470 15
5684 5685 18
5684 7049 15
5685 717 17
5685 1596 21
5685 2150 15
5685 5686 20
5686 5687 10
5686 8740 9
5687 4450 23
5687 5688 20
5687 6524 9
5687 7677 6
5687 9492 8
5688 751 20
5688 1949 5
5688 3485 2
5688 5689 15
5688 5782 9
5688 6251 17
5688 8122 8
5689 3019 21
5689 5690 14
5689 7663 5
5689 7666 6
5689 8267 23
5689 8360 20
5690 4923 20
5690 5691 2
5691 2292 17
5691 3175 15
5691 3418 22
5691 4730 4
5691 5692 5
5691 6755 6
5692 5693 16
5692 7293 13
5693 2055 2
5693 5694 1
5693 5833 4
5694 5695 9
5695 60 21
5695 2378 5
5695 5546 20
5695 5696 4
5696 5697 22
5696 6688 22
5697 481 2
5697 2958 11
5697 5698 1
5697 7169 5
5697 8136 2
5698 723 12
5698 3041 10
5698 5699 23
5698 6870 18
5699 3 6
5699 174 20
5699 1078 1
5699 2760 4
5699 5700 19
5699 7926 3
5700 148 18
5700 1223 17
5700 1355 8
5700 1978 17
5700 2659 10
5700 4620 18
5700 4830 9
5700 5701 12
5701 984 12
5701 2088 2
5701 3276 6
5701 5702 15
5702 150 4
5702 2297 4
5702 3668 20
5702 4731 18
5702 5703 18
5703 1474 14
5703 2323 11
5703 3218 10
5703 5001 10
5703 5654 16
5703 5704 22
5703 6396 1
5704 5705 15
5704 9474 14
5705 1719 9
5705 5594 4
5705 5706 17
5706 624 8
5706 1680 15
5706 2241 1
5706 4569 1
5706 5707 6
5706 8514 1
5706 8709 16
5706 8796 7
5706 9695 22
5707 5708 23
5707 7988 1
5708 1268 23
5708 3611 23
5708 3646 19
5708 5073 7
5708 5709 12
5708 8231 17
5708 9973 16
5709 799 11
5709 1757 9
5709 5710 1
5709 6150 12
5709 8549 1
5709 8974 18
5710 5711 23
5711 501 22
5711 673 13
5711 789 22
5711 4635 8
5711 5157 13
5711 5712 6
5711 6022 12
5712 822 1
5712 2015 7
5712 4874 7
5712 5713 23
5712 8403 20
5712 8514 1
5712 9730 17
5712 9808 16
5713 5714 5
5714 561 1
5714 1964 11
5714 5715 12
5714 7680 6
5714 8391 19
5715 5716 3
5716 668 19
5716 5000 20
5716 5042 6
5716 5717 12
5716 7122 1
5717 3141 16
5717 5718 22
5717 7996 2
5717 8902 19
5718 1640 14
5718 5719 6
5718 5761 19
5718 7416 20
5718 8376 12
5719 5178 3
5719 5720 18
5719 8619 10
5720 1107 14
5720 1920 11
5720 2370 21
5720 5501 22
5720 5721 13
5720 6171 18
5720 8949 14
5721 4655 17
5721 5722 20
5721 6259 1
5721 6398 8
5721 6476 11
5721 8379 20
5722 5723 21
5722 6671 7
5722 9628 7
5723 2241 6
5723 5724 17
5723 7430 15
5723 8205 20
5724 755 18
5724 2143 2
5724 3066 2
5724 5725 12
5724 6143 17
5724 7392 16
5724 7504 8
5725 642 1
5725 4784 10
5725 5726 15
5725 8038 2
5725 9339 13
5726 5714 6
5726 5727 10
5726 5746 7
5726 6009 8
5726 8080 2
5726 9647 6
5727 2447 15
5727 2745 10
5727 3121 6
5727 3778 18
5727 4824 11
5727 5728 16
5727 9396 12
5728 1938 17
5728 3612 9
5728 5567 12
5728 5729 7
5728 8500 2
5728 8642 8
5729 2520 2
5729 5730 15
5729 6346 2
5729 6892 13
5730 732 14
5730 3457 1
5730 4959 3
5730 5731 8
5730 6092 16
5730 6429 7
5731 2233 23
5731 3896 8
5731 5070 11
5731 5732 14
5731 8207 7
5731 9423 16
5732 92 2
5732 195 11
5732 5733 2
5732 6071 14
5732 6471 9
5733 2964 17
5733 3594 15
5733 3619 19
5733 3752 8
5733 5341 20
5733 5734 5
5733 9850 21
5734 2019 21
5734 5735 17
5734 6084 5
5735 1540 1
5735 5736 18
5736 768 15
5736 1447 11
5736 1617 4
5736 5737 4
5737 1117 18
5737 5738 1
5737 6123 1
5738 500 15
5738 2615 18
5738 5692 4
5738 5739 20
5738 6204 2
5738 6406 3
5738 6521 16
5739 3773 18
5739 5740 17
5739 6142 5
5739 7021 11
5740 309 6
5740 3583 5
5740 4200 10
5740 5741 8
5740 7731 12
5740 8422 21
5741 1044 8
5741 2459 19
5741 5084 12
5741 5742 20
5741 8968 15
5741 8993 14
5742 570 6
5742 1538 22
5742 1812 4
5742 2561 18
5742 2760 17
5742 3881 8
5742 5302 22
5742 5743 2
5743 65 9
5743 4546 22
5743 4673 3
5743 5744 9
5743 5798 11
5744 3479 1
5744 4071 1
5744 4898 13
5744 5745 12
5744 5998 8
5744 6978 1
5745 1073 6
5745 2738 8
5745 5746 9
5746 4686 22
5746 5747 2
5746 5964 5
5746 7506 12
5746 8176 8
5746 9125 7
5747 1926 3
5747 2669 8
5747 3380 22
5747 3838 5
5747 5748 19
5747 6977 21
5747 7499 3
5747 7566 21
5748 5749 23
5748 9912 2
5749 3272 20
5749 3657 9
5749 5750 21
5749 8344 7
5750 1521 19
5750 3093 11
5750 5751 7
5750 6223 8
5750 8353 20
5750 9491 1
5751 3426 23
5751 5752 13
5751 8946 18
5752 1152 20
5752 2054 9
5752 2819 23
5752 2878 5
5752 3009 12
5752 5753 13
5752 6158 1
5752 6815 15
5752 7170 9
5752 7775 9
5752 8984 14
5752 9201 14
5752 9400 6
5753 939 22
5753 2320 13
5753 2753 2
5753 5754 22
5753 7075 12
5753 8806 5
5754 324 13
5754 5755 17
5754 7708 22
5754 7866 9
5755 1810 18
5755 5485 11
5755 5756 3
5755 6086 17
5755 8455 21
5755 9280 15
5756 206 20
5756 4569 5
5756 5514 13
5756 5757 8
5757 126 10
5757 5758 2
5757 6719 20
5758 53 22
5758 5759 2
5758 8661 11
5759 1559 16
5759 5760 1
5759 7860 15
5759 9164 4
5759 9551 13
5760 1483 5
5760 1739 5
5760 1742 23
5760 2220 15
5760 4510 17
5760 5761 15
5760 9967 23
5761 194 2
5761 1031 2
5761 1612 4
5761 4073 9
5761 5762 18
5762 1801 4
5762 5763 3
5763 1574 14
5763 1801 22
5763 2911 1
5763 5764 22
5763 6733 17
5764 1921 12
5764 3215 23
5764 3531 9
5764 5765 16
5764 7127 4
5765 1546 16
5765 2424 13
5765 2637 9
5765 3190 8
5765 4684 19
5765 5343 4
5765 5766 13
5765 9757 22
5766 5767 22
5767 2005 19
5767 5408 9
5767 5768 8
5767 6217 13
5767 7842 1
5768 650 12
5768 1462 20
5768 2385 13
5768 3160 4
5768 5769 4
5768 8377 2
5769 799 16
5769 1164 20
5769 2093 11
5769 2249 18
5769 5770 15
5769 8961 12
5769 9857 13
5770 2687 8
5770 5461 16
5770 5771 12
5770 6980 15
5770 9777 3
5771 1993 7
5771 4995 21
5771 5772 20
5771 6507 7
5771 9614 22
5772 294 2
5772 700 11
5772 4064 8
5772 5773 2
5772 9102 15
5773 1466 18
5773 2181 5
5773 2527 3
5773 2695 3
5773 3690 19
5773 5455 21
5773 5774 13
5774 2998 1
5774 5775 19
5774 7678 15
5775 1179 4
5775 1718 12
5775 2183 7
5775 5776 12
5775 7015 6
5776 816 12
5776 1723 16
5776 3498 16
5776 5117 22
5776 5777 5
5776 7853 13
5777 4340 10
5777 4813 9
5777 5327 21
5777 5778 16
5777 9080 21
5778 1412 4
5778 4217 9
5778 5779 21
5778 8755 22
5779 5109 16
5779 5780 18
5779 8411 3
5780 2724 19
5780 3799 20
5780 5781 6
5780 7447 14
5780 8522 10
5781 2048 17
5781 5782 3
5781 7666 9
5781 9391 2
5781 9589 13
5782 5783 7
5783 434 18
5783 4856 23
5783 5360 21
5783 5784 4
5783 7042 2
5784 4280 1
5784 5785 23
5784 6930 3
5785 2345 20
5785 2596 11
5785 2669 6
5785 5786 4
5786 1110 19
5786 1113 12
5786 5787 15
5786 6877 4
5786 8949 11
5786 9040 16
5787 5788 21
5787 6870 18
5788 366 9
5788 1176 22
5788 1352 9
5788 5789 20
5789 2427 9
5789 2685 18
5789 3124 3
5789 3667 2
5789 4683 13
5789 5790 6
5789 8793 19
5790 3019 11
5790 3469 11
5790 3868 10
5790 5791 7
5790 5980 21
5790 8089 15
5790 9431 3
5791 3705 8
5791 5792 13
5792 5793 22
5792 7423 21
5792 8858 2
5793 1017 20
5793 1441 21
5793 1809 12
5793 3128 13
5793 4613 20
5793 4655 10
5793 5539 3
5793 5794 10
5793 6987 15
5793 7441 23
5794 2822 19
5794 3957 10
5794 4761 1
5794 5795 3
5794 9620 5
5795 1602 19
5795 1633 18
5795 5796 13
5795 7454 16
5795 8646 13
5796 1319 15
5796 2877 22
5796 5015 5
5796 5797 6
5797 2152 2
5797 2739 19
5797 5578 8
5797 5798 20
5797 6317 2
5798 2545 4
5798 3510 4
5798 5282 20
5798 5799 1
5798 6291 20
5798 6477 16
5798 7106 7
5798 8223 21
5799 5800 14
5799 8871 8
5799 9312 14
5800 970 2
5800 2359 11
5800 5801 21
5800 6601 17
5800 9453 6
5801 5802 5
5801 7729 11
5801 7976 18
5802 152 13
5802 4746 6
5802 5803 18
5802 6879 11
5803 514 18
5803 5804 13
5803 7618 16
5804 2179 17
5804 5805 6
5804 5935 2
5804 7613 21
5804 7996 8
5804 8284 14
5805 5806 2
5805 5933 2
5805 6239 3
5805 8630 11
5806 2434 12
5806 5807 18
5806 7780 23
5807 1841 2
5807 2449 15
5807 3361 4
5807 4340 21
5807 5808 3
5807 7235 5
5807 7781 20
5807 9488 5
5808 1190 14
5808 5600 11
5808 5809 11
5809 505 23
5809 1433 7
5809 3431 18
5809 5625 18
5809 5810 2
5810 592 5
5810 1391 3
5810 1510 16
5810 3970 9
5810 5811 5
5810 6748 2
5811 256 22
5811 1953 1
5811 5812 12
5811 5816 14
5812 171 23
5812 635 2
5812 5813 22
5813 1591 7
5813 3854 22
5813 5814 4
5813 6763 6
5813 7412 8
5813 7804 23
5813 8263 22
5813 9678 2
5814 264 5
5814 1694 12
5814 5815 13
5814 6158 6
5815 326 5
5815 5816 23
5816 1764 22
5816 3251 9
5816 5817 19
5816 6534 22
5816 7348 16
5816 9595 5
5817 5001 13
5817 5207 21
5817 5818 2
5817 7353 16
5817 7751 20
5818 3834 22
5818 4899 9
5818 5819 3
5819 5182 21
5819 5820 3
5819 6711 9
5820 88 15
5820 131 5
5820 2383 5
5820 3081 4
5820 3226 14
5820 3962 23
5820 5821 18
5820 6373 10
5820 7523 18
5820 7914 2
5820 7997 14
5821 284 19
5821 558 18
5821 1278 8
5821 1368 9
5821 4848 4
5821 5822 16
5821 9324 19
5822 242 19
5822 5501 16
5822 5823 12
5822 5858 6
5822 6444 3
5822 8169 9
5822 8505 17
5822 9762 14
5823 238 3
5823 780 4
5823 1628 19
5823 3063 8
5823 5580 14
5823 5824 19
5823 6616 10
5823 7062 14
5823 9853 5
5824 2653 10
5824 2814 14
5824 4208 11
5824 5470 8
5824 5825 2
5825 5826 14
5825 5951 23
5825 6220 21
5826 2598 21
5826 5827 8
5827 2841 19
5827 3809 20
5827 5828 23
5828 1174 2
5828 5829 22
5829 5830 22
5830 807 11
5830 2333 5
5830 2496 22
5830 5705 19
5830 5831 7
5830 8324 5
5831 3276 3
5831 5832 9
5831 6631 1
5832 1532 22
5832 1764 23
5832 1975 13
5832 5833 6
5832 6800 18
5832 6929 8
5832 7751 16
5833 3446 19
5833 5834 13
5833 8660 23
5833 9077 23
5834 1584 14
5834 4562 2
5834 5835 4
5835 2197 19
5835 3424 11
5835 5836 19
5835 8534 10
5836 1648 1
5836 5837 12
5836 6022 17
5836 9344 3
5837 224 14
5837 1168 2
5837 4682 21
5837 5838 6
5837 8273 4
5838 419 7
5838 5839 11
5838 6616 6
5839 687 21
5839 3345 15
5839 3436 21
5839 5612 19
5839 5840 7
5840 955 16
5840 4904 6
5840 5841 15
5841 226 6
5841 4653 23
5841 5842 22
5841 7932 14
5842 300 12
5842 859 13
5842 2664 21
5842 5843 6
5842 7851 2
5843 1176 22
5843 1215 12
5843 5844 14
5844 860 19
5844 3719 14
5844 3964 21
5844 5282 5
5844 5845 11
5845 2869 4
5845 5846 3
5845 7696 18
5846 5615 13
5846 5847 22
5846 7789 17
5846 9222 16
5847 1354 9
5847 1401 18
5847 5848 19
5848 520 8
5848 2557 7
5848 2617 5
5848 5403 4
5848 5849 6
5848 6364 9
5849 5534 9
5849 5850 18
5849 6345 9
5849 7856 23
5850 1832 2
5850 2164 8
5850 5851 8
5850 6758 21
5851 1425 3
5851 2307 7
5851 4795 17
5851 5852 6
5851 8147 13
5851 9667 12
5852 1875 20
5852 3848 4
5852 4639 11
5852 5853 13
5852 6057 7
5852 6231 17
5852 8412 6
5852 9238 3
5853 184 3
5853 3490 22
5853 5854 9
5853 7631 2
5854 850 10
5854 3588 19
5854 5855 15
5854 7826 23
5855 2204 15
5855 2967 17
5855 3440 3
5855 3721 14
5855 3838 8
5855 5856 20
5855 6943 18
5856 869 11
5856 1210 8
5856 5273 3
5856 5308 9
5856 5857 4
5856 7081 11
5857 5675 7
5857 5858 11
5858 1385 3
5858 5859 13
5858 6936 1
5858 7961 23
5858 9207 10
5859 5860 9
5859 6778 1
5859 9144 14
5859 9795 13
5860 792 11
5860 1968 1
5860 3551 11
5860 4799 5
5860 5861 4
5860 8322 10
5861 5862 23
5862 439 1
5862 988 17
5862 1174 19
5862 4180 20
5862 5863 3
5862 9989 17
5863 999 22
5863 1716 14
5863 5864 6
5863 6506 21
5863 8752 17
5864 3365 16
5864 4006 17
5864 5269 7
5864 5865 9
5864 7332 4
5864 9607 2
5865 5339 12
5865 5866 18
5865 6437 1
5865 8108 11
5866 901 23
5866 4952 4
5866 5867 22
5866 8236 5
5866 9354 5
5867 5868 5
5867 8342 19
5868 1343 23
5868 1529 7
5868 1802 19
5868 5869 8
5868 8420 9
5868 9212 11
5869 5870 17
5870 4033 22
5870 5871 14
5870 6676 2
5870 9399 3
5871 3007 7
5871 5872 5
5871 6230 10
5871 6883 11
5872 2245 23
5872 4298 16
5872 5738 19
5872 5873 10
5872 7700 22
5873 620 22
5873 5874 23
5873 6308 18
5873 6632 7
5874 1219 21
5874 4708 20
5874 5314 22
5874 5875 5
5874 5910 22
5874 8589 13
5875 3199 6
5875 5167 22
5875 5876 23
5876 709 18
5876 1454 12
5876 2651 19
5876 4633 12
5876 5877 18
5877 535 7
5877 2343 22
5877 3853 18
5877 5878 19
5877 7390 11
5878 1184 18
5878 4524 20
5878 5879 10
5878 8702 19
5879 1285 11
5879 5880 15
5879 9221 18
5880 2692 14
5880 3013 5
5880 3142 11
5880 5337 19
5880 5881 9
5881 3270 3
5881 3982 11
5881 5226 13
5881 5882 10
5881 6823 11
5881 7132 2
5881 7416 4
5882 85 2
5882 1749 14
5882 2181 7
5882 3578 13
5882 5883 22
5882 6840 8
5882 9784 6
5883 1552 9
5883 5884 22
5883 5978 10
5883 6110 7
5884 2517 2
5884 4447 8
5884 5885 13
5884 7758 13
5884 9472 21
5885 2618 12
5885 5886 5
5885 6041 2
5885 6992 6
5885 8055 14
5886 567 18
5886 2973 21
5886 3876 2
5886 4182 17
5886 5887 17
5886 8234 20
5887 278 7
5887 402 11
5887 2214 7
5887 2524 20
5887 4310 3
5887 5453 4
5887 5888 10
5887 7143 21
5888 840 18
5888 5889 2
5888 7359 16
5888 9469 20
5889 2767 3
5889 4698 7
5889 5890 2
5889 8283 6
5889 8870 11
5890 4406 4
5890 5669 21
5890 5883 5
5890 5891 4
5891 2475 19
5891 4060 8
5891 4458 23
5891 5892 20
5891 6515 21
5892 4491 13
5892 5893 2
5892 6815 14
5892 7399 21
5892 9092 14
5892 9133 21
5893 775 5
5893 4528 4
5893 5894 14
5893 8249 14
5894 2353 15
5894 5895 5
5894 9423 9
5895 201 14
5895 617 6
5895 1836 8
5895 5722 23
5895 5896 18
5895 6600 5
5896 1533 17
5896 1616 10
5896 5897 23
5896 9482 23
5896 9519 13
5897 666 11
5897 2107 11
5897 2892 12
5897 3015 17
5897 5604 4
5897 5898 18
5897 5970 7
5898 2246 14
5898 2532 22
5898 5899 23
5899 1530 13
5899 5481 3
5899 5771 14
5899 5900 5
5899 7475 10
5899 8429 10
5900 234 2
5900 2705 21
5900 5901 16
5900 8263 8
5901 1490 2
5901 1568 2
5901 2876 10
5901 3967 15
5901 4887 11
5901 5854 2
5901 5902 17
5901 7299 23
5901 8040 23
5902 742 16
5902 968 4
5902 2332 12
5902 3931 15
5902 4075 7
5902 5903 17
5902 7558 13
5902 7897 7
5903 1399 7
5903 5904 15
5903 6879 6
5904 1437 2
5904 2108 8
5904 5905 22
5905 5906 17
5905 5967 15
5905 7301 8
5906 2979 13
5906 4915 16
5906 5001 22
5906 5907 4
5906 8321 8
5907 895 5
5907 2392 21
5907 5466 12
5907 5908 20
5907 7816 20
5908 770 12
5908 4275 19
5908 5201 4
5908 5909 3
5909 2014 19
5909 4272 16
5909 5905 3
5909 5910 13
5909 7749 3
5910 3456 10
5910 3851 7
5910 5911 11
5910 6422 13
5911 5912 20
5912 427 18
5912 694 20
5912 5913 4
5912 6417 8
5912 8604 22
5913 495 1
5913 1619 3
5913 3358 15
5913 4532 14
5913 5914 22
5913 9405 12
5914 365 16
5914 783 17
5914 4483 11
5914 4740 16
5914 5401 7
5914 5915 23
5914 7210 9
5914 8427 5
5915 1434 3
5915 4886 2
5915 5916 14
5915 7755 9
5916 878 6
5916 1107 16
5916 1738 2
5916 2023 17
5916 3048 12
5916 5917 15
5916 8261 17
5916 8940 4
5917 3002 1
5917 5918 2
5918 5919 11
5918 6236 6
5919 5920 16
5919 7644 1
5919 7740 17
5919 8351 15
5920 397 16
5920 5434 18
5920 5921 23
5920 8213 10
5920 9500 13
5921 1721 13
5921 5318 19
5921 5922 18
5921 9817 1
5922 401 20
5922 4592 7
5922 5923 5
5923 840 3
5923 2132 4
5923 5924 13
5924 4599 20
5924 5311 18
5924 5925 11
5924 7311 9
5924 7800 23
5924 8472 15
5924 8637 10
5924 9534 12
5925 4646 4
5925 4870 14
5925 5926 14
5925 9400 12
5925 9509 11
5926 2448 21
5926 4212 7
5926 5169 20
5926 5261 17
5926 5758 12
5926 5927 21
5926 6169 5
5927 1650 19
5927 5928 12
5928 1049 19
5928 4140 4
5928 5929 12
5929 155 9
5929 837 2
5929 3991 18
5929 5930 10
5930 80 15
5930 1436 11
5930 4319 1
5930 5931 22
5931 2 12
5931 3485 4
5931 5932 18
5931 9228 1
5932 5933 20
5932 8314 21
5933 927 19
5933 1268 7
5933 1334 19
5933 2982 5
5933 3749 21
5933 5934 16
5933 6191 19
5934 2 23
5934 2671 13
5934 5935 10
5934 8359 5
5935 2689 3
5935 3098 1
5935 4348 23
5935 5661 6
5935 5936 1
5935 7391 7
5936 313 9
5936 1404 2
5936 4013 23
5936 4574 23
5936 5937 8
5936 6069 12
5936 6541 9
5936 7229 15
5937 346 1
5937 2199 21
5937 5938 16
5937 7673 1
5938 367 15
5938 2199 22
5938 5939 15
5938 7267 13
5938 8958 3
5939 5940 11
5939 7413 12
5940 1897 5
5940 4125 14
5940 5941 22
5941 5942 18
5941 8386 3
5941 9726 7
5941 9933 16
5942 3910 10
5942 5943 14
5943 1481 21
5943 5944 21
5943 8796 9
5944 1421 20
5944 1769 9
5944 2721 4
5944 2862 22
5944 4259 17
5944 5945 12
5944 7802 22
5945 2857 1
5945 3803 11
5945 5946 17
5945 6877 21
5946 1444 11
5946 2005 12
5946 2465 16
5946 4866 9
5946 5909 9
5946 5947 11
5946 7478 6
5947 4329 19
5947 5948 1
5947 8353 12
5948 2310 22
5948 3616 3
5948 4403 13
5948 5949 4
5949 2206 5
5949 5950 10
5950 5240 19
5950 5951 18
5950 9908 3
5951 5952 23
5952 1033 8
5952 2581 16
5952 5953 9
5952 9410 16
5953 2801 23
5953 5954 6
5954 3177 6
5954 4493 4
5954 5955 16
5955 478 11
5955 496 22
5955 5956 17
5955 6934 17
5955 7632 15
5955 9443 12
5956 1681 21
5956 2642 6
5956 5028 17
5956 5957 4
5957 21 4
5957 37 4
5957 1520 12
5957 5958 13
5957 8177 16
5958 3147 11
5958 5959 15
5959 1575 4
5959 2317 20
5959 4722 12
5959 5960 8
5960 163 1
5960 2164 21
5960 5961 22
5960 5998 9
5961 1262 17
5961 1267 17
5961 2478 6
5961 5962 2
5961 8688 22
5961 9873 9
5962 351 1
5962 1721 2
5962 5963 20
5962 7987 15
5962 9989 18
5963 5964 4
5963 8735 5
5964 1305 10
5964 4016 15
5964 5965 20
5965 1023 7
5965 2315 9
5965 2500 22
5965 4211 11
5965 5966 2
5966 808 2
5966 1944 6
5966 2365 3
5966 5967 16
5966 7419 2
5967 5968 17
5968 47 13
5968 5851 3
5968 5969 21
5968 9575 13
5969 2273 14
5969 5970 12
5970 4720 10
5970 5971 15
5970 7826 3
5970 7853 19
5970 9114 6
5971 414 14
5971 5972 9
5971 8411 20
5972 134 6
5972 5973 21
5972 6815 13
5973 1990 16
5973 5974 16
5974 515 11
5974 2836 18
5974 3318 9
5974 4103 16
5974 5975 15
5974 6984 20
5975 2342 8
5975 3055 22
5975 3749 14
5975 5511 2
5975 5976 23
5975 6333 3
5975 6682 7
5975 7514 13
5975 9156 19
5976 5255 2
5976 5435 1
5976 5560 15
5976 5977 19
5976 6193 21
5977 3299 21
5977 5978 22
5977 9548 12
5978 925 23
5978 1885 22
5978 2715 18
5978 5979 15
5978 6537 5
5979 527 3
5979 669 14
5979 3174 15
5979 4110 23
5979 4260 14
5979 5980 22
5980 2674 9
5980 5981 20
5980 8661 14
5980 8721 18
5980 9221 10
5980 9741 15
5981 1041 3
5981 5982 3
5982 964 17
5982 4577 14
5982 5324 12
5982 5983 15
5982 6057 12
5982 6327 2
5982 9089 7
5983 1472 10
5983 5404 9
5983 5984 7
5983 6097 10
5983 8360 22
5984 5985 1
5984 8355 20
5985 1046 9
5985 2096 2
5985 2763 21
5985 3801 12
5985 5986 14
5985 7406 12
5985 8543 4
5985 9663 12
5985 9926 14
5986 1446 17
5986 1838 20
5986 2172 12
5986 5987 6
5986 6477 13
5987 496 23
5987 5988 2
5987 9648 11
5988 2712 16
5988 5989 9
5988 9643 22
5988 9781 2
5989 5990 16
5989 8410 16
5990 1905 17
5990 4400 18
5990 5991 17
5990 7633 18
5991 5037 3
5991 5399 20
5991 5992 15
5992 527 7
5992 1715 23
5992 2659 18
5992 5993 11
5992 6967 4
5992 9309 4
5993 2693 10
5993 4156 17
5993 5994 9
5993 9552 3
5994 947 6
5994 2186 15
5994 5995 17
5994 7548 15
5994 8377 1
5995 989 1
5995 2016 11
5995 5996 22
5996 1740 17
5996 2034 2
5996 5997 3
5996 6326 16
5997 2132 7
5997 4395 1
5997 5998 8
5998 4436 23
5998 5999 13
5998 6124 19
5998 7413 23
5999 461 6
5999 2260 2
5999 2405 2
5999 5854 13
5999 6000 21
5999 6223 21
5999 6660 8
6000 1044 1
6000 5527 4
6000 6001 8
6000 7879 6
6000 8803 15
6000 9059 12
6001 6002 5
6002 2097 17
6002 2335 8
6002 6003 13
6003 1626 2
6003 6004 12
6003 6690 22
6003 7193 6
6003 8538 9
6004 449 5
6004 2278 22
6004 4601 9
6004 4658 1
6004 6005 22
6004 8301 16
6005 881 2
6005 4812 1
6005 6006 19
6005 7012 19
6006 4626 20
6006 6007 23
6006 6749 13
6007 3017 3
6007 3166 2
6007 5606 13
6007 6008 22
6007 6027 4
6007 7240 14
6008 2374 3
6008 2499 4
6008 2753 23
6008 5815 6
6008 6009 10
6009 2990 20
6009 4433 22
6009 6010 3
6009 6514 22
6009 7091 12
6009 9680 9
6010 6011 9
6011 701 18
6011 1802 8
6011 2232 22
6011 2713 13
6011 4691 9
6011 4746 17
6011 6012 23
6011 8802 1
6011 9395 10
6012 225 1
6012 5957 2
6012 6013 6
6013 1675 17
6013 6014 12
6013 8058 5
6013 8753 4
6014 2234 16
6014 2952 3
6014 4622 10
6014 6015 5
6014 9893 14
6015 855 3
6015 2336 23
6015 5179 22
6015 6016 13
6015 8869 3
6015 9571 8
6016 4094 8
6016 4942 23
6016 6017 9
6016 6403 19
6017 6018 2
6017 7529 23
6018 314 1
6018 2755 1
6018 4634 4
6018 6019 19
6018 6686 17
6018 8425 23
6019 2171 11
6019 3726 15
6019 6020 17
6019 9226 10
6020 2380 14
6020 2510 23
6020 3776 15
6020 6009 17
6020 6021 6
6021 182 15
6021 4275 11
6021 6022 16
6021 7366 18
6022 1961 15
6022 6023 9
6022 7668 20
6022 9734 23
6023 824 2
6023 3942 20
6023 4274 7
6023 6024 8
6023 9263 1
6024 162 18
6024 2008 10
6024 2665 23
6024 6025 4
6024 6643 2
6024 9859 3
6025 176 3
6025 829 23
6025 4043 16
6025 4436 4
6025 4685 1
6025 4977 4
6025 6026 5
6025 6030 7
6025 8203 14
6025 8409 19
6025 9265 15
6026 6027 17
6026 7712 9
6026 9088 22
6027 52 11
6027 185 22
6027 1988 8
6027 5299 20
6027 5390 5
6027 5405 23
6027 6028 23
6027 6536 4
6028 2967 9
6028 6029 13
6028 6626 4
6028 7211 5
6028 7609 23
6028 9631 16
6029 2198 9
6029 6030 20
6029 8013 9
6029 8504 7
6030 596 2
6030 902 20
6030 6031 13
6030 9588 20
6030 9638 18
6031 1226 2
6031 1404 23
6031 2678 11
6031 3234 3
6031 6032 2
6031 9434 15
6032 5933 7
6032 6033 10
6032 7813 3
6032 9052 20
6032 9710 10
6033 2375 3
6033 2885 13
6033 4279 15
6033 5443 21
6033 6034 1
6033 7167 12
6034 4333 19
6034 6035 9
6034 6175 1
6034 8648 22
6035 533 17
6035 2733 16
6035 5454 14
6035 6036 21
6035 6402 16
6035 9176 16
6036 2130 15
6036 3248 23
6036 5917 5
6036 6037 16
6037 289 11
6037 6038 10
6038 1379 12
6038 6039 15
6038 8086 13
6039 364 9
6039 722 19
6039 2126 23
6039 3207 19
6039 3289 14
6039 3735 19
6039 3742 6
6039 6040 13
6039 6990 12
6040 772 15
6040 1876 12
6040 6041 20
6040 6418 2
6041 5666 6
6041 6042 2
6042 904 2
6042 6043 5
6042 8631 11
6042 9725 21
6043 1315 19
6043 2468 7
6043 3157 23
6043 6044 14
6043 7003 4
6043 9168 20
6044 1775 21
6044 5177 13
6044 6045 9
6044 6332 20
6045 453 2
6045 1784 19
6045 6046 21
6045 7850 20
6046 345 19
6046 1415 13
6046 6047 1
6046 7474 16
6046 9558 1
6047 1333 18
6047 2098 19
6047 2702 15
6047 5458 11
6047 5677 4
6047 6048 4
6047 8177 12
6047 9302 1
6048 2706 3
6048 3016 12
6048 6049 1
6048 7482 18
6048 8361 4
6048 8724 12
6049 6050 4
6049 6845 3
6050 727 19
6050 1545 2
6050 6051 22
6051 2273 14
6051 5651 14
6051 6052 16
6051 9546 21
6052 20 1
6052 4826 19
6052 6053 4
6052 8173 14
6052 8610 23
6053 393 15
6053 4605 6
6053 6054 3
6053 9758 10
6054 214 10
6054 4838 4
6054 6055 5
6055 2360 8
6055 6056 17
6055 7202 16
6056 2658 17
6056 6057 10
6057 6058 2
6057 7198 4
6057 7200 6
6057 8100 12
6057 8769 12
6058 3694 13
6058 6059 23
6058 9400 1
6059 189 18
6059 6060 22
6059 7255 14
6060 911 21
6060 1833 6
6060 6061 11
6061 3030 19
6061 6062 11
6061 7390 13
6062 1632 2
6062 2428 15
6062 4738 9
6062 5591 22
6062 6063 15
6063 2579 2
6063 2687 20
6063 6064 18
6064 6065 18
6064 6519 17
6064 6725 4
6065 2255 7
6065 2440 15
6065 6066 11
6065 8353 3
6065 8492 11
6066 2126 6
6066 3553 9
6066 6067 9
6066 8810 8
6067 2233 13
6067 5301 2
6067 6068 21
6067 6648 8
6068 319 15
6068 1418 18
6068 6069 19
6068 6666 23
6068 7576 20
6069 3664 23
6069 5173 19
6069 6070 11
6070 74 8
6070 1873 13
6070 6071 14
6070 6081 8
6071 717 12
6071 3255 18
6071 5729 11
6071 6072 11
6071 9135 5
6071 9395 22
6072 426 3
6072 1932 1
6072 2835 17
6072 3312 12
6072 3676 1
6072 4301 4
6072 5212 10
6072 5331 4
6072 5764 14
6072 6073 5
6072 9117 14
6073 6074 12
6073 6119 12
6073 8467 6
6074 1858 3
6074 6075 10
6074 9291 17
6075 770 22
6075 1077 16
6075 1378 11
6075 2564 16
6075 6076 7
6075 9287 2
6075 9633 16
6076 6077 17
6076 7004 22
6076 9952 15
6077 2103 6
6077 3678 12
6077 5603 13
6077 6078 18
6078 6079 7
6078 8992 21
6079 4170 23
6079 6080 12
6080 562 5
6080 3333 22
6080 6081 8
6080 6664 14
6081 6082 7
6082 1524 12
6082 1884 1
6082 2760 16
6082 6083 17
6082 8265 2
6083 2012 15
6083 4746 22
6083 6084 9
6083 7917 20
6084 172 20
6084 2651 2
6084 6085 6
6084 6195 9
6084 8481 8
6085 1293 9
6085 3033 2
6085 3549 6
6085 6086 7
6085 8308 8
6086 1345 9
6086 1432 21
6086 3643 13
6086 5117 2
6086 5509 16
6086 5894 1
6086 6087 8
6086 8889 11
6087 1168 5
6087 1728 3
6087 3697 13
6087 6088 22
6087 6532 2
6088 270 18
6088 3205 23
6088 4061 9
6088 6089 12
6089 5684 8
6089 6090 2
6089 7177 19
6089 7229 2
6089 8951 18
6090 963 12
6090 1271 22
6090 3225 14
6090 6091 6
6091 3206 5
6091 6092 9
6092 2050 13
6092 5039 4
6092 6093 23
6092 9364 7
6092 9785 16
6093 756 12
6093 766 10
6093 4808 1
6093 5757 10
6093 6094 6
6093 8184 4
6094 6095 4
6095 729 8
6095 5267 2
6095 6096 22
6096 643 14
6096 3202 19
6096 6097 18
6096 7829 5
6097 2051 9
6097 6098 16
6098 869 21
6098 3043 15
6098 6099 20
6098 7202 14
6098 9385 17
6099 946 1
6099 6100 3
6100 2257 10
6100 5350 4
6100 5451 1
6100 6101 6
6101 371 19
6101 576 8
6101 6102 3
6101 6301 16
6101 6648 12
6101 7548 10
6101 8417 5
6102 39 15
6102 71 16
6102 2165 10
6102 2652 11
6102 6103 18
6102 6461 13
6102 7233 3
6103 1528 23
6103 2378 3
6103 5132 7
6103 6104 13
6103 9382 14
6103 9522 13
6104 1029 5
6104 1438 13
6104 2298 22
6104 2510 16
6104 3020 22
6104 6105 6
6104 8787 11
6105 664 21
6105 1883 18
6105 5540 22
6105 6106 17
6106 2597 4
6106 4747 13
6106 4919 19
6106 4973 5
6106 5075 6
6106 6107 16
6106 8061 4
6107 934 11
6107 2866 7
6107 3630 8
6107 6108 17
6108 940 4
6108 958 6
6108 3491 4
6108 3585 3
6108 6109 15
6109 329 6
6109 961 7
6109 1615 11
6109 2463 15
6109 6110 8
6109 9596 7
6110 3558 15
6110 6039 1
6110 6111 10
6110 9572 9
6111 1931 16
6111 3770 20
6111 4731 11
6111 6112 3
6111 8138 19
6111 9191 22
6112 6113 7
6112 8945 22
6112 9260 12
6113 5713 11
6113 6114 6
6113 6420 17
6114 6115 18
6115 263 9
6115 867 9
6115 1449 8
6115 6116 10
6115 7175 21
6115 7252 5
6115 7598 7
6116 2877 11
6116 6117 6
6116 9864 22
6117 2183 21
6117 6118 7
6118 3049 2
6118 6119 16
6119 2602 15
6119 6120 23
6119 8621 3
6119 9603 14
6120 518 19
6120 5411 14
6120 5713 11
6120 6121 19
6120 9108 19
6120 9164 6
6121 868 10
6121 2711 20
6121 3779 23
6121 3967 13
6121 6122 9
6121 6472 19
6122 68 16
6122 506 6
6122 3972 1
6122 6123 12
6122 6420 3
6122 7787 15
6123 684 1
6123 1244 5
6123 2021 13
6123 4271 23
6123 5824 7
6123 6124 8
6124 1201 17
6124 4252 20
6124 6125 5
6125 1635 8
6125 2447 2
6125 6126 7
6125 8899 16
6126 1262 11
6126 3352 8
6126 4211 2
6126 4577 12
6126 6127 20
6126 7001 10
6127 3570 14
6127 5063 1
6127 5389 17
6127 5621 23
6127 6128 11
6127 6998 23
6127 9201 14
6128 6129 13
6128 6410 7
6128 7692 6
6128 8983 5
6129 3970 6
6129 6130 17
6130 903 18
6130 973 14
6130 1578 12
6130 1982 20
6130 2874 8
6130 6131 4
6130 9911 11
6131 2548 4
6131 6132 10
6132 3002 16
6132 4085 11
6132 4580 18
6132 6133 21
6132 8592 6
6133 6134 1
6133 6411 15
6133 6880 9
6133 7014 7
6133 7263 4
6133 9629 9
6134 1764 18
6134 2335 21
6134 5570 16
6134 6135 20
6134 7601 14
6134 9853 1
6135 725 8
6135 1753 15
6135 3648 6
6135 5725 18
6135 6136 8
6135 7450 4
6135 8193 8
6135 9154 8
6136 365 2
6136 6137 6
6136 7343 11
6136 8110 5
6137 462 5
6137 602 19
6137 6138 4
6137 6910 18
6137 8669 3
6137 8879 11
6138 140 9
6138 154 14
6138 2076 6
6138 2689 19
6138 6139 22
6138 6232 17
6138 7796 14
6138 8066 22
6139 6140 1
6140 2205 6
6140 5165 20
6140 6141 14
6140 9568 20
6141 5300 12
6141 6142 5
6141 8063 1
6142 2909 9
6142 6143 19
6143 352 10
6143 2711 1
6143 4379 21
6143 4804 11
6143 5956 23
6143 6144 9
6143 8289 18
6144 1572 20
6144 2768 19
6144 3665 21
6144 6145 8
6145 6146 16
6146 1209 5
6146 6147 23
6146 8647 5
6146 9416 10
6147 4906 8
6147 6148 21
6147 8389 2
6148 4 6
6148 1705 10
6148 4342 4
6148 6149 8
6149 499 11
6149 681 9
6149 4336 22
6149 4467 23
6149 6150 20
6149 6440 1
6150 412 13
6150 550 3
6150 731 16
6150 3120 17
6150 6151 4
6151 712 12
6151 2857 8
6151 5976 8
6151 6152 4
6152 5307 12
6152 6153 7
6152 7561 16
6152 9743 16
6153 614 7
6153 841 15
6153 1711 14
6153 6081 10
6153 6154 14
6153 6751 9
6154 1574 3
6154 3585 7
6154 4375 6
6154 6155 13
6155 755 16
6155 5187 10
6155 6156 22
6155 9671 4
6156 107 4
6156 4105 20
6156 6100 12
6156 6157 12
6157 4631 14
6157 5601 17
6157 6158 8
6157 8483 13
6157 8601 20
6158 970 2
6158 1773 11
6158 2454 16
6158 4488 18
6158 4884 11
6158 6159 8
6159 774 16
6159 4519 19
6159 6160 21
6160 2170 20
6160 2266 17
6160 3674 7
6160 6161 10
6160 6408 18
6160 9113 5
6161 4077 10
6161 4841 18
6161 6162 21
6161 9355 8
6162 505 15
6162 6163 1
6163 636 13
6163 4124 8
6163 6164 23
6163 8615 8
6164 2 9
6164 118 14
6164 6165 4
6165 2111 21
6165 3045 8
6165 6166 7
6166 5603 3
6166 5759 6
6166 6147 11
6166 6167 7
6166 7131 22
6166 9842 22
6167 1637 15
6167 1727 5
6167 6168 5
6168 76 22
6168 974 5
6168 2808 18
6168 3815 6
6168 4437 3
6168 6054 18
6168 6169 4
6168 6391 11
6168 9727 11
6169 2459 22
6169 3562 10
6169 6170 7
6169 6628 10
6169 8790 18
6170 2174 23
6170 3233 22
6170 4093 7
6170 4209 18
6170 4252 1
6170 6171 5
6170 7140 8
6170 9574 14
6171 1846 18
6171 2442 19
6171 3525 13
6171 4114 7
6171 4798 19
6171 6172 7
6172 5859 13
6172 6003 16
6172 6173 17
6173 2647 1
6173 4390 23
6173 4591 17
6173 5450 1
6173 6174 12
6173 6281 21
6173 6643 4
6173 7701 1
6173 8302 11
6174 1270 3
6174 5623 16
6174 6175 12
6174 7318 2
6174 8546 14
6175 1937 1
6175 2139 14
6175 3505 16
6175 3824 5
6175 4491 4
6175 5569 22
6175 6176 11
6176 346 20
6176 969 8
6176 4191 20
6176 6177 17
6176 8703 15
6177 2625 5
6177 3985 3
6177 5301 17
6177 6178 5
6177 7989 18
6177 8601 3
6178 2341 11
6178 2955 16
6178 6179 18
6178 6545 6
6179 1226 21
6179 3123 14
6179 6180 3
6179 6828 18
6180 359 19
6180 1797 21
6180 1996 22
6180 2458 10
6180 6181 12
6180 6771 6
6180 7871 4
6180 7887 4
6181 717 22
6181 1053 15
6181 1112 14
6181 4694 13
6181 6182 21
6181 8127 15
6182 956 11
6182 1645 4
6182 2312 22
6182 4133 22
6182 6183 5
6182 6381 16
6183 532 15
6183 3236 7
6183 6184 23
6183 7000 16
6183 9670 14
6184 1541 14
6184 3464 6
6184 6185 9
6185 1996 22
6185 6186 20
6185 8518 8
6186 3855 22
6186 5889 10
6186 6187 16
6186 6242 8
6186 8480 16
6187 1522 13
6187 2547 13
6187 3280 13
6187 6188 11
6188 2915 20
6188 5639 1
6188 6189 19
6188 7691 12
6188 8876 21
6189 1458 7
6189 6190 4
6189 6718 13
6190 6123 21
6190 6191 5
6190 7894 2
6191 6192 6
6191 6991 17
6192 59 5
6192 3431 20
6192 5488 7
6192 6193 4
6193 675 17
6193 4531 10
6193 4811 8
6193 5915 9
6193 6194 15
6193 8819 1
6194 1564 12
6194 1568 11
6194 4089 1
6194 6195 3
6194 6965 9
6195 92 13
6195 2608 22
6195 6196 20
6195 7785 7
6196 2420 15
6196 2615 11
6196 6197 23
6197 1215 15
6197 2356 7
6197 2643 16
6197 4942 5
6197 6104 8
6197 6198 6
6197 6722 14
6197 8976 9
6197 9436 3
6198 5509 14
6198 6199 20
6199 4577 7
6199 6200 6
6199 8834 17
6200 1848 18
6200 6201 3
6200 7119 11
6200 9187 5
6201 876 17
6201 6202 1
6202 1036 17
6202 1649 17
6202 3033 9
6202 5032 10
6202 6203 11
6202 7655 20
6203 1836 3
6203 3523 7
6203 6204 17
6203 7027 17
6204 1029 17
6204 5069 3
6204 5726 14
6204 6205 22
6205 2436 1
6205 6206 5
6205 7180 5
6205 7833 21
6206 6207 12
6206 6637 17
6207 3832 18
6207 5379 4
6207 5415 3
6207 6208 3
6207 8932 13
6207 9983 22
6208 2181 10
6208 3160 19
6208 5918 14
6208 6209 17
6208 9764 1
6209 536 16
6209 6210 23
6209 8733 6
6210 2500 1
6210 4142 4
6210 4517 18
6210 5993 14
6210 6211 10
6210 6385 11
6211 552 22
6211 6212 19
6211 6950 20
6211 7230 5
6211 8164 17
6211 9476 20
6212 2322 18
6212 4061 13
6212 5787 9
6212 6213 10
6212 6976 20
6213 1605 21
6213 3358 16
6213 6214 5
6213 8787 16
6214 5149 3
6214 6215 5
6214 7573 22
6214 9031 8
6215 2180 2
6215 4877 2
6215 6216 12
6216 6020 23
6216 6217 11
6216 8394 3
6216 9527 3
6217 3146 14
6217 4346 13
6217 6218 4
6218 2712 5
6218 3918 4
6218 5480 19
6218 6219 10
6219 3615 5
6219 5678 3
6219 6220 4
6219 9527 6
6220 698 5
6220 1469 9
6220 1678 4
6220 5206 6
6220 5385 12
6220 6221 18
6220 6771 11
6220 9505 6
6221 54 5
6221 6222 7
6221 6816 20
6221 8601 5
6222 811 13
6222 3172 23
6222 3277 17
6222 3465 15
6222 6223 3
6222 7431 23
6222 8199 13
6222 8524 1
6222 9979 19
6223 2186 7
6223 6224 11
6223 6362 6
6224 752 19
6224 2490 2
6224 2913 9
6224 6225 3
6224 7131 21
6224 8771 13
6225 2186 6
6225 2640 22
6225 5129 20
6225 5207 15
6225 6226 20
6225 9444 13
6226 2323 1
6226 6227 13
6227 1778 1
6227 2716 22
6227 6228 5
6227 6670 9
6227 7067 11
6227 9596 21
6228 6229 2
6228 7396 16
6229 118 4
6229 920 22
6229 2463 22
6229 2642 11
6229 5836 22
6229 6230 6
6229 8537 22
6230 522 19
6230 6231 15
6230 6801 23
6230 7422 10
6230 7637 19
6230 8385 6
6231 1462 3
6231 1976 7
6231 2111 2
6231 2543 2
6231 6232 10
6232 1061 12
6232 2070 19
6232 5523 2
6232 5707 22
6232 6233 13
6232 6583 14
6233 731 7
6233 6234 11
6234 2805 20
6234 5500 5
6234 6235 8
6234 6551 15
6234 7069 7
6234 8070 7
6235 347 1
6235 1368 22
6235 5321 8
6235 6236 4
6235 7623 1
6236 282 16
6236 418 16
6236 2890 4
6236 3185 18
6236 3437 16
6236 3551 15
6236 4600 20
6236 5389 6
6236 6237 3
6236 8137 22
6237 1014 18
6237 4755 22
6237 6238 11
6237 6349 19
6237 6657 8
6237 9765 7
6238 5749 14
6238 6053 10
6238 6239 23
6238 9177 11
6239 4581 17
6239 6240 17
6240 2577 4
6240 5771 19
6240 6241 16
6240 8282 16
6241 1680 14
6241 3909 2
6241 4941 19
6241 6120 9
6241 6242 20
6241 7832 3
6242 1529 5
6242 6243 16
6242 9216 13
6242 9666 13
6243 1353 23
6243 4576 15
6243 5532 22
6243 6244 3
6243 8909 21
6244 1004 6
6244 6245 9
6245 2408 23
6245 3845 19
6245 4938 3
6245 6246 12
6245 8712 2
6246 51 11
6246 70 19
6246 3369 4
6246 6247 13
6247 6248 17
6247 8573 15
6248 3299 20
6248 6249 20
6249 6250 14
6250 404 13
6250 1143 10
6250 3341 15
6250 5829 21
6250 6251 21
6250 7451 10
6250 9359 1
6251 136 3
6251 1633 1
6251 3214 4
6251 4538 5
6251 6252 20
6251 7661 23
6251 7855 18
6251 8543 19
6251 9578 13
6251 9718 3
6252 5019 15
6252 6253 8
6252 6817 4
6252 7653 22
6252 8163 12
6253 1028 17
6253 1431 3
6253 2479 5
6253 5205 13
6253 6254 19
6253 9709 4
6254 1761 3
6254 2958 9
6254 6255 6
6254 7086 22
6254 8925 7
6255 636 12
6255 5420 3
6255 5765 16
6255 6256 11
6256 847 9
6256 2083 15
6256 6257 9
6256 9088 8
6257 383 22
6257 2637 14
6257 6131 8
6257 6258 18
6257 9647 22
6257 9842 21
6258 2076 7
6258 2086 22
6258 2760 22
6258 6259 9
6259 1464 23
6259 2603 3
6259 2934 9
6259 2990 11
6259 6260 14
6259 6970 18
6260 1572 1
6260 6261 5
6260 8272 10
6260 9563 20
6261 748 2
6261 6262 13
6261 6634 19
6262 6263 16
6263 46 4
6263 2147 2
6263 6168 13
6263 6264 12
6264 2281 4
6264 2711 1
6264 5428 8
6264 6265 4
6264 6572 1
6264 8461 18
6265 842 5
6265 1498 14
6265 3498 5
6265 6266 15
6266 1492 9
6266 2363 5
6266 4055 19
6266 5304 16
6266 5611 18
6266 6267 11
6267 179 23
6267 1356 3
6267 6268 11
6267 8415 11
6268 683 16
6268 2102 5
6268 6269 5
6268 7445 13
6268 8007 11
6268 8775 4
6269 1103 17
6269 1234 9
6269 3337 13
6269 5544 1
6269 6270 2
6270 1038 3
6270 1887 2
6270 2756 3
6270 3206 13
6270 5076 1
6270 5147 17
6270 6271 21
6270 6874 10
6270 9369 20
6271 1142 10
6271 1325 19
6271 5018 22
6271 5817 9
6271 6272 14
6271 6703 22
6271 6748 23
6271 8676 14
6272 1773 8
6272 1996 8
6272 2684 21
6272 6273 6
6273 1634 17
6273 3436 22
6273 3904 22
6273 6274 10
6273 6464 5
6273 7524 11
6273 7658 14
6273 9985 1
6274 2284 13
6274 2628 12
6274 6275 8
6274 6831 8
6274 9853 15
6275 520 16
6275 2147 11
6275 3734 7
6275 3768 1
6275 6276 6
6276 787 18
6276 6277 11
6277 6278 10
6277 8767 13
6278 531 15
6278 1286 6
6278 1294 6
6278 5178 22
6278 6279 19
6278 8224 13
6279 5645 8
6279 6104 14
6279 6280 9
6280 1950 2
6280 3374 9
6280 4815 3
6280 4925 8
6280 6281 1
6280 9688 4
6281 1165 16
6281 2386 4
6281 6282 4
6281 7121 9
6281 8493 13
6282 4 5
6282 546 17
6282 3088 18
6282 6268 13
6282 6283 11
6282 6852 17
6283 717 12
6283 1595 19
6283 3868 9
6283 6284 20
6283 7947 3
6283 9472 2
6284 3707 19
6284 4079 4
6284 4495 21
6284 6285 5
6284 9998 10
6285 394 21
6285 5357 4
6285 6286 1
6285 8628 12
6285 9066 17
6285 9495 6
6286 1034 9
6286 3346 21
6286 3825 14
6286 5486 17
6286 6287 11
6286 9020 2
6287 9 7
6287 3068 4
6287 4505 19
6287 5125 6
6287 5159 12
6287 6288 18
6287 7431 22
6287 7853 13
6288 459 22
6288 1736 3
6288 2645 16
6288 6289 17
6288 8218 20
6289 4047 2
6289 6290 18
6289 7740 13
6289 8168 2
6289 9222 2
6290 229 2
6290 1822 2
6290 2327 18
6290 2766 8
6290 4614 2
6290 4639 4
6290 6291 2
6290 8468 3
6290 9397 16
6291 1496 18
6291 2271 2
6291 2432 13
6291 5048 6
6291 5802 20
6291 6292 4
6291 6300 6
6292 6293 23
6292 7237 1
6292 9109 4
6293 629 14
6293 829 5
6293 1809 13
6293 4348 21
6293 5588 23
6293 6294 12
6294 6295 6
6294 7564 13
6294 7658 7
6294 8536 18
6294 9893 7
6295 6296 12
6295 8028 6
6295 9851 22
6296 6297 8
6296 7043 23
6296 7674 10
6296 7797 16
6297 6298 22
6297 6503 9
6297 8345 2
6297 8898 20
6298 4069 17
6298 6299 13
6298 7564 22
6299 623 12
6299 3585 20
6299 4911 4
6299 6300 20
6300 0 13
6300 2398 10
6300 5029 3
6300 5782 21
6300 5849 5
6300 5911 4
6300 6301 10
6301 2408 23
6301 4435 5
6301 5587 20
6301 6302 13
6301 7128 14
6301 8997 8
6302 663 3
6302 992 10
6302 2291 4
6302 2761 16
6302 6303 3
6303 997 8
6303 2013 1
6303 5081 3
6303 6304 3
6303 9869 9
6304 2003 6
6304 5807 10
6304 6305 1
6304 9527 15
6305 6306 8
6306 670 22
6306 2344 14
6306 6307 21
6306 7830 5
6306 8676 17
6307 371 3
6307 2879 18
6307 6308 8
6307 8528 3
6308 2283 5
6308 4615 6
6308 4995 23
6308 6309 6
6309 859 8
6309 877 11
6309 1223 8
6309 2605 4
6309 6031 4
6309 6310 18
6310 6311 15
6311 1720 21
6311 1819 16
6311 1958 1
6311 2415 8
6311 5637 7
6311 6312 16
6311 6721 8
6311 9648 18
6311 9853 17
6312 1781 19
6312 2104 7
6312 3953 18
6312 6313 13
6312 8817 3
6313 2783 22
6313 6314 15
6314 475 6
6314 2398 7
6314 2535 8
6314 2813 14
6314 6315 22
6314 8516 5
6314 9873 21
6315 1103 22
6315 1375 5
6315 4774 13
6315 6316 11
6315 7229 4
6316 4315 15
6316 6317 15
6316 9515 17
6317 6318 23
6317 6528 16
6317 6583 8
6318 3418 10
6318 6319 10
6318 6337 22
6318 9191 8
6319 875 2
6319 3612 19
6319 6006 19
6319 6320 14
6319 7688 21
6319 8338 15
6320 244 20
6320 1127 2
6320 2658 21
6320 5168 6
6320 6321 3
6320 9609 16
6321 4014 18
6321 4638 2
6321 6322 11
6321 8884 14
6322 1410 21
6322 1843 16
6322 5637 23
6322 6323 12
6323 1019 2
6323 1034 4
6323 1364 17
6323 3566 7
6323 6324 13
6323 7049 12
6323 7468 13
6324 1262 11
6324 6064 8
6324 6325 19
6325 341 6
6325 1054 23
6325 1948 17
6325 2688 13
6325 3821 13
6325 4409 17
6325 4946 23
6325 6326 18
6325 7935 19
6326 137 19
6326 1090 3
6326 1161 19
6326 2215 17
6326 3600 20
6326 6327 14
6327 2410 19
6327 4860 7
6327 6328 6
6327 7710 22
6327 7788 22
6328 2296 9
6328 6329 16
6329 1024 15
6329 1689 6
6329 5009 15
6329 6330 1
6329 6372 11
6329 7995 21
6330 741 17
6330 2397 22
6330 6331 7
6330 8605 6
6331 782 11
6331 824 1
6331 1116 16
6331 3587 6
6331 5312 23
6331 6265 10
6331 6332 6
6331 7638 20
6331 8541 17
6331 8641 8
6331 8925 23
6332 1020 7
6332 1870 21
6332 2424 22
6332 4335 5
6332 4383 22
6332 5856 1
6332 6333 8
6332 8808 19
6333 2593 5
6333 6334 5
6334 1511 2
6334 2538 13
6334 6335 21
6335 246 22
6335 508 10
6335 1034 1
6335 1889 9
6335 6336 23
6336 805 7
6336 3591 8
6336 4205 8
6336 6337 14
6336 9432 14
6337 503 8
6337 689 1
6337 2195 3
6337 6338 15
6337 6400 23
6337 8568 12
6338 1597 5
6338 1638 2
6338 2021 6
6338 2792 6
6338 4264 13
6338 6339 5
6338 7507 1
6338 8074 20
6338 8114 11
6338 9164 5
6339 2977 18
6339 3809 22
6339 4504 11
6339 6340 7
6339 8833 1
6340 575 2
6340 3176 10
6340 5800 15
6340 6341 1
6340 8705 19
6341 667 18
6341 1750 3
6341 2346 11
6341 2979 4
6341 3641 20
6341 5305 8
6341 6042 15
6341 6342 6
6342 1297 20
6342 2184 15
6342 2728 19
6342 6343 18
6342 7247 9
6342 8976 10
6342 9760 17
6343 2001 16
6343 4374 2
6343 6344 11
6343 6562 8
6343 8440 18
6343 8883 2
6344 4357 8
6344 6163 11
6344 6345 17
6345 4446 5
6345 4550 15
6345 6346 17
6345 9424 16
6346 6347 1
6346 7949 16
6346 8386 5
6347 855 11
6347 1624 16
6347 3967 13
6347 5970 23
6347 6348 18
6347 6824 11
6347 9232 10
6347 9384 10
6348 6349 9
6348 9461 2
6349 1863 11
6349 4773 12
6349 5675 14
6349 6350 16
6349 9516 19
6350 2454 2
6350 3075 5
6350 6046 13
6350 6351 10
6351 2276 10
6351 2707 17
6351 5246 4
6351 6352 17
6351 6743 15
6352 2606 23
6352 3468 7
6352 6157 19
6352 6353 1
6353 3272 2
6353 6354 21
6353 8957 10
6354 963 6
6354 6355 20
6354 8982 9
6355 983 14
6355 6356 11
6355 6530 21
6355 9212 9
6356 668 13
6356 6209 20
6356 6357 12
6357 873 19
6357 5456 18
6357 6358 6
6357 8366 3
6358 256 5
6358 2514 17
6358 6359 8
6358 8401 20
6358 9403 1
6359 1869 5
6359 3805 11
6359 4504 8
6359 6360 19
6359 6685 7
6360 124 13
6360 302 15
6360 560 22
6360 5530 19
6360 6361 2
6360 9551 17
6361 847 13
6361 1384 13
6361 1485 9
6361 4159 22
6361 4874 9
6361 6362 11
6361 8526 2
6362 392 8
6362 2398 11
6362 3082 13
6362 4971 1
6362 6363 4
6363 4716 22
6363 4851 14
6363 6364 3
6363 6601 7
6363 9869 4
6364 3257 14
6364 4351 21
6364 6365 7
6365 1781 8
6365 2639 6
6365 4158 22
6365 6366 23
6366 1206 6
6366 3723 1
6366 4332 19
6366 6367 22
6366 6675 20
6366 8380 1
6366 9036 6
6367 904 4
6367 5653 19
6367 6368 16
6367 9300 4
6367 9482 7
6368 538 13
6368 1662 6
6368 4413 21
6368 6369 21
6369 106 14
6369 1727 15
6369 2182 7
6369 6370 11
6369 9724 17
6370 1398 16
6370 5297 1
6370 6371 6
6370 7671 7
6371 195 14
6371 1527 5
6371 6052 15
6371 6372 10
6371 6382 9
6371 7338 6
6372 1012 1
6372 1876 16
6372 2233 6
6372 2375 5
6372 3350 20
6372 6373 20
6372 8702 20
6372 9027 20
6373 4030 5
6373 6374 13
6373 6474 12
6373 6700 2
6374 1445 7
6374 1491 7
6374 6375 11
6374 6618 14
6374 7851 22
6375 1700 9
6375 4653 22
6375 4688 23
6375 6376 7
6376 3642 20
6376 6377 3
6376 8207 9
6377 5525 3
6377 6378 22
6377 9160 7
6378 58 5
6378 238 19
6378 552 2
6378 6278 17
6378 6379 8
6379 2019 14
6379 3690 5
6379 6380 1
6379 7294 3
6380 561 5
6380 3698 6
6380 6381 9
6381 773 3
6381 1181 8
6381 6382 12
6381 9050 8
6382 4702 6
6382 6383 4
6383 1676 22
6383 2207 13
6383 2683 6
6383 3456 1
6383 6384 8
6384 546 23
6384 2431 8
6384 4575 20
6384 5211 11
6384 6385 22
6385 3688 7
6385 6386 23
6386 6387 10
6386 9364 11
6387 1196 8
6387 2205 17
6387 6388 16
6388 208 12
6388 479 13
6388 6389 9
6388 6463 13
6388 7131 16
6388 9519 16
6389 2737 10
6389 4803 23
6389 6390 3
6389 6448 19
6389 7912 5
6389 8257 23
6389 8893 15
6389 9447 23
6390 326 1
6390 951 10
6390 1816 3
6390 2347 23
6390 6391 2
6390 6652 13
6391 1565 8
6391 6392 12
6391 7874 23
6391 8118 2
6391 9322 15
6392 58 14
6392 807 1
6392 1022 14
6392 2582 3
6392 3959 20
6392 6021 8
6392 6393 6
6393 1270 6
6393 4371 10
6393 6394 20
6393 8678 17
6394 40 1
6394 1537 4
6394 3922 10
6394 6395 12
6395 2167 9
6395 4093 19
6395 6396 22
6395 6466 23
6395 6983 10
6396 5823 14
6396 6397 4
6396 7947 9
6396 9282 1
6397 5423 9
6397 5477 4
6397 6398 12
6397 7338 21
6398 394 14
6398 5894 15
6398 6399 10
6399 2569 9
6399 2744 1
6399 3348 17
6399 6340 7
6399 6400 1
6399 9141 20
6400 3363 14
6400 6401 3
6400 7105 20
6400 7619 18
6401 5415 19
6401 6402 3
6401 8878 16
6402 269 4
6402 505 20
6402 1102 19
6402 2688 3
6402 2875 4
6402 4902 6
6402 6403 8
6402 6757 11
6403 1412 16
6403 3841 2
6403 4369 22
6403 6404 19
6403 8980 12
6404 880 14
6404 6405 3
6405 3887 22
6405 4664 16
6405 6406 19
6405 6635 7
6406 2248 21
6406 6407 7
6406 8217 20
6406 9836 17
6407 923 14
6407 1881 16
6407 6251 19
6407 6408 3
6407 7694 7
6408 89 8
6408 3825 9
6408 6409 10
6408 8080 13
6408 8422 20
6408 8477 19
6408 8500 4
6408 8983 17
6409 579 19
6409 4538 23
6409 6410 13
6409 6650 6
6409 7325 1
6410 2023 16
6410 6411 14
6411 6412 17
6411 9355 5
6412 2199 15
6412 2653 23
6412 2951 2
6412 4693 17
6412 6413 16
6412 9318 19
6413 346 19
6413 761 9
6413 1392 4
6413 4216 10
6413 5573 23
6413 6414 14
6413 9783 23
6414 1532 3
6414 6415 9
6415 1373 3
6415 3915 2
6415 6416 7
6415 9853 15
6416 6417 8
6416 6491 23
6416 8162 7
6417 1641 20
6417 4609 10
6417 5209 13
6417 6418 2
6418 2162 11
6418 4634 10
6418 6419 21
6418 7242 7
6418 9612 19
6418 9972 8
6419 857 10
6419 6420 9
6419 7962 22
6420 1503 22
6420 2076 15
6420 4113 17
6420 5637 7
6420 6421 18
6420 8157 16
6420 9672 13
6421 1799 14
6421 2567 21
6421 3158 5
6421 5758 5
6421 6422 11
6421 9214 3
6422 1287 19
6422 4531 8
6422 6030 13
6422 6423 2
6423 6424 3
6423 9094 19
6423 9378 22
6424 1560 17
6424 1754 11
6424 3713 22
6424 6425 23
6425 1359 22
6425 2375 16
6425 5210 4
6425 6426 21
6425 8663 21
6426 1834 2
6426 3973 16
6426 6427 4
6427 2506 23
6427 5612 8
6427 6428 18
6428 278 12
6428 985 2
6428 3795 10
6428 6429 20
6428 8031 10
6428 8661 11
6429 1539 1
6429 2033 1
6429 2336 14
6429 2521 21
6429 6430 1
6429 7868 10
6430 6281 1
6430 6431 15
6431 4720 7
6431 6432 16
6431 7972 21
6432 2135 15
6432 2183 21
6432 2705 18
6432 6433 16
6432 6779 19
6433 6434 23
6434 22 7
6434 1205 18
6434 4094 2
6434 6435 18
6434 8061 10
6435 1001 12
6435 1018 6
6435 1561 10
6435 2074 12
6435 4819 18
6435 6436 22
6435 6952 14
6435 8905 1
6436 240 18
6436 6437 15
6436 7586 23
6436 8814 8
6436 9609 7
6437 673 8
6437 861 10
6437 1475 1
6437 2619 23
6437 3291 16
6437 6438 21
6438 702 22
6438 709 9
6438 3623 13
6438 6196 17
6438 6439 19
6438 8372 17
6438 8689 10
6438 9874 12
6439 1528 15
6439 2121 8
6439 5654 17
6439 6440 21
6439 7848 12
6439 8529 21
6439 9518 2
6440 2189 21
6440 5793 20
6440 6441 15
6441 327 20
6441 2498 6
6441 3345 2
6441 3711 16
6441 4037 14
6441 6442 18
6441 7469 14
6441 8102 1
6441 9008 19
6442 2178 3
6442 3622 11
6442 5948 21
6442 6443 17
6442 8008 20
6442 8692 12
6442 9908 14
6443 142 11
6443 566 18
6443 1281 21
6443 2341 23
6443 5444 4
6443 6444 13
6443 8370 8
6444 6445 9
6444 6594 20
6444 7204 3
6444 9861 8
6445 530 11
6445 2032 6
6445 5248 6
6445 6091 21
6445 6446 17
6445 7687 8
6446 1748 22
6446 6447 3
6446 9553 13
6447 2681 14
6447 4463 6
6447 6448 2
6447 7861 4
6448 2293 10
6448 2968 4
6448 3184 13
6448 6449 9
6449 1063 7
6449 1448 5
6449 3322 14
6449 6450 5
6449 7196 16
6449 9708 1
6450 2754 13
6450 4302 9
6450 4510 21
6450 5449 21
6450 6451 18
6450 9290 12
6450 9786 12
6451 1074 4
6451 1307 15
6451 1565 5
6451 6006 23
6451 6452 5
6451 8076 12
6452 2425 1
6452 5455 3
6452 6453 16
6452 7451 2
6452 7483 19
6453 1484 13
6453 2978 9
6453 4050 18
6453 6358 8
6453 6454 10
6453 6944 10
6453 7332 9
6453 9095 16
6453 9156 9
6453 9791 12
6454 95 9
6454 547 4
6454 5737 17
6454 6455 9
6454 9507 23
6455 1336 11
6455 2360 23
6455 4645 19
6455 6417 5
6455 6456 21
6456 4860 15
6456 6457 1
6456 8863 10
6457 2345 15
6457 4766 20
6457 5023 19
6457 5407 20
6457 6433 13
6457 6458 7
6458 662 21
6458 4514 16
6458 6459 13
6459 186 1
6459 6460 19
6460 798 6
6460 6461 1
6460 7014 11
6461 2401 7
6461 2490 16
6461 6462 1
6461 7545 3
6461 8014 6
6461 8916 21
6461 9904 12
6462 698 9
6462 754 19
6462 2143 9
6462 6463 6
6463 6464 20
6463 9267 4
6463 9402 2
6463 9846 14
6464 4136 4
6464 4798 5
6464 6465 15
6465 856 11
6465 1446 8
6465 4892 21
6465 6098 20
6465 6466 14
6466 2777 17
6466 4105 5
6466 4443 9
6466 6467 5
6466 9029 12
6467 1635 7
6467 2579 9
6467 6468 9
6467 8381 9
6468 736 2
6468 1620 12
6468 1791 18
6468 4277 23
6468 6431 18
6468 6469 4
6468 9260 21
6468 9373 3
6469 1000 20
6469 6470 20
6469 9650 8
6470 6471 9
6471 4474 6
6471 6472 2
6471 8067 9
6471 8736 5
6471 9488 17
6472 1358 19
6472 6473 21
6473 610 5
6473 1493 15
6473 1997 19
6473 6474 13
6473 9179 1
6474 25 17
6474 947 2
6474 2351 22
6474 2437 17
6474 4306 17
6474 5599 11
6474 6475 18
6474 9636 7
6475 6476 19
6476 3146 1
6476 3343 12
6476 4978 16
6476 6477 19
6476 8060 20
6477 58 9
6477 2293 23
6477 3078 6
6477 6478 10
6477 7686 7
6478 20 2
6478 140 23
6478 1780 4
6478 2189 17
6478 3181 21
6478 6034 18
6478 6479 2
6478 8094 9
6479 1200 19
6479 2926 10
6479 5225 2
6479 6480 19
6479 9953 15
6480 2769 20
6480 3142 1
6480 6481 21
6480 9496 16
6481 42 5
6481 1548 8
6481 6482 9
6481 7405 14
6482 3326 5
6482 3778 11
6482 4927 8
6482 6483 23
6482 6770 10
6482 8615 11
6482 9134 10
6482 9412 22
6483 2575 9
6483 6484 18
6483 8347 6
6484 384 3
6484 3398 17
6484 3844 15
6484 6485 10
6484 8192 13
6485 951 17
6485 1716 4
6485 4720 3
6485 6486 10
6485 9968 14
6486 3796 7
6486 6487 18
6487 760 10
6487 1329 8
6487 2061 19
6487 6488 23
6487 9718 7
6488 1877 18
6488 3841 5
6488 6260 9
6488 6489 8
6489 3674 8
6489 4766 21
6489 6490 11
6489 7533 15
6489 9034 2
6489 9728 6
6490 1684 16
6490 1730 12
6490 6491 12
6491 520 8
6491 2623 20
6491 6492 7
6491 8208 17
6492 6493 16
6493 2386 1
6493 3447 21
6493 5763 12
6493 6494 20
6493 7448 14
6494 3029 16
6494 6495 5
6494 8534 23
6494 8726 6
6494 9719 16
6495 4841 1
6495 6256 19
6495 6496 8
6496 1008 13
6496 2523 6
6496 6497 10
6496 8502 22
6497 561 18
6497 1498 22
6497 1881 13
6497 5706 16
6497 5976 2
6497 5987 6
6497 6498 5
6498 1290 15
6498 2541 15
6498 6499 17
6498 7689 11
6498 8445 4
6498 8655 5
6499 679 9
6499 3366 10
6499 6500 17
6499 6867 10
6499 7773 14
6499 8665 22
6500 6139 16
6500 6501 23
6501 1326 13
6501 1659 9
6501 1742 22
6501 2760 18
6501 3887 1
6501 4237 19
6501 6502 5
6501 8047 20
6502 3624 8
6502 4500 8
6502 6503 6
6502 7426 10
6502 9010 12
6503 6109 6
6503 6504 10
6503 8623 12
6504 6505 2
6504 7397 4
6505 230 18
6505 1274 8
6505 1791 4
6505 2577 19
6505 6162 20
6505 6506 22
6505 8421 16
6506 1619 14
6506 4294 16
6506 5019 1
6506 5049 12
6506 6507 3
6506 9298 2
6507 5595 14
6507 6508 5
6508 916 3
6508 3856 10
6508 4983 13
6508 6509 20
6508 7049 4
6508 9710 19
6509 1520 23
6509 2719 13
6509 3695 21
6509 6510 6
6510 1973 11
6510 5174 17
6510 5910 1
6510 6511 8
6511 1231 21
6511 3576 9
6511 3601 22
6511 6426 12
6511 6512 1
6511 6734 3
6511 6886 20
6511 7229 2
6512 392 7
6512 2067 19
6512 2300 20
6512 3109 14
6512 4857 11
6512 5726 19
6512 6513 18
6512 8264 6
6513 255 18
6513 437 19
6513 2488 8
6513 6514 2
6513 8484 23
6514 1305 23
6514 3288 17
6514 5894 19
6514 6515 7
6514 9066 22
6515 876 10
6515 1224 20
6515 1801 15
6515 6516 6
6515 6573 18
6515 8932 7
6516 5368 11
6516 6517 11
6517 284 14
6517 2462 11
6517 5240 17
6517 6518 12
6517 7048 11
6517 8972 14
6518 925 19
6518 2300 8
6518 3648 12
6518 5471 13
6518 6519 5
6519 3593 19
6519 5165 19
6519 5328 5
6519 5404 20
6519 6520 5
6519 6703 22
6520 1705 4
6520 2376 17
6520 3319 16
6520 4888 18
6520 6521 10
6520 8415 12
6521 43 4
6521 1499 7
6521 1535 22
6521 2787 8
6521 5094 1
6521 6522 15
6521 7677 9
6522 72 8
6522 1717 17
6522 2761 14
6522 4951 16
6522 6523 23
6522 7301 2
6522 7680 17
6522 8544 20
6523 6524 14
6523 8521 19
6524 554 17
6524 1873 22
6524 3124 11
6524 3195 7
6524 3628 11
6524 6525 13
6524 8912 12
6524 9753 12
6525 5165 5
6525 5752 4
6525 6526 7
6525 6837 4
6525 8586 18
6525 8853 16
6526 16 2
6526 1510 15
6526 6396 23
6526 6527 19
6526 8951 11
6526 9295 11
6527 4211 15
6527 6528 1
6527 9118 12
6527 9501 19
6527 9997 9
6528 6529 4
6529 2232 17
6529 6305 7
6529 6363 1
6529 6530 2
6530 3566 16
6530 3575 6
6530 6531 8
6530 8901 2
6531 235 21
6531 3131 1
6531 3224 11
6531 6532 22
6531 7043 20
6532 46 15
6532 420 6
6532 1889 1
6532 2096 6
6532 2865 15
6532 4542 13
6532 6434 13
6532 6533 7
6532 8226 14
6533 928 19
6533 5129 20
6533 5445 23
6533 6534 15
6533 8132 14
6533 8847 4
6533 9772 8
6534 1171 22
6534 1276 16
6534 1986 18
6534 6535 16
6534 9266 15
6535 2158 14
6535 6536 23
6535 7074 18
6536 5152 13
6536 6110 11
6536 6537 5
6536 6764 10
6537 6538 6
6537 9090 16
6538 15 19
6538 353 1
6538 6539 7
6538 7590 7
6539 147 7
6539 1987 23
6539 3877 2
6539 6540 22
6539 7040 9
6540 4032 5
6540 6541 6
6540 7450 20
6540 8870 16
6541 1252 17
6541 3712 12
6541 5144 7
6541 6440 14
6541 6542 11
6541 8095 12
6542 3690 13
6542 4251 17
6542 6543 15
6542 6675 11
6542 8093 4
6542 8294 12
6543 777 16
6543 1470 11
6543 3277 17
6543 5198 2
6543 6544 18
6543 6564 23
6544 729 23
6544 1960 17
6544 2027 4
6544 4973 3
6544 6545 14
6544 7493 21
6544 7829 13
6545 4438 4
6545 5935 10
6545 6376 13
6545 6386 21
6545 6546 13
6545 7114 6
6545 7768 14
6545 9095 3
6546 5532 7
6546 5865 5
6546 6547 20
6547 6543 1
6547 6548 8
6547 7015 20
6548 2632 7
6548 3596 22
6548 6549 19
6549 608 2
6549 3142 21
6549 5287 23
6549 6550 6
6549 7370 5
6549 7859 22
6550 2911 2
6550 6551 13
6551 671 12
6551 1044 19
6551 3651 13
6551 6161 15
6551 6552 21
6551 9071 3
6552 1541 22
6552 3101 17
6552 6553 10
6553 143 3
6553 365 1
6553 856 1
6553 3943 21
6553 5570 17
6553 6554 4
6553 8462 23
6554 822 22
6554 1681 12
6554 1780 13
6554 5082 11
6554 6555 5
6555 465 4
6555 2583 13
6555 4143 16
6555 6556 5
6555 8076 15
6555 9292 4
6555 9989 1
6556 752 7
6556 5814 8
6556 6557 22
6557 4330 8
6557 6188 22
6557 6558 4
6558 3393 3
6558 3535 4
6558 3654 2
6558 4697 14
6558 6559 1
6558 7985 6
6559 1100 22
6559 1107 4
6559 2007 4
6559 6560 3
6559 8576 13
6560 2567 2
6560 3088 13
6560 6561 12
6560 6660 3
6560 7261 4
6560 7483 10
6560 7935 14
6561 428 23
6561 823 14
6561 4246 14
6561 4291 14
6561 6072 6
6561 6562 1
6562 6563 22
6562 8203 10
6563 321 1
6563 6063 6
6563 6564 2
6564 2282 16
6564 4179 22
6564 4689 11
6564 5089 10
6564 6565 4
6564 9062 9
6565 1397 23
6565 3169 10
6565 3305 23
6565 3458 21
6565 4963 3
6565 6566 12
6566 6567 16
6567 339 1
6567 1848 17
6567 2688 6
6567 3410 5
6567 6568 23
6567 6898 2
6567 7694 2
6568 2152 10
6568 2765 8
6568 6569 23
6569 501 8
6569 5033 22
6569 5636 5
6569 6570 8
6569 6720 7
6570 1791 14
6570 5547 15
6570 6571 10
6570 7861 15
6571 3603 10
6571 6572 12
6571 7099 6
6571 8156 1
6572 1402 17
6572 5959 5
6572 6573 15
6572 7672 11
6573 2187 9
6573 2362 3
6573 5558 2
6573 6574 14
6573 6848 3
6574 643 13
6574 1340 19
6574 2258 17
6574 3387 9
6574 3588 16
6574 6575 20
6575 1666 16
6575 5905 13
6575 6576 22
6575 7156 16
6575 9445 4
6576 1209 21
6576 2255 7
6576 6577 13
6577 6578 6
6577 8004 22
6577 8131 9
6577 8630 23
6578 2061 12
6578 4263 13
6578 6579 3
6579 2165 22
6579 2687 14
6579 6580 2
6580 1020 2
6580 1378 14
6580 6581 8
6581 1643 17
6581 5507 12
6581 6582 13
6582 399 3
6582 1272 9
6582 6583 18
6582 6865 3
6582 9441 11
6583 2600 10
6583 4801 14
6583 4878 5
6583 5560 4
6583 6584 14
6583 8141 11
6583 9133 23
6584 4053 10
6584 6585 22
6584 8403 4
6585 6586 23
6585 8867 13
6586 6587 20
6587 2340 10
6587 6588 18
6587 8213 18
6588 3138 23
6588 4353 15
6588 6589 9
6588 8363 21
6588 8953 6
6589 2430 20
6589 2671 21
6589 3645 7
6589 3737 21
6589 4616 10
6589 5340 8
6589 6590 10
6590 6591 7
6590 9999 4
6591 1589 18
6591 3596 13
6591 3684 16
6591 3689 11
6591 6592 1
6592 738 18
6592 1640 9
6592 6593 2
6593 2477 1
6593 6594 3
6593 6780 21
6594 1138 11
6594 1338 22
6594 3118 10
6594 3373 14
6594 4790 18
6594 6595 5
6594 7159 18
6594 9093 2
6595 6596 16
6595 8421 16
6596 83 12
6596 5893 22
6596 6597 14
6596 8319 23
6597 1903 7
6597 2610 13
6597 6598 7
6597 6865 9
6597 8207 18
6598 2515 18
6598 5197 14
6598 6599 14
6599 506 6
6599 854 14
6599 5150 22
6599 5236 3
6599 6600 11
6599 7580 7
6600 6601 22
6601 4331 5
6601 4647 10
6601 5365 15
6601 6602 9
6601 7923 4
6602 1341 7
6602 5723 13
6602 6603 13
6603 30 12
6603 2591 5
6603 3359 9
6603 5248 11
6603 6604 11
6603 7223 15
6603 9770 4
6604 493 2
6604 5312 15
6604 6605 20
6604 9810 7
6605 706 14
6605 1149 2
6605 4040 3
6605 5656 16
6605 6606 11
6605 9854 3
6606 2019 14
6606 2194 13
6606 2244 11
6606 3283 19
6606 5742 3
6606 6607 5
6607 5445 4
6607 6608 1
6607 7481 21
6607 7630 17
6607 9968 11
6608 1213 15
6608 2270 20
6608 3015 21
6608 3280 7
6608 4464 5
6608 5493 21
6608 6609 17
6608 8984 3
6609 6610 6
6609 9204 6
6610 1060 6
6610 1314 22
6610 6611 5
6611 980 12
6611 6612 18
6611 7238 10
6611 7518 17
6611 8897 21
6611 9174 3
6611 9531 18
6612 6613 13
6612 8281 10
6613 1442 1
6613 1460 17
6613 4785 18
6613 6614 21
6613 7513 20
6613 7919 20
6613 8573 12
6614 562 17
6614 1683 16
6614 3234 5
6614 4719 19
6614 5896 8
6614 6615 14
6615 4941 15
6615 5211 12
6615 6616 10
6616 654 23
6616 1710 14
6616 6617 22
6617 409 1
6617 3383 11
6617 6618 3
6618 2224 7
6618 4798 15
6618 6619 22
6618 7655 11
6619 2957 21
6619 4851 6
6619 6620 4
6619 8271 3
6619 9231 20
6620 2142 13
6620 4683 18
6620 6621 17
6620 7455 20
6621 1064 11
6621 1463 5
6621 1619 12
6621 1813 5
6621 4742 4
6621 6622 6
6622 652 7
6622 1068 18
6622 2471 17
6622 2678 11
6622 4636 1
6622 6623 15
6622 8903 20
6623 52 2
6623 1750 8
6623 4260 3
6623 4357 1
6623 6624 23
6624 2241 18
6624 6625 22
6624 8474 22
6624 8525 6
6625 984 13
6625 3715 5
6625 3794 18
6625 6626 23
6626 314 4
6626 1469 11
6626 4249 10
6626 5271 8
6626 6627 4
6626 9346 10
6627 4127 6
6627 6628 21
6627 9709 21
6627 9991 14
6628 782 7
6628 6629 12
6628 6738 9
6628 8521 22
6628 9123 19
6629 609 10
6629 1318 15
6629 4575 6
6629 6630 8
6630 6631 13
6631 54 21
6631 1034 19
6631 1850 6
6631 4075 13
6631 6632 18
6631 8429 2
6632 1854 17
6632 2728 14
6632 6633 17
6632 9772 21
6633 1375 22
6633 1688 11
6633 1874 22
6633 4259 10
6633 5698 1
6633 6634 19
6633 7154 2
6634 196 8
6634 6635 4
6634 7729 18
6635 2544 2
6635 3387 13
6635 3998 22
6635 6636 20
6636 3388 10
6636 4824 3
6636 6637 16
6636 7436 9
6636 8527 3
6636 8605 20
6637 1822 3
6637 5864 22
6637 6638 20
6637 7577 5
6638 367 7
6638 3464 16
6638 4820 10
6638 5904 12
6638 6639 5
6638 7892 20
6638 8854 15
6639 5068 23
6639 6640 20
6639 6969 16
6640 3906 7
6640 6361 16
6640 6641 16
6641 1236 11
6641 1410 10
6641 5292 9
6641 6642 12
6641 8808 3
6642 906 5
6642 6643 6
6642 6698 18
6642 6835 14
6642 9612 5
6643 1009 19
6643 4863 9
6643 5493 16
6643 5980 5
6643 6644 3
6643 7568 12
6643 8050 23
6643 8974 15
6643 9574 15
6644 1282 7
6644 6645 11
6645 2199 12
6645 4322 20
6645 5460 4
6645 6646 1
6645 9072 11
6646 6647 11
6646 6709 2
6646 8954 7
6646 9621 11
6647 1638 4
6647 2405 22
6647 3536 3
6647 6648 6
6647 8122 8
6648 3661 23
6648 3915 3
6648 4731 23
6648 6105 8
6648 6649 4
6648 9296 4
6649 186 7
6649 1499 12
6649 6650 15
6649 6736 5
6649 8381 16
6650 1374 11
6650 6651 16
6650 9044 22
6650 9694 8
6651 5551 20
6651 5736 20
6651 6575 21
6651 6652 20
6652 1420 16
6652 2697 18
6652 2930 22
6652 6653 4
6653 4232 8
6653 6654 2
6653 9615 19
6654 708 7
6654 1164 22
6654 2503 9
6654 3123 9
6654 6513 20
6654 6655 18
6654 7287 5
6654 7418 11
6655 6656 19
6655 8217 8
6655 9704 13
6656 729 3
6656 801 16
6656 2140 18
6656 2152 14
6656 3538 1
6656 6657 5
6656 7300 10
6656 8857 19
6656 8997 19
6657 331 14
6657 4816 21
6657 6658 21
6657 7007 7
6657 7109 4
6658 632 5
6658 1296 2
6658 3940 6
6658 6659 19
6658 8471 8
6659 1818 21
6659 4415 20
6659 6249 20
6659 6660 22
6659 8324 16
6660 343 4
6660 720 5
6660 6661 13
6660 7446 1
6660 9453 16
6661 3578 14
6661 6662 12
6661 8288 22
6662 1389 7
6662 1474 4
6662 2621 18
6662 6663 20
6662 7044 18
6662 7916 12
6663 3896 11
6663 6664 7
6664 4607 6
6664 6665 20
6664 9877 17
6665 98 5
6665 5088 19
6665 6666 12
6665 7863 10
6666 6667 8
6667 1601 14
6667 1735 13
6667 1738 18
6667 6251 13
6667 6668 22
6667 9223 10
6668 1184 22
6668 2739 15
6668 6515 17
6668 6669 17
6669 587 22
6669 1954 13
6669 2678 5
6669 4152 5
6669 6670 5
6670 2945 22
6670 4535 8
6670 6671 20
6670 8954 10
6671 6672 20
6671 8822 21
6672 1151 16
6672 6673 6
6673 2881 18
6673 6674 7
6674 1581 18
6674 2661 5
6674 3461 23
6674 6675 19
6674 6736 22
6675 2898 22
6675 4504 12
6675 4992 2
6675 5815 5
6675 6676 4
6675 6742 13
6676 361 19
6676 1357 9
6676 4194 23
6676 6633 19
6676 6677 8
6677 409 6
6677 3190 19
6677 4903 15
6677 6191 14
6677 6678 9
6677 7017 16
6677 7494 10
6677 9819 10
6678 268 19
6678 2896 7
6678 5741 16
6678 6679 7
6678 8138 16
6679 1067 13
6679 6680 14
6679 6893 1
6679 9505 17
6680 189 14
6680 229 12
6680 1265 17
6680 1386 5
6680 2322 18
6680 2819 10
6680 4374 21
6680 6681 13
6680 7488 12
6681 371 4
6681 1814 1
6681 6682 5
6682 5191 3
6682 6683 20
6682 8718 9
6682 9988 17
6683 459 11
6683 5284 20
6683 6684 1
6684 4973 1
6684 5279 7
6684 5641 6
6684 6685 13
6684 7250 2
6685 1710 2
6685 5114 23
6685 5449 20
6685 6686 13
6685 7267 17
6685 8975 7
6686 696 20
6686 2614 1
6686 5263 20
6686 6687 21
6687 5840 23
6687 6688 15
6687 6879 14
6688 6689 21
6689 2684 13
6689 3011 1
6689 3337 8
6689 3763 13
6689 4173 23
6689 4853 19
6689 5273 5
6689 6421 14
6689 6690 4
6690 286 14
6690 1222 21
6690 1331 13
6690 3565 2
6690 6691 7
6690 8744 18
6691 4 5
6691 2684 15
6691 4670 3
6691 4929 23
6691 6692 15
6691 8019 21
6692 1511 9
6692 2238 22
6692 2269 16
6692 6408 12
6692 6693 18
6692 7401 16
6692 9046 21
6692 9529 11
6693 1926 9
6693 4480 10
6693 5923 15
6693 6694 23
6693 8613 5
6693 8731 10
6693 9291 2
6693 9686 23
6694 2754 13
6694 3202 14
6694 5559 13
6694 6695 1
6694 8231 17
6695 6029 15
6695 6696 14
6695 7665 6
6695 8057 16
6696 6697 18
6697 6050 5
6697 6698 3
6697 8419 15
6697 9220 23
6698 1435 23
6698 1932 23
6698 4113 17
6698 5635 1
6698 6699 21
6699 681 13
6699 1899 5
6699 1923 21
6699 2628 21
6699 3671 22
6699 4303 1
6699 5850 8
6699 6700 8
6699 7762 10
6700 2939 2
6700 3208 14
6700 6701 3
6700 9835 19
6701 2158 12
6701 5425 4
6701 6702 1
6701 8853 9
6701 9875 16
6702 835 18
6702 859 11
6702 955 5
6702 3259 7
6702 5863 17
6702 6703 8
6703 288 20
6703 2472 22
6703 4257 12
6703 6704 2
6703 9207 5
6704 600 7
6704 6500 2
6704 6705 6
6705 74 7
6705 1975 15
6705 2468 10
6705 5970 12
6705 6706 23
6705 9528 15
6706 740 17
6706 2309 21
6706 3290 12
6706 6457 10
6706 6707 2
6707 1815 21
6707 3059 3
6707 5435 6
6707 6708 9
6707 8020 4
6707 8615 7
6707 8719 20
6708 171 8
6708 1295 1
6708 1901 3
6708 6709 16
6708 8721 10
6709 814 3
6709 2256 9
6709 6710 6
6709 7288 12
6710 3747 23
6710 6711 23
6710 7069 20
6710 9221 22
6711 4179 11
6711 4291 15
6711 6712 13
6711 9008 9
6712 2276 16
6712 4321 17
6712 4330 9
6712 5407 17
6712 6535 5
6712 6713 3
6713 6343 19
6713 6714 16
6713 9821 16
6714 1326 2
6714 3361 18
6714 6715 10
6714 7150 3
6714 8304 19
6715 1112 2
6715 3682 23
6715 6413 13
6715 6716 18
6716 6717 5
6716 7633 5
6716 7918 9
6716 9023 21
6717 3343 2
6717 6718 10
6717 7508 20
6718 2054 14
6718 5231 6
6718 6719 5
6718 7912 1
6719 6720 4
6719 6733 3
6719 7312 16
6719 8580 13
6720 3693 18
6720 6721 1
6720 9809 10
6721 652 11
6721 4242 22
6721 6722 11
6721 6960 16
6721 9992 9
6722 354 23
6722 2688 13
6722 6723 21
6722 9527 19
6723 248 3
6723 361 6
6723 5311 18
6723 6073 9
6723 6724 16
6723 8403 15
6723 9589 23
6724 1791 22
6724 6725 7
6724 7369 6
6725 796 6
6725 2408 13
6725 3496 21
6725 4417 21
6725 6726 9
6726 779 20
6726 1550 7
6726 2429 22
6726 2996 14
6726 5462 20
6726 6727 1
6727 189 16
6727 2531 7
6727 4011 8
6727 6728 23
6727 8388 13
6728 1955 14
6728 3841 21
6728 6729 11
6729 513 17
6729 4841 7
6729 5991 10
6729 6730 14
6729 8536 17
6730 1932 13
6730 3731 18
6730 4419 7
6730 4763 22
6730 6731 3
6730 8855 12
6731 513 5
6731 1699 3
6731 2367 19
6731 3543 7
6731 6732 1
6731 9144 2
6732 2450 8
6732 5320 16
6732 5751 23
6732 6733 19
6733 6734 8
6734 35 9
6734 5189 10
6734 6735 20
6735 768 19
6735 4128 21
6735 6736 23
6735 7373 21
6735 8271 18
6735 9138 18
6736 2037 20
6736 3605 8
6736 6737 12
6737 1198 7
6737 1978 3
6737 2045 9
6737 2457 23
6737 5249 5
6737 5372 5
6737 6738 10
6737 7376 5
6738 6739 2
6738 9338 21
6738 9573 23
6739 507 12
6739 873 22
6739 6740 8
6740 265 17
6740 447 9
6740 2736 7
6740 3851 20
6740 4405 22
6740 6674 20
6740 6741 10
6740 7735 22
6741 120 6
6741 2126 13
6741 4539 9
6741 4709 5
6741 6742 12
6741 7505 10
6741 8125 21
6741 9501 19
6742 2443 8
6742 6743 5
6742 8472 21
6742 8950 3
6743 161 16
6743 415 13
6743 827 13
6743 1839 21
6743 2312 11
6743 4519 9
6743 5026 6
6743 5889 16
6743 6744 20
6743 8221 4
6744 26 7
6744 436 22
6744 1337 20
6744 2248 3
6744 5773 7
6744 6745 9
6744 7356 6
6745 634 5
6745 2461 6
6745 2697 4
6745 3700 1
6745 6746 7
6746 6747 3
6747 810 4
6747 6145 9
6747 6748 21
6747 8626 20
6748 1267 9
6748 1313 16
6748 1482 16
6748 6749 18
6749 386 21
6749 966 8
6749 1034 3
6749 3655 18
6749 4826 15
6749 6750 8
6750 1541 6
6750 5070 12
6750 5363 11
6750 6290 4
6750 6751 7
6750 9481 9
6751 491 23
6751 2623 18
6751 6752 19
6752 465 15
6752 6753 22
6752 9317 19
6753 2478 6
6753 4774 2
6753 6652 19
6753 6754 13
6753 6760 16
6754 1050 12
6754 6755 12
6755 2756 1
6755 3710 20
6755 6756 4
6756 79 13
6756 2273 16
6756 2305 12
6756 2577 20
6756 3896 13
6756 4060 20
6756 6757 4
6757 614 7
6757 3370 2
6757 6758 7
6757 8385 16
6758 596 9
6758 1015 10
6758 3731 3
6758 4853 15
6758 6759 4
6758 8581 15
6758 9124 7
6759 683 12
6759 1424 13
6759 2925 4
6759 6760 9
6760 2502 17
6760 2716 23
6760 6761 6
6760 9439 7
6761 336 6
6761 6571 16
6761 6762 10
6761 9460 3
6762 1841 15
6762 3108 22
6762 5879 10
6762 6763 7
6763 2012 10
6763 2633 16
6763 3570 10
6763 3977 16
6763 4508 20
6763 6764 7
6763 7279 9
6763 7939 4
6764 6765 13
6764 7017 21
6764 9023 2
6764 9047 2
6765 1811 3
6765 4112 14
6765 6766 21
6765 7055 4
6765 8361 4
6765 9903 4
6766 6767 9
6767 836 15
6767 4628 17
6767 6768 9
6767 9192 17
6768 61 8
6768 1924 22
6768 2006 17
6768 5532 21
6768 5940 7
6768 6769 15
6769 4981 14
6769 6770 1
6769 7553 2
6769 8621 9
6770 3004 7
6770 5748 8
6770 6771 20
6771 1638 10
6771 3834 2
6771 5036 14
6771 5447 1
6771 6020 20
6771 6772 18
6771 7594 7
6772 6773 11
6773 824 23
6773 6774 12
6774 1626 19
6774 1962 7
6774 2451 5
6774 6166 5
6774 6775 5
6774 7634 23
6775 4257 20
6775 6776 7
6775 8667 4
6776 462 7
6776 1309 7
6776 1558 22
6776 2267 6
6776 5637 1
6776 5863 5
6776 6777 10
6776 6896 7
6776 6943 15
6777 1511 19
6777 2856 18
6777 6778 23
6777 8872 3
6778 85 17
6778 3940 23
6778 4666 16
6778 6779 15
6778 7315 13
6778 8339 5
6778 8479 8
6779 82 18
6779 1845 17
6779 3834 1
6779 4684 2
6779 5568 6
6779 6780 21
6779 8025 23
6779 9987 3
6780 1601 19
6780 4702 14
6780 6781 16
6780 8381 11
6781 402 11
6781 4774 17
6781 6782 13
6781 7367 5
6781 9505 14
6782 3489 10
6782 6783 17
6783 1611 19
6783 2736 6
6783 2826 3
6783 6642 10
6783 6784 7
6783 6940 1
6783 8904 9
6783 9824 22
6784 4317 14
6784 6785 22
6785 2212 22
6785 2791 20
6785 5998 10
6785 6786 16
6785 9975 8
6786 857 14
6786 6787 9
6786 6933 15
6786 6934 11
6786 9938 5
6787 4602 2
6787 6788 2
6787 7692 9
6787 7770 2
6787 9374 12
6788 288 17
6788 3084 13
6788 6056 17
6788 6789 15
6789 1039 2
6789 1200 10
6789 3022 23
6789 3639 21
6789 5899 4
6789 6064 8
6789 6790 5
6789 7570 21
6790 1107 20
6790 2626 15
6790 4292 11
6790 6328 4
6790 6791 12
6790 8367 1
6791 4008 19
6791 5328 14
6791 6718 14
6791 6792 17
6791 6869 18
6791 9079 21
6791 9922 1
6792 1048 21
6792 4934 17
6792 5574 5
6792 6465 19
6792 6793 7
6792 9593 7
6793 516 16
6793 1983 3
6793 6524 2
6793 6529 23
6793 6794 18
6793 8417 4
6793 9347 7
6794 116 16
6794 3478 15
6794 6795 13
6794 7428 20
6794 8990 7
6795 1794 18
6795 3529 1
6795 6796 12
6796 5442 22
6796 5484 23
6796 6797 6
6796 7213 12
6796 7643 5
6797 969 1
6797 3365 8
6797 6712 4
6797 6798 23
6798 1999 21
6798 2685 23
6798 2732 8
6798 3490 1
6798 6018 21
6798 6799 9
6798 8681 18
6798 8807 11
6799 146 13
6799 2983 3
6799 3925 8
6799 6800 16
6799 8208 19
6800 2543 12
6800 2669 20
6800 6561 7
6800 6801 21
6800 9463 12
6801 1407 21
6801 6289 11
6801 6791 10
6801 6802 8
6802 6627 13
6802 6803 21
6802 8433 4
6802 8755 20
6803 2113 3
6803 3077 17
6803 3381 4
6803 4399 13
6803 5562 9
6803 5930 23
6803 6804 8
6804 6805 16
6804 8831 14
6805 231 21
6805 870 2
6805 2429 11
6805 3274 1
6805 4001 5
6805 4684 3
6805 5990 2
6805 6806 17
6805 9388 18
6806 1190 1
6806 3498 1
6806 6807 7
6807 919 2
6807 6808 12
6808 197 2
6808 699 6
6808 2686 12
6808 5833 9
6808 6809 10
6808 9023 20
6808 9196 4
6809 6709 10
6809 6810 11
6810 2396 13
6810 5030 16
6810 6811 21
6811 228 13
6811 287 15
6811 6812 23
6811 8788 5
6811 9139 21
6812 3752 3
6812 3801 23
6812 3908 16
6812 6417 15
6812 6813 14
6812 8346 21
6812 8470 3
6812 9445 14
6813 1731 7
6813 6697 7
6813 6710 17
6813 6814 21
6813 8139 11
6814 6815 16
6814 7260 11
6815 663 4
6815 1614 17
6815 6816 23
6815 7402 19
6815 8223 17
6816 6817 10
6817 768 13
6817 3399 8
6817 6818 2
6817 9736 20
6818 1023 7
6818 5096 17
6818 5142 15
6818 6819 16
6819 1266 10
6819 2788 10
6819 4608 7
6819 6820 3
6820 6821 9
6820 7163 23
6820 8683 17
6821 806 7
6821 4117 2
6821 6822 5
6822 2997 4
6822 3688 21
6822 6823 2
6822 8484 3
6822 9327 16
6823 5858 4
6823 6824 8
6824 1260 15
6824 2802 10
6824 4800 21
6824 6825 22
6824 8105 3
6825 1476 15
6825 6826 6
6825 8062 16
6826 1412 5
6826 4961 22
6826 6827 21
6827 806 1
6827 851 5
6827 3370 6
6827 3621 5
6827 6828 14
6827 8851 11
6828 4055 18
6828 4289 3
6828 4559 5
6828 6829 12
6828 6880 6
6829 6830 23
6829 8011 13
6830 2329 18
6830 6831 17
6831 3401 5
6831 6832 6
6832 972 13
6832 1156 7
6832 1556 9
6832 1732 20
6832 6833 7
6832 7812 23
6832 8561 5
6833 6834 21
6833 8587 2
6834 3533 11
6834 4698 11
6834 4783 22
6834 6835 22
6834 7306 5
6835 6836 3
6835 8645 18
6835 9559 6
6835 9681 5
6836 638 22
6836 1754 3
6836 4761 21
6836 6837 7
6837 1142 8
6837 3145 1
6837 3970 10
6837 6838 4
6837 8415 23
6838 1751 20
6838 4472 22
6838 6839 14
6838 7794 2
6839 4146 6
6839 6840 17
6839 7703 11
6839 8202 14
6839 9011 1
6839 9804 9
6840 280 1
6840 1586 21
6840 2523 23
6840 6841 3
6840 8826 12
6841 390 9
6841 1730 13
6841 2099 8
6841 3176 4
6841 6842 14
6841 8832 4
6842 2322 18
6842 2851 21
6842 5863 7
6842 6843 15
6843 1702 4
6843 4423 9
6843 5940 1
6843 6844 22
6843 8629 15
6844 3497 5
6844 3863 11
6844 6845 14
6844 7660 17
6844 8763 13
6844 9566 9
6844 9995 2
6845 2508 14
6845 4177 3
6845 6748 12
6845 6798 21
6845 6846 15
6845 6989 13
6846 3686 7
6846 4079 8
6846 4886 12
6846 6847 15
6846 9693 21
6847 453 15
6847 909 23
6847 3026 2
6847 3872 14
6847 6848 13
6847 7624 17
6847 9209 7
6848 6849 2
6848 9016 6
6849 3072 9
6849 6105 3
6849 6850 17
6850 4937 9
6850 6851 17
6851 1163 22
6851 4278 3
6851 6852 20
6852 3606 10
6852 6853 4
6852 8767 14
6853 4779 17
6853 6854 6
6853 8718 11
6854 750 23
6854 3975 2
6854 6083 20
6854 6855 6
6854 7546 22
6854 9744 6
6855 98 6
6855 3286 2
6855 6856 2
6856 3876 19
6856 6857 1
6857 2391 9
6857 4290 6
6857 4609 21
6857 5665 3
6857 6858 23
6857 7702 9
6858 36 18
6858 4718 5
6858 6859 20
6858 8898 2
6859 197 23
6859 400 21
6859 2331 22
6859 2382 5
6859 4540 4
6859 5400 23
6859 6860 17
6859 7661 12
6859 8568 9
6860 2710 10
6860 6861 1
6860 9099 17
6861 1066 18
6861 1995 8
6861 6862 8
6861 9872 11
6862 1355 1
6862 1497 16
6862 6102 4
6862 6863 9
6863 5569 7
6863 6232 11
6863 6864 16
6863 9871 18
6864 859 15
6864 1299 20
6864 3607 20
6864 4667 17
6864 6865 14
6864 7855 20
6865 1579 8
6865 2526 10
6865 6866 16
6866 2966 21
6866 6867 8
6867 6868 18
6867 8323 18
6867 9782 16
6868 175 8
6868 4505 19
6868 5918 22
6868 6869 3
6868 8947 21
6869 6870 1
6869 8335 20
6870 1312 21
6870 1371 18
6870 3619 5
6870 4730 15
6870 6871 13
6870 8953 22
6871 101 16
6871 1923 20
6871 2783 18
6871 3087 6
6871 5143 10
6871 6872 23
6871 8433 17
6872 3196 2
6872 6873 15
6873 1030 16
6873 6393 10
6873 6874 1
6874 176 16
6874 282 8
6874 388 21
6874 6197 12
6874 6875 2
6874 8133 9
6875 998 15
6875 3364 6
6875 6876 16
6875 8817 18
6876 1287 13
6876 2421 8
6876 6877 7
6877 913 19
6877 6447 10
6877 6538 6
6877 6878 19
6877 7697 13
6877 9610 6
6878 346 17
6878 6879 11
6878 9291 17
6879 1519 8
6879 2671 19
6879 6880 10
6879 7675 8
6880 557 7
6880 1010 8
6880 1493 6
6880 1683 21
6880 2982 2
6880 6881 5
6880 7980 6
6880 8723 19
6881 395 16
6881 6882 19
6881 8256 4
6882 63 20
6882 595 3
6882 6230 16
6882 6241 17
6882 6311 22
6882 6883 11
6882 7505 2
6882 9309 11
6882 9804 16
6883 360 12
6883 903 14
6883 3796 15
6883 4890 20
6883 6884 21
6883 7815 11
6883 8632 23
6884 2123 11
6884 6511 23
6884 6885 13
6885 941 10
6885 1570 9
6885 2627 2
6885 3195 23
6885 6886 11
6885 7005 4
6886 4090 16
6886 5090 7
6886 6887 10
6886 7068 3
6886 7361 19
6886 9718 7
6887 5400 12
6887 5503 18
6887 6888 8
6888 1018 17
6888 3278 19
6888 3706 2
6888 6889 8
6888 7904 14
6889 1637 1
6889 2031 10
6889 2399 18
6889 6890 4
6890 2023 1
6890 2364 15
6890 4380 4
6890 5378 14
6890 6891 18
6890 8633 21
6891 2873 13
6891 5177 19
6891 5875 16
6891 6173 1
6891 6525 16
6891 6892 22
6891 7021 6
6891 7618 14
6892 68 8
6892 341 9
6892 3252 16
6892 5636 7
6892 6048 17
6892 6893 16
6892 8218 10
6892 9964 11
6893 1277 19
6893 6766 21
6893 6894 17
6893 7907 19
6894 6895 22
6894 7135 4
6895 286 15
6895 6896 16
6895 8313 20
6895 8974 4
6896 1884 2
6896 3285 4
6896 4612 7
6896 6897 6
6896 9103 2
6897 1637 16
6897 2400 13
6897 3187 7
6897 6898 20
6897 7146 21
6898 1892 16
6898 2574 13
6898 6899 2
6898 8021 21
6899 1823 18
6899 2189 10
6899 6900 9
6899 7693 14
6899 8815 19
6900 1333 23
6900 1842 10
6900 3063 2
6900 5367 12
6900 6901 12
6901 1476 1
6901 2153 16
6901 6902 22
6901 8819 9
6902 2107 4
6902 5502 14
6902 5871 8
6902 5974 5
6902 6314 5
6902 6903 9
6903 1395 16
6903 2363 11
6903 6904 12
6904 1395 14
6904 1809 11
6904 2091 12
6904 6525 14
6904 6905 16
6904 8786 2
6905 165 3
6905 702 15
6905 1027 19
6905 4091 10
6905 5013 11
6905 6906 14
6906 1953 15
6906 4486 11
6906 6907 12
6906 7677 12
6906 8219 5
6906 8641 19
6907 3311 21
6907 4930 3
6907 5376 1
6907 6200 1
6907 6908 13
6907 9113 15
6908 3818 9
6908 6909 23
6908 8858 3
6909 1770 12
6909 6910 12
6910 4922 22
6910 5492 21
6910 6100 1
6910 6911 13
6911 2287 20
6911 4928 1
6911 5448 15
6911 5555 22
6911 5562 9
6911 6912 22
6911 8420 13
6912 3412 12
6912 4830 14
6912 5370 13
6912 5515 3
6912 6856 13
6912 6913 10
6912 7260 8
6912 8594 21
6913 2342 20
6913 4923 6
6913 6303 22
6913 6914 1
6913 7634 9
6914 2863 15
6914 6915 1
6914 9227 13
6915 6384 9
6915 6916 17
6915 6973 15
6916 1079 2
6916 1196 7
6916 5490 19
6916 6917 19
6916 7168 22
6916 7961 19
6916 8064 15
6916 8561 14
6917 1358 15
6917 5163 15
6917 6918 1
6917 7910 20
6918 2948 2
6918 3325 14
6918 4037 21
6918 4692 2
6918 6552 17
6918 6919 11
6918 6984 6
6919 3279 10
6919 5215 10
6919 6920 10
6919 7041 5
6919 8344 20
6919 9942 2
6920 727 15
6920 1184 4
6920 2114 15
6920 6921 4
6920 9381 15
6920 9492 17
6921 2116 20
6921 2637 18
6921 6922 19
6921 7629 14
6921 7639 18
6922 5661 8
6922 5811 11
6922 6359 19
6922 6923 7
6923 106 17
6923 620 3
6923 2605 8
6923 6924 16
6923 7582 8
6923 7652 5
6923 9906 23
6923 9986 12
6924 4577 7
6924 6925 16
6925 6926 22
6926 1476 9
6926 1496 21
6926 6927 6
6926 8434 22
6927 1490 8
6927 2062 2
6927 4492 11
6927 5398 15
6927 5753 18
6927 5856 20
6927 6463 3
6927 6501 6
6927 6928 8
6927 7073 9
6927 8677 19
6928 275 18
6928 1653 4
6928 1922 17
6928 5437 9
6928 6929 4
6929 84 11
6929 905 23
6929 5512 5
6929 6930 15
6930 1263 12
6930 2175 14
6930 2300 3
6930 6931 12
6930 7487 18
6930 8211 7
6931 1860 22
6931 1971 10
6931 2012 9
6931 3013 12
6931 3683 18
6931 6911 7
6931 6932 5
6931 7276 10
6932 6933 2
6932 9563 15
6933 1666 6
6933 6934 5
6933 7628 8
6934 3049 10
6934 3881 16
6934 6935 18
6935 297 11
6935 1674 9
6935 2485 19
6935 3944 8
6935 3947 5
6935 6936 11
6935 9263 17
6936 6937 18
6937 665 13
6937 4148 8
6937 6938 23
6938 1082 14
6938 2361 16
6938 4970 12
6938 6939 16
6938 7902 14
6938 8224 17
6939 423 4
6939 661 21
6939 709 4
6939 4414 15
6939 6940 6
6940 550 16
6940 1131 22
6940 2725 5
6940 5348 22
6940 6941 19
6940 8640 12
6940 8688 19
6941 3122 2
6941 5357 18
6941 6942 19
6942 1819 9
6942 2457 7
6942 3055 15
6942 6943 2
6943 734 21
6943 2882 7
6943 4726 20
6943 6944 22
6944 2064 11
6944 6353 19
6944 6945 18
6944 9336 10
6944 9977 11
6945 6946 14
6946 2702 7
6946 4251 2
6946 6947 6
6947 289 9
6947 2787 13
6947 6948 3
6947 7217 13
6947 8837 21
6948 2889 3
6948 3221 17
6948 3227 1
6948 4130 16
6948 6949 19
6949 1875 21
6949 3131 7
6949 4393 23
6949 5547 17
6949 5758 2
6949 6950 1
6950 2664 19
6950 3824 23
6950 6655 11
6950 6951 3
6950 8495 15
6950 8917 12
6951 135 16
6951 6604 9
6951 6642 21
6951 6871 8
6951 6952 19
6952 1327 19
6952 1760 6
6952 4504 13
6952 5169 7
6952 6953 22
6953 6566 15
6953 6822 19
6953 6954 21
6953 7722 15
6953 9237 8
6954 1415 22
6954 2769 15
6954 5328 5
6954 6955 1
6955 4776 10
6955 5312 10
6955 5361 20
6955 6956 13
6956 1363 21
6956 6957 3
6957 1983 11
6957 6958 21
6957 7063 8
6957 8926 5
6958 596 23
6958 1750 22
6958 5249 21
6958 6959 10
6958 6964 23
6959 6161 16
6959 6821 6
6959 6960 20
6959 9172 11
6960 1027 19
6960 2420 10
6960 3820 6
6960 5426 7
6960 6717 20
6960 6877 5
6960 6961 13
6960 9709 3
6961 1449 16
6961 5130 18
6961 5673 11
6961 5800 16
6961 6962 22
6961 7256 1
6961 9373 15
6962 1381 17
6962 1497 1
6962 1809 22
6962 6963 22
6962 8571 11
6963 2964 14
6963 6964 22
6964 6581 12
6964 6965 22
6964 9037 13
6965 1265 5
6965 1540 2
6965 6966 4
6965 7024 13
6965 9959 5
6966 467 10
6966 2504 13
6966 6967 19
6966 9397 21
6967 6968 3
6967 7143 12
6967 7869 21
6968 320 15
6968 591 7
6968 1299 23
6968 2909 2
6968 3571 20
6968 6787 20
6968 6969 23
6969 683 13
6969 939 15
6969 5993 11
6969 6970 14
6970 6971 5
6971 742 19
6971 6972 10
6972 6973 13
6972 9402 20
6973 460 3
6973 1997 3
6973 6974 2
6973 8950 20
6973 9451 23
6974 896 12
6974 2277 12
6974 3426 18
6974 3883 16
6974 4345 21
6974 5755 3
6974 6326 6
6974 6351 6
6974 6975 21
6975 362 22
6975 494 4
6975 1329 21
6975 2893 4
6975 6388 1
6975 6976 2
6975 9358 22
6976 4445 6
6976 6977 9
6976 7456 20
6976 7907 9
6976 8692 16
6976 8947 4
6976 9258 9
6977 2679 10
6977 2686 7
6977 3199 9
6977 5286 5
6977 6206 23
6977 6833 12
6977 6978 9
6977 7315 7
6977 7796 11
6977 9880 21
6978 360 9
6978 679 17
6978 3482 20
6978 5907 20
6978 6979 3
6979 1558 8
6979 5220 3
6979 6980 23
6979 7751 10
6979 8338 20
6980 3135 1
6980 6981 12
6980 9445 19
6981 1122 18
6981 1791 8
6981 1911 7
6981 2678 13
6981 4457 1
6981 6982 13
6982 1267 14
6982 2740 16
6982 4874 17
6982 6409 3
6982 6983 3
6982 9415 18
6982 9681 13
6983 6984 18
6983 8791 15
6984 982 12
6984 1340 14
6984 2158 3
6984 5265 13
6984 6985 15
6984 9489 11
6985 1703 1
6985 2566 11
6985 5794 20
6985 6289 13
6985 6986 17
6985 7192 15
6985 7803 18
6986 2099 1
6986 3851 11
6986 6987 23
6986 7349 23
6987 1259 3
6987 6000 20
6987 6988 12
6987 8338 6
6988 2541 20
6988 5580 14
6988 6989 5
6988 9498 11
6989 2335 12
6989 4878 18
6989 5572 15
6989 6990 11
6989 9803 18
6990 304 17
6990 6991 23
6990 7931 14
6991 1264 15
6991 1393 19
6991 1662 10
6991 1777 13
6991 6992 23
6992 6993 9
6992 8276 23
6993 2538 21
6993 6247 9
6993 6994 17
6993 8864 14
6994 168 17
6994 2468 16
6994 3605 18
6994 3855 9
6994 4524 7
6994 6995 22
6994 7223 9
6995 1862 22
6995 3872 18
6995 6996 11
6995 8899 6
6996 242 6
6996 2855 19
6996 5491 23
6996 5994 16
6996 6997 5
6996 7098 20
6997 3719 20
6997 6854 16
6997 6998 3
6997 8292 12
6998 6717 12
6998 6999 3
6998 8898 3
6998 9439 18
6998 9603 10
6998 9730 2
6999 7000 21
6999 7318 22
7000 5507 8
7000 7001 16
7000 8733 13
7000 9322 7
7001 2842 12
7001 6841 19
7001 7002 8
7001 7542 23
7001 7880 20
7001 8196 15
7001 8567 12
7002 1915 23
7002 4482 8
7002 4520 19
7002 5285 12
7002 6503 10
7002 6710 4
7002 7003 3
7002 8578 6
7003 7004 22
7003 8157 10
7004 4153 19
7004 5402 22
7004 7005 13
7004 9886 10
7005 180 4
7005 6485 22
7005 7006 3
7005 7102 20
7006 5487 16
7006 6980 21
7006 7007 17
7006 9200 17
7007 4123 12
7007 5671 6
7007 7008 2
7008 7009 6
7008 9943 11
7009 338 17
7009 1983 14
7009 2527 11
7009 3229 15
7009 3393 13
7009 4802 12
7009 6688 1
7009 7010 14
7010 15 17
7010 7011 2
7010 7247 22
7010 8993 8
7011 2514 4
7011 6542 23
7011 6714 19
7011 7012 18
7011 8761 10
7012 1442 13
7012 4530 21
7012 6107 1
7012 7013 21
7013 2038 20
7013 7014 22
7013 7481 1
7013 7701 12
7013 8467 15
7013 9422 17
7014 5345 4
7014 7015 2
7014 8942 1
7015 1006 22
7015 1667 12
7015 1681 21
7015 3832 23
7015 7016 9
7015 7567 18
7015 7953 17
7015 8923 2
7016 1044 9
7016 7017 10
7017 1996 16
7017 3005 6
7017 4312 2
7017 4481 19
7017 7018 9
7017 8979 4
7017 9149 21
7017 9893 14
7018 4979 5
7018 7019 9
7018 9270 4
7019 279 2
7019 7020 9
7019 7885 16
7019 9920 1
7020 618 22
7020 5354 9
7020 6265 6
7020 6797 7
7020 7021 12
7021 7022 13
7021 7453 22
7022 3983 2
7022 4411 22
7022 6902 10
7022 7023 20
7022 7956 14
7022 8349 20
7023 5425 19
7023 7024 18
7024 1093 7
7024 6919 19
7024 7025 12
7024 8346 10
7024 9811 12
7025 1124 22
7025 5500 1
7025 5547 22
7025 7026 7
7026 2505 19
7026 6811 20
7026 7027 22
7026 8018 2
7026 8456 6
7026 9170 9
7027 2146 22
7027 2633 3
7027 6292 8
7027 6316 20
7027 7028 4
7028 1695 16
7028 2615 10
7028 3839 18
7028 4348 14
7028 4531 18
7028 7029 2
7028 8801 9
7029 718 22
7029 1405 10
7029 5197 10
7029 5720 18
7029 7030 13
7029 8933 1
7030 1510 12
7030 7031 3
7031 2311 12
7031 3325 9
7031 5250 20
7031 7032 6
7031 9029 10
7032 1683 3
7032 7033 16
7032 7175 10
7033 2622 3
7033 3255 15
7033 4152 18
7033 4754 1
7033 5274 15
7033 5525 3
7033 6480 7
7033 7034 7
7034 124 18
7034 2177 5
7034 2575 14
7034 3770 13
7034 4433 15
7034 6796 2
7034 7035 21
7035 3578 15
7035 5420 5
7035 7036 4
7036 421 21
7036 1098 16
7036 4469 18
7036 7037 20
7037 319 13
7037 3515 6
7037 4552 5
7037 5588 23
7037 7038 2
7037 8961 20
7037 9319 13
7038 49 6
7038 1503 13
7038 3213 22
7038 7039 21
7038 7139 16
7039 4368 13
7039 7040 8
7040 609 15
7040 735 12
7040 1514 22
7040 7036 8
7040 7041 6
7041 2766 20
7041 5088 17
7041 7042 10
7042 1027 11
7042 4815 6
7042 6339 3
7042 6448 9
7042 7043 13
7042 7241 23
7043 2445 18
7043 3412 9
7043 7044 20
7043 7835 2
7044 1809 5
7044 3198 3
7044 4330 9
7044 6827 4
7044 7045 22
7044 7598 2
7045 1207 7
7045 1370 9
7045 2427 23
7045 7046 11
7046 166 10
7046 457 15
7046 505 13
7046 547 3
7046 622 13
7046 1798 6
7046 5065 7
7046 7047 16
7046 8598 4
7047 5416 17
7047 7048 4
7047 7616 21
7047 8718 14
7047 9395 9
7048 192 16
7048 1524 4
7048 2155 4
7048 5716 4
7048 7049 4
7049 4167 22
7049 7050 17
7050 5105 1
7050 7051 2
7051 1058 9
7051 1304 12
7051 3409 22
7051 4373 21
7051 5349 17
7051 7052 20
7051 7410 16
7052 7053 20
7052 9495 15
7053 588 15
7053 933 16
7053 3454 8
7053 4597 5
7053 7054 1
7054 6510 4
7054 7055 22
7054 7836 11
7055 2053 15
7055 5123 9
7055 6152 17
7055 7056 13
7055 7742 5
7055 8959 4
7056 2521 12
7056 2652 22
7056 7057 10
7057 2162 12
7057 7058 5
7057 9700 19
7058 884 2
7058 1020 14
7058 6127 6
7058 7059 19
7059 856 16
7059 7060 5
7059 7910 3
7060 71 10
7060 6585 18
7060 6886 5
7060 7061 20
7061 1206 8
7061 1800 11
7061 6465 7
7061 7062 23
7062 1008 16
7062 2076 13
7062 6505 14
7062 7063 10
7063 121 2
7063 1357 10
7063 7064 22
7063 8134 23
7063 9238 21
7063 9248 2
7063 9365 16
7064 403 9
7064 7065 15
7064 7161 18
7064 7703 2
7065 299 16
7065 7066 21
7066 1639 14
7066 7067 7
7066 9782 22
7067 1459 19
7067 1608 15
7067 5882 15
7067 7068 23
7067 9987 10
7068 6695 2
7068 7069 5
7069 325 12
7069 4482 21
7069 7070 18
7069 7350 10
7069 7834 14
7070 7071 10
7070 9251 2
7071 280 17
7071 468 6
7071 2929 15
7071 6104 3
7071 6214 3
7071 7072 1
7071 8503 21
7071 8752 8
7071 8984 13
7072 2637 10
7072 4644 18
7072 7073 13
7072 7814 1
7072 9927 1
7073 76 15
7073 692 7
7073 1265 8
7073 1657 10
7073 3745 7
7073 6007 15
7073 7074 13
7073 9967 3
7074 945 13
7074 2455 11
7074 3193 2
7074 3686 15
7074 5405 12
7074 7075 22
7075 699 19
7075 2267 7
7075 7076 21
7076 4575 19
7076 7077 22
7077 2004 4
7077 2453 6
7077 7078 11
7078 707 18
7078 1810 5
7078 4016 5
7078 7079 6
7078 8741 16
7078 9034 8
7079 2711 17
7079 4559 7
7079 6421 4
7079 7080 16
7079 7306 22
7080 7081 16
7080 9665 14
7081 290 3
7081 7082 19
7082 40 15
7082 2583 17
7082 2755 3
7082 3716 13
7082 7083 6
7082 8133 18
7082 9188 14
7083 2139 15
7083 6676 10
7083 7084 18
7083 8537 20
7084 5103 18
7084 6050 17
7084 6457 4
7084 7085 14
7084 8891 10
7084 9354 20
7085 6128 20
7085 7086 6
7086 509 1
7086 1893 10
7086 2826 10
7086 3868 19
7086 7087 19
7087 7088 22
7087 8102 7
7087 8583 1
7087 9054 16
7088 1900 6
7088 2226 1
7088 2378 19
7088 7089 3
7089 7090 18
7089 8493 10
7089 8612 22
7089 9855 9
7090 3624 23
7090 5112 17
7090 7091 5
7090 7535 2
7090 9632 14
7091 22 13
7091 176 16
7091 717 4
7091 5103 5
7091 7092 12
7092 67 10
7092 282 16
7092 1968 21
7092 4398 1
7092 5511 15
7092 7093 11
7092 8478 10
7093 1344 8
7093 1924 16
7093 3767 16
7093 6637 12
7093 7094 22
7093 8076 5
7093 8085 18
7093 9527 11
7094 2241 20
7094 3401 19
7094 7095 13
7095 1510 20
7095 1963 2
7095 7096 21
7096 1811 15
7096 5429 13
7096 6341 15
7096 6862 8
7096 7097 17
7097 1479 23
7097 1889 12
7097 2117 11
7097 2746 1
7097 7098 9
7098 92 20
7098 4401 8
7098 4407 4
7098 4970 21
7098 7099 14
7098 9164 15
7099 7100 17
7099 8367 1
7100 2417 19
7100 3145 5
7100 7101 11
7101 1715 20
7101 1909 1
7101 3164 22
7101 3280 2
7101 7102 9
7101 9559 3
7102 1057 12
7102 2286 11
7102 5809 6
7102 7103 19
7103 252 21
7103 304 10
7103 1868 1
7103 6467 8
7103 7104 22
7103 9080 10
7103 9602 18
7103 9624 12
7104 387 3
7104 7105 15
7104 7361 13
7104 8133 10
7105 646 1
7105 6930 18
7105 7106 8
7105 8667 13
7105 8942 16
7106 1774 7
7106 5630 1
7106 7107 11
7106 7669 17
7106 9793 17
7107 834 6
7107 5281 8
7107 7108 21
7107 8673 23
7108 6924 22
7108 7109 16
7108 7714 8
7108 8840 6
7109 2471 7
7109 2925 23
7109 6307 21
7109 7110 2
7109 7680 19
7110 2231 4
7110 2934 4
7110 3423 18
7110 3734 20
7110 4347 20
7110 4404 5
7110 7111 14
7110 9678 1
7111 1257 4
7111 1297 11
7111 2463 11
7111 7112 16
7112 4349 9
7112 7113 20
7112 7207 11
7112 9996 16
7113 1 11
7113 483 3
7113 1208 8
7113 1352 15
7113 7114 21
7114 211 8
7114 7115 18
7115 586 10
7115 981 23
7115 5602 21
7115 6170 8
7115 7116 22
7115 9150 19
7116 1669 19
7116 3806 22
7116 7117 20
7117 1693 7
7117 7062 19
7117 7118 1
7117 8522 6
7117 9527 7
7117 9590 11
7118 2073 15
7118 7119 23
7118 9886 6
7119 287 4
7119 1289 11
7119 2838 1
7119 7120 22
7120 5608 3
7120 6134 17
7120 6748 8
7120 7121 9
7121 3620 6
7121 5318 15
7121 7122 7
7121 8037 14
7121 9484 11
7122 800 17
7122 7123 15
7123 2752 22
7123 4311 6
7123 7124 19
7123 7384 8
7123 9864 2
7124 959 20
7124 3744 5
7124 6583 10
7124 7125 12
7124 8717 13
7125 987 10
7125 2212 8
7125 2608 20
7125 5383 9
7125 7126 17
7126 2656 7
7126 5710 23
7126 6475 7
7126 7127 15
7127 1413 23
7127 7128 12
7127 8438 12
7128 1819 3
7128 7129 21
7128 7475 1
7128 9709 3
7129 3989 19
7129 7130 14
7130 828 16
7130 1085 16
7130 5253 6
7130 6387 10
7130 6979 1
7130 7131 12
7130 7748 3
7131 3960 16
7131 4990 6
7131 7132 22
7131 8140 21
7131 8831 1
7132 392 10
7132 1152 17
7132 1789 6
7132 4315 17
7132 7133 19
7133 310 7
7133 7134 19
7133 7189 10
7134 2792 16
7134 3572 23
7134 7135 17
7135 4534 6
7135 4626 23
7135 7136 2
7135 9530 10
7136 433 12
7136 2489 11
7136 3650 5
7136 4838 15
7136 6011 10
7136 7137 21
7136 8233 3
7136 8605 8
7136 9402 20
7137 368 21
7137 3100 5
7137 3191 17
7137 6821 8
7137 7138 14
7138 3705 10
7138 5560 19
7138 7139 5
7138 7347 18
7139 4413 14
7139 4528 12
7139 7140 16
7139 8286 10
7139 8485 5
7139 8906 16
7140 1177 22
7140 7141 9
7141 4823 13
7141 7142 23
7141 9008 7
7142 2101 23
7142 5883 12
7142 6578 3
7142 7143 14
7143 31 22
7143 2406 10
7143 2458 14
7143 7144 17
7143 8235 12
7144 3483 11
7144 7145 10
7145 3940 13
7145 7146 16
7145 9111 23
7145 9690 5
7146 792 8
7146 858 5
7146 5787 2
7146 7147 10
7146 7343 6
7147 157 20
7147 1092 17
7147 1229 13
7147 1563 8
7147 5179 13
7147 5196 6
7147 5598 9
7147 7148 21
7148 841 8
7148 916 9
7148 7149 10
7148 8859 14
7148 9556 20
7149 139 16
7149 860 16
7149 2006 20
7149 4713 2
7149 6062 19
7149 7150 11
7149 9510 20
7150 982 11
7150 2523 23
7150 4119 12
7150 6660 19
7150 7039 19
7150 7151 9
7150 9798 22
7151 2666 15
7151 3637 11
7151 7152 2
7151 7714 14
7151 8256 14
7151 8601 11
7151 8654 13
7151 9808 17
7152 953 10
7152 1868 20
7152 5339 15
7152 5757 8
7152 7153 13
7153 139 16
7153 1629 21
7153 5392 3
7153 6955 15
7153 7154 20
7153 7470 19
7154 5271 7
7154 7155 15
7155 114 11
7155 4728 8
7155 7156 14
7155 7682 16
7155 8478 14
7156 4376 19
7156 5660 1
7156 7157 19
7156 8013 2
7156 8233 21
7156 9110 21
7157 1991 18
7157 7158 18
7157 8475 3
7157 9651 19
7157 9727 3
7158 1484 8
7158 4130 2
7158 7159 16
7158 7310 1
7159 2303 22
7159 4092 3
7159 5290 8
7159 5823 16
7159 5997 8
7159 7160 11
7159 8278 9
7160 58 2
7160 6456 2
7160 7161 17
7160 9776 3
7161 3378 3
7161 4718 22
7161 4929 7
7161 7162 2
7161 8973 16
7162 4310 21
7162 5878 22
7162 7163 21
7162 9298 11
7163 1596 20
7163 3176 18
7163 5793 23
7163 7164 6
7164 13 6
7164 126 16
7164 2640 15
7164 3043 10
7164 3091 15
7164 4058 17
7164 7165 21
7164 7889 11
7165 551 12
7165 3347 20
7165 7166 19
7166 1174 3
7166 3907 4
7166 6666 16
7166 7167 16
7167 2235 4
7167 5004 19
7167 7168 17
7168 188 3
7168 463 5
7168 7169 18
7168 9129 15
7169 645 13
7169 5973 17
7169 7170 4
7169 7770 15
7169 7775 10
7169 9685 17
7170 45 4
7170 7171 4
7171 3421 17
7171 6037 12
7171 7172 2
7172 1660 21
7172 2534 15
7172 3538 7
7172 5328 2
7172 7173 11
7172 8486 17
7173 837 7
7173 1788 13
7173 2658 14
7173 4572 14
7173 5997 6
7173 7174 19
7173 8084 11
7173 8288 9
7174 1792 5
7174 5187 20
7174 5479 7
7174 7175 19
7174 7237 15
7174 7697 2
7175 2333 19
7175 7176 6
7175 9344 18
7176 1731 2
7176 4755 1
7176 5363 20
7176 6790 16
7176 7177 17
7177 4875 15
7177 5800 2
7177 7178 6
7177 8467 8
7177 8472 19
7178 2127 17
7178 4032 18
7178 7179 4
7179 1961 1
7179 3692 8
7179 7180 17
7179 7818 23
7179 8411 11
7180 684 12
7180 7181 2
7181 30 12
7181 3463 22
7181 5161 15
7181 7182 16
7182 5478 13
7182 7183 13
7182 9827 18
7183 2268 5
7183 6799 12
7183 7184 14
7183 7398 19
7184 3691 20
7184 4377 4
7184 4921 1
7184 7185 16
7185 888 13
7185 2153 3
7185 4388 16
7185 7186 23
7185 9357 2
7186 6341 5
7186 7187 2
7186 7676 11
7187 263 8
7187 705 18
7187 6061 10
7187 7188 18
7187 7341 19
7187 8917 9
7187 9630 6
7188 1097 18
7188 2301 19
7188 2893 23
7188 3401 20
7188 4226 6
7188 5092 23
7188 7189 9
7189 1597 13
7189 4189 23
7189 4780 19
7189 5234 13
7189 7190 8
7189 7485 5
7190 1492 6
7190 2586 20
7190 5389 14
7190 6106 11
7190 7191 9
7190 9032 6
7190 9568 12
7191 1730 9
7191 2416 7
7191 7192 12
7191 7548 6
7191 8125 4
7192 1165 12
7192 4713 1
7192 7193 21
7193 205 7
7193 500 2
7193 2700 23
7193 7194 16
7194 3443 6
7194 4700 15
7194 5386 3
7194 7195 7
7194 7437 7
7195 1212 20
7195 1254 1
7195 1900 13
7195 6929 2
7195 7022 19
7195 7196 23
7196 2549 18
7196 3201 9
7196 4787 18
7196 6928 1
7196 7197 4
7196 9692 17
7197 452 20
7197 7198 9
7197 9056 13
7198 409 1
7198 2385 23
7198 5478 13
7198 6980 8
7198 7199 12
7199 677 13
7199 1489 21
7199 3350 23
7199 5506 7
7199 7200 17
7199 7548 8
7200 4803 12
7200 6250 3
7200 6749 11
7200 7201 8
7201 1634 4
7201 1873 1
7201 2182 23
7201 4017 3
7201 5396 12
7201 6318 16
7201 7202 1
7202 7203 1
7203 2317 16
7203 5336 9
7203 7204 13
7203 7394 4
7203 8534 22
7203 8923 16
7204 3414 19
7204 6132 9
7204 7205 17
7204 7687 20
7205 331 1
7205 625 19
7205 4805 7
7205 7206 2
7205 8996 16
7206 193 21
7206 1452 5
7206 1960 8
7206 7207 2
7207 7208 18
7207 8007 4
7208 735 2
7208 2504 6
7208 4059 6
7208 7209 3
7208 8566 7
7209 206 13
7209 810 23
7209 2918 1
7209 3277 4
7209 4075 7
7209 6248 8
7209 7210 16
7209 7935 14
7210 3011 9
7210 4359 5
7210 4497 21
7210 4512 16
7210 6440 15
7210 7180 22
7210 7211 10
7211 377 22
7211 897 9
7211 2079 22
7211 2416 16
7211 2421 23
7211 3653 15
7211 5076 21
7211 6475 19
7211 7212 15
7211 8373 7
7212 2590 20
7212 4834 3
7212 7213 23
7213 3463 2
7213 7214 8
7213 9652 14
7214 952 14
7214 3794 19
7214 4053 7
7214 5191 2
7214 7215 20
7215 473 8
7215 4852 13
7215 7216 4
7215 8732 8
7216 392 14
7216 748 21
7216 6725 9
7216 7217 15
7217 769 15
7217 2562 23
7217 3032 4
7217 7218 8
7217 9879 4
7218 2224 19
7218 7219 3
7218 9442 6
7219 1253 3
7219 7220 7
7219 7387 23
7219 8329 18
7220 7221 22
7220 7479 23
7221 268 16
7221 321 4
7221 496 11
7221 2287 6
7221 7222 2
7221 7756 20
7222 117 20
7222 1385 11
7222 7223 12
7223 1993 12
7223 2113 11
7223 2508 21
7223 5047 6
7223 7224 10
7223 8618 1
7224 606 23
7224 2162 23
7224 4688 12
7224 6977 17
7224 7225 22
7224 8822 4
7224 8962 3
7224 9302 5
7225 7226 10
7225 8846 20
7225 9321 20
7226 547 3
7226 2226 7
7226 3115 4
7226 4707 22
7226 7227 9
7226 8101 2
7227 525 13
7227 1373 14
7227 3013 11
7227 4934 19
7227 5126 15
7227 6390 1
7227 7228 10
7228 680 10
7228 7229 14
7228 9059 5
7229 566 9
7229 1392 5
7229 1599 20
7229 2748 20
7229 5732 17
7229 6660 22
7229 7230 13
7230 1955 22
7230 5501 9
7230 7231 9
7231 5121 18
7231 5275 17
7231 7232 18
7232 7233 2
7232 9069 4
7233 152 15
7233 1184 21
7233 4940 6
7233 6228 1
7233 6488 3
7233 6796 22
7233 7234 6
7233 9560 23
7234 7235 14
7235 7224 2
7235 7236 11
7236 819 21
7236 2892 17
7236 4795 5
7236 6551 2
7236 6755 17
7236 7237 23
7236 8434 6
7236 9127 8
7237 4589 8
7237 6797 13
7237 7238 10
7237 7248 4
7238 1943 21
7238 7239 23
7239 5824 19
7239 6267 10
7239 7240 4
7239 7850 6
7239 9838 7
7240 2275 19
7240 7241 5
7241 480 23
7241 996 1
7241 2522 10
7241 3631 9
7241 5560 14
7241 5989 7
7241 7242 12
7242 144 18
7242 1275 13
7242 7243 3
7242 8171 23
7242 9209 18
7243 1935 12
7243 2128 10
7243 7244 16
7243 8309 15
7243 9583 16
7244 1682 6
7244 6674 16
7244 7121 4
7244 7245 13
7245 1100 5
7245 1380 4
7245 6137 5
7245 7246 23
7246 522 23
7246 780 2
7246 4520 19
7246 7247 12
7247 1072 11
7247 4634 21
7247 7248 2
7248 2517 17
7248 2947 14
7248 3037 1
7248 5670 22
7248 7249 8
7248 9876 8
7249 193 22
7249 335 9
7249 1433 4
7249 2176 23
7249 5248 11
7249 7250 21
7250 1516 3
7250 2996 8
7250 5168 12
7250 6157 13
7250 6625 1
7250 7251 20
7251 1903 1
7251 6815 4
7251 7252 8
7251 9652 10
7252 789 2
7252 2013 22
7252 2147 17
7252 3923 22
7252 4809 19
7252 5312 19
7252 5345 10
7252 6982 10
7252 7253 20
7252 7667 19
7252 8139 23
7252 9986 16
7253 629 20
7253 5397 2
7253 5915 9
7253 7254 20
7253 8916 15
7253 9174 8
7253 9480 19
7254 75 14
7254 3710 22
7254 6730 22
7254 7255 12
7255 3372 18
7255 3551 6
7255 7256 13
7256 323 6
7256 1564 8
7256 5610 22
7256 5765 18
7256 7257 11
7256 9699 10
7257 296 11
7257 2915 13
7257 7258 4
7257 8586 15
7258 1395 1
7258 1839 21
7258 2012 1
7258 5911 17
7258 7051 14
7258 7259 8
7259 1304 21
7259 6726 6
7259 7260 21
7259 9689 10
7260 1603 16
7260 4424 22
7260 7261 8
7261 3880 11
7261 7262 15
7261 8316 6
7261 8659 17
7262 720 9
7262 764 17
7262 5463 17
7262 7263 19
7263 1685 15
7263 1944 11
7263 4701 11
7263 7264 18
7263 7646 15
7264 72 3
7264 6175 3
7264 7265 19
7264 7432 3
7264 8811 18
7264 9470 23
7265 91 6
7265 744 6
7265 1740 6
7265 3398 5
7265 4811 8
7265 6876 7
7265 7266 16
7265 8472 22
7266 702 1
7266 1347 20
7266 2124 16
7266 4225 8
7266 4879 20
7266 7267 11
7267 1318 8
7267 5459 1
7267 5931 13
7267 5963 20
7267 7268 18
7267 8985 8
7267 9019 15
7268 3802 3
7268 7269 14
7268 9125 9
7269 506 10
7269 4804 17
7269 7270 20
7269 7460 23
7269 7635 18
7270 944 7
7270 1204 10
7270 2190 8
7270 4560 3
7270 5559 6
7270 5959 17
7270 6355 10
7270 7271 1
7271 4251 19
7271 5348 13
7271 6461 23
7271 7272 11
7271 7297 15
7271 8858 18
7271 9415 16
7272 179 9
7272 4578 11
7272 7273 11
7273 1979 19
7273 4090 5
7273 7274 2
7273 8521 18
7274 1904 12
7274 3386 23
7274 6766 22
7274 7275 11
7275 137 22
7275 3274 12
7275 4354 15
7275 5182 14
7275 7276 10
7275 8468 11
7276 3460 16
7276 7277 11
7276 9188 21
7277 2922 1
7277 2931 14
7277 7278 13
7278 1940 11
7278 3417 15
7278 3623 2
7278 4195 2
7278 6698 12
7278 7279 15
7279 3059 2
7279 5052 15
7279 5475 21
7279 7280 9
7280 629 2
7280 1063 17
7280 1984 6
7280 7281 15
7281 695 3
7281 7282 3
7282 67 3
7282 7283 9
7283 738 20
7283 3014 23
7283 3997 22
7283 6148 12
7283 7284 11
7284 987 5
7284 4362 14
7284 7285 22
7284 9526 18
7284 9950 12
7285 1163 7
7285 3783 15
7285 5486 3
7285 6040 19
7285 7286 16
7286 1637 11
7286 3901 1
7286 4685 18
7286 7287 15
7286 9339 3
7287 2227 16
7287 6865 19
7287 7288 20
7287 9090 3
7288 4435 13
7288 7289 2
7288 8199 2
7289 728 3
7289 1592 15
7289 1784 22
7289 1883 9
7289 2762 10
7289 3891 9
7289 5738 12
7289 6002 5
7289 7290 7
7289 7494 1
7290 528 9
7290 998 9
7290 1500 9
7290 7291 10
7291 2472 7
7291 3877 12
7291 5580 8
7291 7292 13
7291 8105 17
7291 8326 1
7291 9177 5
7292 1078 19
7292 1637 7
7292 1818 23
7292 7293 14
7293 827 9
7293 5289 1
7293 7294 6
7294 1706 8
7294 2175 17
7294 2333 14
7294 2666 11
7294 2861 1
7294 7295 14
7294 8214 1
7295 7296 1
7295 7844 8
7296 457 4
7296 978 4
7296 2109 21
7296 2464 21
7296 6381 9
7296 6676 16
7296 7297 10
7297 1202 13
7297 1795 15
7297 1877 10
7297 2556 10
7297 3889 3
7297 4055 20
7297 7251 13
7297 7298 3
7297 7851 5
7297 8961 21
7298 2221 7
7298 3349 6
7298 4074 17
7298 4236 10
7298 5069 2
7298 7299 22
7298 7683 17
7299 1422 2
7299 1766 6
7299 2599 15
7299 2803 14
7299 3904 18
7299 7300 12
7300 669 4
7300 1413 18
7300 3589 6
7300 4701 16
7300 7301 17
7300 9866 13
7300 9899 2
7301 827 20
7301 1093 20
7301 6464 7
7301 6484 19
7301 7302 18
7301 9666 6
7302 4532 19
7302 5203 21
7302 6194 1
7302 7303 19
7302 7797 12
7302 9322 7
7302 9760 23
7303 7304 1
7304 798 22
7304 2798 16
7304 7305 12
7304 7819 19
7305 133 5
7305 6037 8
7305 7306 13
7305 9706 10
7306 1089 21
7306 2109 1
7306 3725 7
7306 6584 16
7306 6799 23
7306 7307 12
7306 7731 17
7306 8415 13
7306 9803 13
7307 2054 18
7307 7172 4
7307 7308 14
7307 7712 3
7307 9858 5
7308 549 5
7308 3321 8
7308 3550 5
7308 5029 22
7308 7309 12
7308 7721 12
7309 848 13
7309 2352 14
7309 6784 11
7309 7091 9
7309 7310 6
7310 1140 7
7310 7311 12
7310 8335 12
7311 818 23
7311 1074 13
7311 1182 10
7311 2232 22
7311 6623 21
7311 7004 18
7311 7312 19
7312 2372 7
7312 6474 16
7312 7313 19
7313 2740 21
7313 4961 4
7313 7314 14
7314 1652 23
7314 2611 8
7314 2822 22
7314 4168 15
7314 6910 17
7314 7315 17
7314 9018 11
7315 2112 22
7315 4346 2
7315 4485 15
7315 6224 6
7315 7316 15
7316 7044 17
7316 7317 8
7316 7739 5
7316 8751 4
7316 9889 23
7317 862 22
7317 1909 14
7317 1939 18
7317 7318 12
7317 7373 12
7317 8720 9
7317 9556 17
7318 2622 9
7318 7319 17
7319 349 9
7319 1109 20
7319 1337 23
7319 1677 23
7319 3222 8
7319 7320 7
7319 9493 2
7320 334 11
7320 3687 7
7320 5282 22
7320 7321 18
7321 37 21
7321 7322 14
7321 7992 10
7322 2344 9
7322 3036 12
7322 7323 3
7323 331 16
7323 3596 14
7323 3690 9
7323 6658 11
7323 7324 8
7324 1192 3
7324 7325 1
7324 8101 4
7325 90 20
7325 1427 14
7325 2598 17
7325 7326 20
7325 8951 16
7325 9827 16
7326 7327 11
7327 2174 12
7327 6404 14
7327 6473 10
7327 7328 8
7327 7564 15
7328 4919 19
7328 5265 14
7328 7329 20
7329 3367 6
7329 7330 17
7329 7723 13
7329 8871 17
7330 348 22
7330 871 12
7330 1433 5
7330 1572 20
7330 2040 7
7330 2663 1
7330 5930 15
7330 6975 15
7330 7331 12
7330 7465 8
7331 383 6
7331 672 8
7331 1466 15
7331 3349 4
7331 3528 19
7331 7332 3
7331 8567 4
7332 795 8
7332 1101 17
7332 1366 2
7332 1655 16
7332 5365 4
7332 7333 9
7333 170 15
7333 2282 19
7333 6037 17
7333 7334 17
7334 2801 17
7334 7335 16
7334 8438 12
7335 480 16
7335 1530 12
7335 7336 18
7336 21 22
7336 4774 3
7336 5757 11
7336 7337 9
7336 9297 6
7337 159 13
7337 633 11
7337 1152 14
7337 1250 13
7337 3187 16
7337 7338 20
7338 144 3
7338 7155 13
7338 7339 9
7338 7698 22
7339 363 11
7339 1569 15
7339 1620 13
7339 2427 2
7339 2441 14
7339 3531 2
7339 4636 6
7339 5949 8
7339 7340 9
7339 8563 13
7340 510 4
7340 564 3
7340 7341 2
7341 1945 8
7341 2169 21
7341 4881 15
7341 7342 11
7342 938 20
7342 3438 23
7342 3841 18
7342 4250 18
7342 7343 11
7343 7344 7
7343 7515 17
7344 4060 13
7344 6364 7
7344 6520 18
7344 6791 4
7344 7345 3
7344 7372 14
7344 7492 3
7344 8172 22
7345 3091 20
7345 5892 22
7345 7276 15
7345 7346 19
7345 8472 13
7346 2624 2
7346 3560 19
7346 6740 14
7346 7347 20
7347 476 15
7347 7348 17
7348 5970 3
7348 7168 21
7348 7349 2
7348 8317 23
7349 1095 10
7349 1809 11
7349 2857 20
7349 4211 16
7349 7350 6
7349 7388 21
7349 9647 5
7350 7351 21
7351 7352 4
7351 8483 21
7352 380 14
7352 5005 18
7352 7353 23
7352 7558 21
7352 8233 3
7352 9574 21
7353 1611 5
7353 3963 2
7353 5007 11
7353 7354 23
7353 8389 15
7354 2744 1
7354 3161 21
7354 5665 23
7354 6580 20
7354 6891 23
7354 7355 5
7354 9412 21
7354 9691 16
7355 7082 3
7355 7356 12
7356 1170 12
7356 1192 23
7356 1419 18
7356 2158 17
7356 3410 5
7356 4208 2
7356 7357 4
7357 2795 15
7357 3695 11
7357 4060 13
7357 7358 15
7357 8185 4
7358 4018 13
7358 7337 5
7358 7359 23
7359 1635 3
7359 1906 9
7359 2114 9
7359 2320 2
7359 2735 14
7359 5110 7
7359 7360 18
7360 3707 5
7360 6068 2
7360 7361 3
7360 8104 14
7360 8340 18
7360 8887 23
7360 9441 11
7361 782 21
7361 1717 9
7361 1724 20
7361 7362 6
7361 9079 8
7362 1003 6
7362 2724 22
7362 3267 1
7362 7363 10
7363 7364 10
7364 433 10
7364 4012 20
7364 4755 18
7364 7365 5
7365 962 9
7365 2932 6
7365 6202 13
7365 7366 11
7365 9829 12
7366 4120 6
7366 7367 13
7367 2527 9
7367 3515 10
7367 3692 9
7367 4180 9
7367 7368 13
7367 9444 10
7368 1900 7
7368 2565 7
7368 2611 6
7368 7369 4
7368 7690 17
7369 439 8
7369 4346 22
7369 7370 15
7370 1236 15
7370 1401 21
7370 3471 21
7370 7371 22
7371 675 23
7371 1028 11
7371 3334 16
7371 7372 2
7371 9162 2
7372 474 16
7372 764 18
7372 1382 16
7372 7373 13
7372 7892 19
7373 7374 2
7374 247 15
7374 362 19
7374 3221 21
7374 4539 13
7374 7375 14
7374 9022 4
7375 587 18
7375 2253 23
7375 5730 16
7375 6759 16
7375 7376 5
7375 8432 7
7376 5795 5
7376 7377 23
7377 7378 12
7378 4209 7
7378 5269 11
7378 7379 21
7378 8505 21
7379 729 18
7379 2050 4
7379 5203 10
7379 5354 12
7379 5779 8
7379 7380 5
7379 7415 7
7379 8214 19
7379 9249 22
7380 2126 13
7380 2203 12
7380 3603 14
7380 4501 17
7380 6824 9
7380 7381 20
7380 7486 11
7380 7785 16
7381 7382 20
7381 9805 9
7381 9889 1
7382 4758 14
7382 6783 13
7382 7383 23
7383 5216 13
7383 5854 10
7383 7384 18
7383 7555 19
7384 894 16
7384 1736 14
7384 2688 19
7384 7385 1
7385 6193 1
7385 7386 15
7385 8272 12
7386 790 2
7386 1549 9
7386 2509 20
7386 2711 3
7386 7387 22
7386 8098 8
7386 8343 5
7386 9981 9
7387 2374 18
7387 5523 10
7387 7388 23
7387 7994 13
7387 8701 15
7388 272 3
7388 4516 12
7388 6350 1
7388 7389 11
7389 807 21
7389 1834 4
7389 2156 12
7389 4983 7
7389 7390 12
7389 8575 9
7389 9884 7
7390 1688 17
7390 3323 11
7390 7314 12
7390 7391 9
7390 9634 11
7391 86 4
7391 2225 20
7391 2800 18
7391 6385 3
7391 7392 17
7391 8899 21
7392 1384 4
7392 1771 1
7392 7393 13
7393 1732 21
7393 5685 16
7393 6032 2
7393 7394 23
7394 1012 11
7394 6287 1
7394 7395 11
7395 339 17
7395 1402 1
7395 6208 12
7395 7113 1
7395 7396 4
7396 412 6
7396 2550 3
7396 5812 3
7396 6571 16
7396 7397 8
7396 8386 9
7396 9003 11
7397 780 10
7397 1204 16
7397 4541 9
7397 7398 12
7397 9420 18
7398 110 18
7398 244 12
7398 1647 13
7398 2051 12
7398 6480 5
7398 7399 7
7398 8766 1
7399 3642 17
7399 7400 12
7399 9139 15
7400 7401 10
7400 7551 12
7401 7027 14
7401 7402 23
7402 6158 3
7402 6513 18
7402 7403 3
7402 8273 1
7402 8929 1
7403 2433 23
7403 2852 15
7403 7404 15
7404 3909 2
7404 4781 2
7404 7405 12
7404 9170 8
7405 1022 16
7405 4270 6
7405 6110 18
7405 7406 20
7405 9564 16
7406 1535 19
7406 1787 19
7406 5484 15
7406 6329 2
7406 7104 15
7406 7407 21
7406 7742 6
7406 8687 9
7407 1366 20
7407 6304 6
7407 7408 18
7408 1966 3
7408 7409 1
7409 1923 9
7409 2264 18
7409 5675 11
7409 7410 3
7409 8751 9
7409 9579 14
7409 9952 8
7410 247 11
7410 3929 16
7410 6772 9
7410 7411 22
7410 9270 6
7411 3678 7
7411 4754 3
7411 5466 10
7411 7412 6
7412 269 14
7412 2179 2
7412 4294 13
7412 5726 2
7412 7413 15
7412 8269 9
7412 9652 5
7413 1024 5
7413 2279 5
7413 2573 15
7413 3358 10
7413 6672 19
7413 7414 9
7414 7415 22
7414 8827 13
7415 1556 11
7415 1987 20
7415 6314 12
7415 7416 12
7415 9918 16
7416 1781 20
7416 2649 4
7416 4969 17
7416 6827 18
7416 7259 2
7416 7417 6
7416 8024 20
7416 9980 6
7417 1798 16
7417 2199 7
7417 2864 6
7417 7418 10
7418 2790 21
7418 4879 3
7418 4924 13
7418 7419 5
7418 8136 6
7419 2264 16
7419 2310 5
7419 7420 19
7420 2407 22
7420 7421 15
7421 2297 19
7421 3407 1
7421 5519 10
7421 5980 18
7421 6063 23
7421 7422 6
7422 7423 7
7422 8342 6
7422 8458 22
7422 9776 10
7423 7362 1
7423 7424 19
7423 8909 7
7423 8946 12
7423 9231 15
7424 3654 16
7424 4946 17
7424 6530 1
7424 7425 1
7424 7508 14
7424 8864 17
7424 9472 18
7424 9974 5
7425 133 8
7425 714 16
7425 7426 3
7425 7520 9
7425 7996 13
7426 2494 3
7426 6089 13
7426 7427 19
7427 3319 15
7427 3668 10
7427 4198 11
7427 7428 3
7427 8441 17
7428 3158 10
7428 7429 23
7428 7700 5
7429 3363 20
7429 4469 23
7429 7430 13
7429 8566 6
7430 351 13
7430 2238 9
7430 2539 3
7430 2547 15
7430 7431 6
7430 8354 8
7430 9596 1
7431 515 8
7431 7432 7
7431 9958 4
7432 110 3
7432 403 3
7432 4297 18
7432 7433 1
7432 8589 18
7433 43 1
7433 5021 5
7433 6755 17
7433 7239 18
7433 7434 4
7434 3520 1
7434 5146 19
7434 7435 20
7434 8529 4
7435 4661 14
7435 7436 22
7436 963 14
7436 3913 10
7436 4465 10
7436 5322 22
7436 5973 9
7436 6556 18
7436 7437 12
7436 7482 13
7436 9438 22
7437 201 20
7437 6056 18
7437 7438 19
7437 8236 12
7437 9895 21
7438 1176 5
7438 2975 11
7438 6686 10
7438 7072 13
7438 7439 4
7438 8431 3
7438 8989 10
7439 3553 9
7439 6097 9
7439 7440 23
7440 2750 6
7440 6034 4
7440 7441 23
7440 7752 18
7441 197 14
7441 4367 22
7441 7078 12
7441 7376 16
7441 7442 14
7441 9320 2
7442 1168 21
7442 3720 20
7442 5911 21
7442 7443 10
7443 932 2
7443 1429 19
7443 3038 3
7443 7444 1
7443 7528 4
7443 9546 16
7443 9998 16
7444 2904 17
7444 3753 15
7444 4601 20
7444 5198 20
7444 7377 19
7444 7445 23
7445 1128 19
7445 1938 3
7445 2374 17
7445 5852 2
7445 7446 7
7445 8821 17
7445 9659 10
7446 723 22
7446 2429 1
7446 5185 10
7446 5771 9
7446 7447 21
7446 8518 9
7447 2938 15
7447 5385 2
7447 6785 8
7447 7448 14
7448 4661 3
7448 7118 4
7448 7449 23
7448 8714 13
7448 9020 9
7449 3779 4
7449 7450 21
7450 2068 17
7450 6486 6
7450 7451 17
7451 477 16
7451 1738 7
7451 6624 18
7451 7452 22
7452 1118 15
7452 2610 6
7452 7453 12
7453 243 3
7453 1997 8
7453 2158 1
7453 2382 23
7453 5152 2
7453 5330 19
7453 5548 19
7453 7454 17
7453 7490 5
7454 1728 15
7454 3707 16
7454 4674 9
7454 6093 3
7454 7455 8
7455 204 2
7455 2741 17
7455 3162 7
7455 7456 19
7455 8575 21
7456 679 6
7456 3383 4
7456 3450 17
7456 3743 9
7456 6748 22
7456 7457 15
7457 2117 17
7457 7064 15
7457 7458 3
7457 9325 3
7458 133 15
7458 5731 12
7458 7459 22
7458 8952 15
7459 2532 13
7459 3055 4
7459 5094 20
7459 7460 5
7459 9730 10
7460 5668 21
7460 7461 17
7461 2047 17
7461 5513 15
7461 7462 11
7462 18 9
7462 2593 9
7462 2598 4
7462 5396 7
7462 7463 10
7462 7531 6
7462 8073 15
7462 9419 4
7462 9538 11
7463 997 14
7463 1006 20
7463 5456 4
7463 7464 7
7464 3443 16
7464 3576 8
7464 4132 9
7464 4195 7
7464 7465 9
7464 9131 19
7464 9999 6
7465 36 20
7465 793 22
7465 3859 4
7465 6192 21
7465 6663 13
7465 7466 4
7465 9904 21
7466 4521 14
7466 7467 12
7466 7500 14
7466 7965 16
7467 966 8
7467 3916 16
7467 6169 10
7467 7468 18
7467 9893 2
7468 568 7
7468 1365 15
7468 2021 23
7468 3565 18
7468 5316 23
7468 6084 22
7468 7469 15
7468 8268 10
7468 9253 10
7469 697 18
7469 786 21
7469 7470 21
7469 9294 11
7469 9505 7
7470 7471 9
7470 8450 11
7470 8563 1
7471 1454 16
7471 2100 20
7471 7472 12
7471 8177 19
7472 720 19
7472 1676 23
7472 2415 22
7472 5132 21
7472 5931 18
7472 7473 2
7473 5055 15
7473 6595 16
7473 7294 23
7473 7474 23
7474 2337 17
7474 4485 18
7474 5147 8
7474 7475 17
7474 8142 21
7475 521 20
7475 5838 15
7475 6063 6
7475 6976 23
7475 7321 20
7475 7476 16
7475 9017 22
7476 283 14
7476 4431 20
7476 7477 18
7476 7847 10
7476 8376 16
7476 9837 3
7477 4024 23
7477 6168 20
7477 7478 11
7477 9946 13
7478 1607 12
7478 4810 1
7478 7479 4
7478 8075 11
7479 2574 21
7479 2770 9
7479 3377 22
7479 6478 23
7479 7480 11
7480 1879 6
7480 2069 5
7480 5095 13
7480 5958 22
7480 6670 10
7480 7481 1
7480 8115 11
7481 639 9
7481 2098 14
7481 7360 1
7481 7482 10
7481 7795 13
7482 701 14
7482 7483 2
7482 8210 1
7483 270 9
7483 2228 7
7483 5100 1
7483 7484 14
7483 7805 9
7484 4976 14
7484 6024 1
7484 7485 17
7484 8234 23
7485 1575 12
7485 7486 10
7486 6087 1
7486 7487 21
7487 618 19
7487 5655 10
7487 7488 2
7487 8361 3
7487 9694 11
7488 1179 8
7488 2230 20
7488 7489 19
7488 7891 14
7488 8561 7
7488 8708 20
7488 9229 2
7488 9681 12
7489 504 6
7489 5805 1
7489 7392 22
7489 7490 4
7489 9788 13
7490 94 5
7490 5056 21
7490 6823 19
7490 7491 6
7491 472 1
7491 883 23
7491 1192 22
7491 7492 1
7492 7398 19
7492 7493 9
7492 8357 22
7493 1160 5
7493 7494 11
7493 9544 21
7493 9771 19
7494 3853 4
7494 4370 9
7494 7495 21
7494 9955 7
7495 1200 8
7495 7496 3
7496 528 1
7496 7497 7
7496 7773 11
7497 55 3
7497 2828 1
7497 4713 20
7497 7470 16
7497 7498 15
7497 8517 6
7498 1001 3
7498 1330 5
7498 7499 15
7498 9293 14
7498 9641 9
7498 9787 12
7499 2826 11
7499 7500 9
7500 954 1
7500 1342 23
7500 3344 19
7500 5571 23
7500 7501 2
7500 8049 11
7500 9388 18
7501 1747 8
7501 7502 6
7502 485 14
7502 2148 7
7502 4124 6
7502 7418 3
7502 7503 13
7503 156 12
7503 2151 15
7503 2564 7
7503 4581 2
7503 7504 16
7503 9321 8
7504 1663 22
7504 4257 4
7504 6034 2
7504 7505 7
7504 7904 17
7505 1593 19
7505 2087 15
7505 2570 6
7505 6572 11
7505 7506 6
7506 1450 12
7506 3727 23
7506 7507 18
7507 303 3
7507 498 1
7507 7349 21
7507 7508 3
7508 897 17
7508 1677 12
7508 1885 12
7508 5788 12
7508 7509 15
7508 9778 13
7509 2628 18
7509 7510 1
7510 1189 1
7510 2401 14
7510 4758 11
7510 6720 16
7510 7511 13
7510 7591 17
7510 8859 4
7510 9099 13
7511 6055 1
7511 7512 23
7511 8984 15
7512 7513 6
7512 8162 23
7513 154 4
7513 521 2
7513 1578 4
7513 2598 12
7513 3699 15
7513 6703 7
7513 7319 1
7513 7514 21
7513 9937 15
7514 1511 14
7514 4398 4
7514 7211 9
7514 7515 21
7514 8660 10
7515 1248 13
7515 3517 22
7515 7516 18
7516 1853 2
7516 3033 9
7516 7517 2
7517 141 21
7517 1909 11
7517 3806 2
7517 7518 15
7518 7519 9
7519 1251 11
7519 2440 20
7519 6643 1
7519 6927 17
7519 7520 8
7519 8387 23
7519 8670 19
7520 7521 12
7520 9946 5
7521 415 10
7521 1428 17
7521 1817 17
7521 4210 11
7521 7522 2
7521 9102 19
7522 5872 4
7522 7225 22
7522 7523 6
7523 2604 18
7523 6396 16
7523 7058 16
7523 7524 12
7523 7884 23
7523 8961 9
7523 9174 20
7524 2194 15
7524 5066 22
7524 5165 7
7524 7525 17
7524 9256 12
7524 9675 6
7525 1873 20
7525 2093 9
7525 5026 6
7525 7526 15
7525 7922 5
7526 296 10
7526 6672 6
7526 7527 19
7527 1202 18
7527 1349 6
7527 4023 21
7527 5993 18
7527 7528 2
7528 679 14
7528 1458 12
7528 2753 10
7528 3628 11
7528 7529 10
7528 7586 3
7529 311 22
7529 2068 12
7529 2515 1
7529 5160 2
7529 7530 15
7529 7846 21
7529 9698 17
7530 579 12
7530 904 16
7530 1293 23
7530 4157 23
7530 7531 15
7531 2137 22
7531 4659 14
7531 6648 8
7531 7532 7
7531 8953 3
7531 9413 12
7532 1376 5
7532 2335 8
7532 5868 21
7532 7533 13
7533 90 3
7533 685 7
7533 2788 6
7533 6354 22
7533 6746 3
7533 7534 16
7533 8429 4
7534 4291 23
7534 6587 18
7534 7052 11
7534 7535 2
7534 7785 17
7534 9050 23
7535 488 8
7535 712 5
7535 2123 12
7535 2649 13
7535 3696 5
7535 4693 5
7535 7536 1
7535 8089 22
7536 500 21
7536 916 6
7536 5600 13
7536 7537 23
7537 4191 4
7537 5891 21
7537 7538 13
7537 8511 1
7538 967 13
7538 6756 17
7538 7539 22
7539 4422 14
7539 6800 2
7539 7540 6
7539 9313 13
7540 4410 23
7540 7541 18
7540 9520 3
7540 9954 3
7541 745 14
7541 7036 12
7541 7542 17
7541 8189 23
7541 9483 7
7542 532 1
7542 832 18
7542 3270 12
7542 7543 3
7542 8019 11
7543 7544 17
7543 7724 1
7544 663 21
7544 5773 7
7544 6508 16
7544 7545 13
7545 1216 16
7545 1539 22
7545 2070 1
7545 2352 12
7545 5443 20
7545 7546 18
7545 8110 13
7546 272 9
7546 361 14
7546 3457 14
7546 7547 22
7547 2907 14
7547 3837 18
7547 5193 21
7547 6038 15
7547 7548 21
7547 9238 19
7548 1843 5
7548 3245 15
7548 3739 2
7548 7549 19
7549 1330 10
7549 4345 13
7549 5098 18
7549 7550 21
7550 4740 20
7550 7551 10
7551 52 6
7551 2042 8
7551 4834 16
7551 7552 4
7552 1089 22
7552 2910 12
7552 3748 16
7552 4286 14
7552 4747 17
7552 7553 1
7552 9800 13
7553 2022 20
7553 4729 6
7553 6172 16
7553 6869 16
7553 7554 21
7553 7641 9
7553 9522 23
7554 1822 16
7554 2671 22
7554 4209 19
7554 7555 16
7555 2017 21
7555 6991 14
7555 7556 17
7556 172 21
7556 7046 19
7556 7557 4
7557 7558 5
7557 8233 20
7557 9762 13
7558 2551 1
7558 5359 17
7558 5372 3
7558 6939 18
7558 7559 4
7559 557 6
7559 902 21
7559 1993 5
7559 2678 11
7559 7560 23
7560 256 12
7560 493 1
7560 6489 8
7560 7132 23
7560 7370 16
7560 7561 16
7561 7562 22
7561 7965 14
7562 2548 2
7562 4364 5
7562 5832 14
7562 6231 14
7562 6338 7
7562 7563 21
7563 7564 4
7564 3456 17
7564 4061 2
7564 6504 13
7564 7565 9
7564 7951 4
7564 9962 15
7565 5493 12
7565 7566 20
7565 9857 3
7566 7567 17
7566 8237 9
7567 371 13
7567 2643 12
7567 6645 16
7567 7568 3
7567 8096 20
7568 719 16
7568 772 14
7568 1584 22
7568 2921 12
7568 5063 3
7568 6572 22
7568 7569 20
7568 8669 11
7569 2986 6
7569 7570 12
7569 8239 19
7569 9300 4
7570 69 10
7570 1060 18
7570 1582 21
7570 2734 9
7570 2925 4
7570 7528 18
7570 7571 23
7571 2766 15
7571 4447 22
7571 6291 19
7571 6741 11
7571 7572 14
7571 9565 20
7572 5987 3
7572 6288 23
7572 6774 19
7572 7573 16
7573 2094 19
7573 3450 1
7573 7574 7
7574 851 23
7574 1157 6
7574 4071 3
7574 7575 5
7574 8402 18
7575 1831 13
7575 7576 14
7575 9413 3
7576 5652 10
7576 5956 5
7576 7577 8
7576 9174 22
7577 837 4
7577 6459 3
7577 7578 16
7577 9996 23
7578 3199 12
7578 4861 9
7578 6479 12
7578 7579 22
7578 7732 12
7578 9089 4
7579 151 20
7579 2576 17
7579 3695 8
7579 7037 6
7579 7580 11
7580 6433 18
7580 7581 3
7581 2605 1
7581 7582 14
7581 9101 19
7582 4177 2
7582 5485 17
7582 6789 9
7582 7583 2
7582 7707 11
7583 2338 12
7583 4095 13
7583 7584 20
7583 9312 6
7583 9411 20
7584 1648 2
7584 7585 16
7585 7586 5
7585 9177 13
7586 3140 5
7586 3605 7
7586 7587 22
7587 1005 15
7587 1384 12
7587 2360 16
7587 3884 23
7587 4716 13
7587 7588 4
7588 345 5
7588 2681 21
7588 3244 18
7588 7589 15
7589 4764 21
7589 5732 2
7589 7590 4
7589 8670 18
7589 9922 12
7590 6587 17
7590 6807 18
7590 7591 19
7590 7950 6
7591 703 8
7591 5788 23
7591 6723 18
7591 7592 5
7592 683 1
7592 6025 13
7592 7593 23
7593 2205 7
7593 2429 6
7593 2619 9
7593 3766 22
7593 5174 13
7593 7594 8
7593 9532 10
7593 9905 17
7594 48 7
7594 602 22
7594 2147 6
7594 3791 18
7594 5757 8
7594 7595 17
7594 8226 18
7595 544 10
7595 2602 11
7595 7596 2
7596 7529 19
7596 7597 16
7597 1557 6
7597 5796 5
7597 7598 4
7597 7911 14
7598 3671 7
7598 3975 16
7598 7599 5
7598 8074 6
7599 717 18
7599 2137 7
7599 3342 21
7599 5952 18
7599 6733 10
7599 7600 9
7600 577 9
7600 1006 7
7600 5560 21
7600 7601 13
7601 525 22
7601 2246 1
7601 4140 1
7601 7602 13
7601 9343 14
7602 823 21
7602 2525 22
7602 2604 7
7602 2994 2
7602 5775 9
7602 7603 19
7602 7809 11
7603 2532 9
7603 7604 20
7603 7979 8
7603 8669 23
7603 9190 12
7604 1038 2
7604 3143 11
7604 7605 10
7604 7659 21
7605 2948 20
7605 3264 12
7605 7606 20
7606 1945 13
7606 2651 8
7606 7607 19
7607 823 14
7607 1647 8
7607 4511 11
7607 7608 4
7608 842 11
7608 2627 2
7608 7609 17
7608 8253 15
7609 1372 11
7609 1906 13
7609 3668 16
7609 4208 20
7609 7610 8
7609 8209 19
7609 9387 18
7610 202 10
7610 1417 16
7610 1873 8
7610 2359 18
7610 5488 6
7610 6285 17
7610 6792 20
7610 7002 23
7610 7611 21
7611 1807 2
7611 6668 4
7611 6964 22
7611 7612 4
7611 9238 12
7612 2734 21
7612 6637 18
7612 7613 15
7612 9404 2
7613 893 21
7613 1001 19
7613 5044 8
7613 7614 1
7614 155 20
7614 1152 17
7614 1716 4
7614 2301 6
7614 5724 21
7614 7615 17
7614 8070 19
7615 1720 11
7615 4972 4
7615 7616 12
7616 1354 20
7616 1902 4
7616 6312 6
7616 7617 5
7616 9286 3
7617 4256 8
7617 6213 9
7617 6641 22
7617 7506 10
7617 7618 8
7617 7845 8
7618 3193 15
7618 4527 17
7618 4745 19
7618 7347 20
7618 7619 1
7618 9140 14
7619 151 21
7619 1464 3
7619 3125 23
7619 3608 5
7619 7100 4
7619 7620 16
7619 8320 21
7619 8586 22
7620 762 14
7620 2874 12
7620 5839 19
7620 7310 20
7620 7621 10
7620 7632 11
7620 7784 8
7620 8871 19
7621 4486 8
7621 4579 5
7621 5359 20
7621 6716 6
7621 7622 16
7621 8189 7
7622 1635 6
7622 1646 7
7622 2143 3
7622 4918 13
7622 7623 18
7622 8295 18
7622 8496 14
7623 880 2
7623 2271 15
7623 7624 23
7624 1712 6
7624 2407 12
7624 6350 9
7624 7625 5
7625 592 3
7625 4036 4
7625 7626 9
7626 1238 23
7626 2609 15
7626 7627 8
7626 8586 5
7627 7622 22
7627 7628 12
7627 8792 6
7628 972 10
7628 7629 2
7629 2460 1
7629 5389 6
7629 6675 5
7629 7630 3
7630 94 18
7630 6380 7
7630 7631 20
7631 1593 13
7631 5714 17
7631 6283 4
7631 6737 13
7631 7632 17
7631 8974 9
7632 1100 8
7632 1850 22
7632 2752 1
7632 4486 21
7632 5016 7
7632 7633 23
7632 8972 8
7633 6281 22
7633 7634 20
7634 681 17
7634 1093 7
7634 2734 7
7634 4077 19
7634 7635 12
7634 9658 23
7635 1788 21
7635 1963 8
7635 7636 14
7636 4651 21
7636 7204 11
7636 7637 15
7637 542 9
7637 1638 18
7637 1835 23
7637 7638 18
7637 7860 23
7638 5298 18
7638 6508 13
7638 7639 5
7639 245 9
7639 5655 12
7639 5919 19
7639 7640 3
7639 7889 1
7640 5418 15
7640 7641 11
7641 101 21
7641 281 14
7641 1934 16
7641 5143 21
7641 7642 7
7641 9056 20
7642 143 12
7642 1083 9
7642 5543 19
7642 7511 17
7642 7643 2
7642 9335 21
7643 5422 2
7643 7644 18
7644 11 19
7644 4032 4
7644 7033 10
7644 7645 5
7644 7705 21
7644 8863 14
7644 9029 16
7645 1518 19
7645 3455 12
7645 7405 23
7645 7646 18
7645 7869 5
7646 857 16
7646 2779 3
7646 3994 16
7646 5185 23
7646 7647 6
7647 2585 8
7647 4641 17
7647 7648 13
7647 8844 16
7648 962 10
7648 1248 14
7648 3231 15
7648 6084 6
7648 7649 10
7649 5672 22
7649 6469 2
7649 7442 18
7649 7650 10
7649 8771 4
7649 9077 17
7650 2075 9
7650 2163 6
7650 7651 8
7650 8158 21
7650 9017 21
7651 1408 8
7651 3248 17
7651 6736 11
7651 7652 11
7652 740 8
7652 2234 5
7652 3141 13
7652 7653 16
7653 7654 22
7654 2607 11
7654 2876 17
7654 6764 14
7654 7655 13
7654 9568 3
7655 1143 1
7655 4599 22
7655 6006 2
7655 6084 9
7655 7656 18
7655 8619 7
7656 2699 16
7656 5099 13
7656 5890 5
7656 7657 23
7656 9261 2
7657 7658 5
7657 8699 19
7657 9485 18
7658 5398 2
7658 5454 21
7658 7659 21
7659 1330 12
7659 3367 14
7659 7456 5
7659 7660 12
7659 8699 4
7659 8997 10
7660 1421 11
7660 3411 17
7660 5755 9
7660 7661 6
7661 3321 1
7661 7212 16
7661 7662 16
7661 8729 5
7661 8795 6
7662 2786 10
7662 2922 20
7662 3500 2
7662 4637 10
7662 5833 10
7662 7663 3
7662 8622 9
7662 9909 13
7662 9989 19
7663 996 10
7663 1401 13
7663 2750 4
7663 3313 13
7663 7664 13
7663 8394 11
7664 955 20
7664 2459 12
7664 7665 1
7664 8941 10
7664 9386 3
7664 9702 19
7665 711 3
7665 1922 6
7665 4617 18
7665 6597 14
7665 7666 1
7666 805 16
7666 2294 4
7666 7667 10
7667 275 19
7667 7668 17
7667 7836 10
7667 8648 15
7668 50 13
7668 526 3
7668 2537 22
7668 3532 18
7668 4996 10
7668 7669 11
7668 7893 4
7668 8926 23
7668 9271 7
7668 9374 11
7669 2277 10
7669 4337 23
7669 7474 13
7669 7670 18
7670 2598 11
7670 4497 7
7670 7671 20
7670 8024 12
7671 1399 2
7671 1476 7
7671 1593 16
7671 1691 1
7671 7672 13
7672 3251 20
7672 7673 8
7672 7879 21
7673 3108 2
7673 7003 18
7673 7674 10
7673 8242 21
7674 699 9
7674 4274 18
7674 7675 22
7674 8509 22
7674 8699 9
7675 7521 6
7675 7676 12
7675 8480 13
7675 9411 2
7676 1342 15
7676 7163 21
7676 7677 21
7677 2505 3
7677 7678 7
7678 1042 13
7678 1359 22
7678 3910 18
7678 4191 12
7678 7679 1
7679 1243 18
7679 6235 10
7679 6809 14
7679 7680 1
7680 51 12
7680 1098 8
7680 7661 1
7680 7681 12
7681 916 15
7681 2229 10
7681 2568 15
7681 3124 10
7681 7682 14
7682 474 21
7682 1409 9
7682 2264 17
7682 3359 16
7682 4085 8
7682 4914 3
7682 5898 16
7682 7683 7
7682 8910 19
7682 9170 9
7683 3615 5
7683 7174 20
7683 7684 8
7684 1040 4
7684 1415 21
7684 1943 21
7684 2958 21
7684 7685 10
7685 2021 4
7685 7686 14
7686 4021 2
7686 4774 6
7686 7687 1
7687 7688 4
7688 2571 17
7688 7689 6
7689 966 9
7689 1012 15
7689 5065 13
7689 5896 7
7689 7356 13
7689 7690 5
7689 7885 8
7689 7916 14
7689 8213 14
7690 1998 4
7690 2682 11
7690 5335 13
7690 7691 11
7690 7995 10
7691 4097 5
7691 6733 1
7691 7692 2
7692 2194 10
7692 3468 23
7692 4227 8
7692 7693 6
7693 2707 17
7693 6277 9
7693 7694 8
7693 9612 14
7694 4026 3
7694 7589 22
7694 7695 23
7694 7816 23
7694 9568 13
7695 2880 17
7695 5532 3
7695 7696 10
7696 2113 7
7696 6580 3
7696 7697 1
7696 9589 4
7697 1103 7
7697 3283 6
7697 6131 10
7697 6771 21
7697 6992 5
7697 7698 10
7697 7900 11
7697 9512 21
7697 9538 12
7698 647 2
7698 1090 23
7698 1440 9
7698 3023 16
7698 7699 23
7698 8486 3
7699 354 18
7699 5886 3
7699 7700 22
7700 5895 6
7700 7701 18
7700 9449 6
7700 9975 19
7701 1925 2
7701 7324 16
7701 7702 20
7701 9093 13
7702 3787 17
7702 4969 23
7702 7615 8
7702 7703 15
7702 8514 16
7703 1717 19
7703 4480 18
7703 4496 6
7703 4536 17
7703 5034 13
7703 6407 8
7703 7704 13
7704 72 3
7704 2891 13
7704 6579 1
7704 7705 17
7704 8769 3
7705 986 12
7705 3886 18
7705 7706 19
7705 7731 6
7706 1621 11
7706 1751 2
7706 2079 23
7706 2753 6
7706 4528 6
7706 5068 19
7706 7707 19
7707 4744 21
7707 6571 8
7707 7708 22
7708 931 17
7708 2274 1
7708 2594 18
7708 3744 13
7708 6178 13
7708 7436 9
7708 7709 12
7708 9334 2
7709 2198 11
7709 7710 11
7710 1190 1
7710 4945 2
7710 7711 23
7711 4737 17
7711 7712 7
7711 8460 15
7712 1163 4
7712 1566 11
7712 3950 7
7712 7132 2
7712 7713 22
7712 7751 19
7712 8219 22
7713 683 8
7713 1217 17
7713 2193 21
7713 5415 8
7713 7714 9
7714 753 19
7714 1485 3
7714 5008 6
7714 5984 17
7714 6683 2
7714 7715 7
7714 9316 16
7715 530 12
7715 874 23
7715 976 16
7715 1921 8
7715 3198 22
7715 6621 9
7715 7675 14
7715 7716 12
7715 8591 8
7716 850 15
7716 5381 8
7716 7717 3
7717 6000 19
7717 7718 16
7717 8059 9
7717 9292 12
7718 34 20
7718 750 19
7718 4421 4
7718 6285 1
7718 6946 16
7718 7178 3
7718 7719 8
7719 2085 17
7719 2349 11
7719 7720 14
7720 7721 4
7720 9160 5
7721 3397 4
7721 5624 21
7721 6218 9
7721 6915 5
7721 7722 13
7721 9513 15
7722 4095 9
7722 5897 19
7722 5952 12
7722 7263 15
7722 7723 10
7723 855 22
7723 7394 2
7723 7724 20
7724 823 21
7724 2137 13
7724 7725 14
7724 8167 2
7725 1974 3
7725 4253 6
7725 6943 19
7725 7726 16
7725 8859 20
7726 333 15
7726 5588 13
7726 7727 16
7726 8243 6
7727 6146 8
7727 7728 1
7728 5044 7
7728 7729 10
7728 9475 23
7729 374 4
7729 2544 5
7729 7730 15
7730 96 21
7730 1156 23
7730 2398 10
7730 5153 10
7730 7490 21
7730 7731 19
7731 704 13
7731 715 22
7731 3473 11
7731 5606 3
7731 7732 8
7731 9467 3
7732 1727 3
7732 2115 20
7732 2136 10
7732 2527 5
7732 3905 15
7732 6056 14
7732 7733 12
7732 8393 7
7733 784 19
7733 1691 1
7733 7734 3
7733 9492 12
7733 9877 12
7734 2310 17
7734 3118 18
7734 3657 17
7734 3877 21
7734 4839 10
7734 7735 7
7735 2359 16
7735 5752 18
7735 7736 6
7735 9600 21
7736 1313 20
7736 4098 15
7736 6031 19
7736 6402 1
7736 7737 6
7736 9273 13
7737 2392 12
7737 3762 2
7737 7738 22
7738 1188 4
7738 6839 16
7738 7589 13
7738 7739 15
7739 6 18
7739 902 1
7739 1282 10
7739 2885 23
7739 3461 7
7739 5947 9
7739 7740 13
7740 645 2
7740 860 21
7740 6112 11
7740 7741 11
7740 7864 17
7741 6209 8
7741 7742 20
7742 2183 1
7742 6431 5
7742 7743 12
7743 1576 15
7743 2295 23
7743 2508 5
7743 2656 5
7743 2749 10
7743 7137 6
7743 7744 21
7743 9950 11
7744 3627 5
7744 7745 23
7744 9290 19
7744 9469 20
7744 9840 21
7745 567 17
7745 4616 5
7745 7746 1
7745 8903 22
7746 942 15
7746 5009 9
7746 7336 15
7746 7636 23
7746 7747 14
7746 8695 14
7747 2616 1
7747 7748 6
7748 2005 1
7748 2782 16
7748 3095 19
7748 4517 4
7748 5786 3
7748 7749 21
7748 9354 8
7749 173 17
7749 830 1
7749 1726 20
7749 4803 21
7749 7229 3
7749 7750 16
7749 8234 10
7750 3178 8
7750 4018 5
7750 7751 19
7750 9091 10
7751 1476 16
7751 7752 10
7751 9859 22
7752 7753 7
7752 8039 12
7752 9802 2
7753 1433 14
7753 3566 4
7753 7754 13
7753 9818 3
7754 1493 19
7754 4021 10
7754 4079 20
7754 4583 2
7754 6051 11
7754 7751 1
7754 7755 6
7754 8548 2
7754 9417 3
7754 9842 16
7755 422 22
7755 1183 17
7755 2580 10
7755 4782 4
7755 7756 10
7756 309 5
7756 3581 2
7756 4869 13
7756 7708 6
7756 7757 5
7756 9533 11
7757 2354 13
7757 7758 22
7758 88 18
7758 690 16
7758 1415 10
7758 2336 17
7758 4292 6
7758 4999 4
7758 7727 17
7758 7759 17
7759 7438 7
7759 7760 10
7760 4608 4
7760 5566 9
7760 7761 1
7760 9469 3
7761 1512 15
7761 4940 16
7761 7762 22
7761 8255 5
7762 2010 19
7762 2144 16
7762 3592 22
7762 7763 5
7762 8559 18
7763 1156 5
7763 5525 2
7763 5541 23
7763 7409 1
7763 7764 4
7763 8291 13
7764 647 21
7764 1091 15
7764 5144 3
7764 7765 4
7764 9673 11
7764 9699 17
7765 650 22
7765 3515 19
7765 5265 18
7765 5277 1
7765 7766 2
7765 7976 17
7766 4250 13
7766 5544 5
7766 7767 11
7766 8491 17
7766 9408 15
7767 418 17
7767 7125 7
7767 7768 13
7767 8429 3
7767 9324 13
7768 949 3
7768 6100 9
7768 7769 12
7768 7822 18
7769 1228 20
7769 2528 11
7769 7174 11
7769 7770 16
7769 8431 19
7769 9571 7
7770 5652 11
7770 7771 13
7770 7789 17
7770 9986 4
7771 56 15
7771 4613 9
7771 4902 21
7771 5311 17
7771 7772 21
7772 529 8
7772 2429 6
7772 4575 2
7772 6467 7
7772 7456 14
7772 7773 2
7773 2582 8
7773 7774 23
7773 8720 3
7773 9045 22
7774 112 6
7774 2484 7
7774 2615 17
7774 7775 11
7775 7776 15
7775 8211 23
7776 3922 16
7776 7104 19
7776 7777 4
7777 1156 15
7777 3723 15
7777 5974 7
7777 7778 21
7777 9161 17
7778 4251 7
7778 4275 9
7778 5393 2
7778 6377 7
7778 7213 13
7778 7779 2
7779 4199 15
7779 6185 8
7779 6263 14
7779 6495 14
7779 7780 20
7780 6174 14
7780 7781 20
7780 7951 3
7780 8428 14
7781 1095 19
7781 1335 11
7781 2879 15
7781 3672 21
7781 7078 8
7781 7782 18
7781 9533 3
7782 3350 3
7782 7783 1
7783 3054 16
7783 5147 10
7783 6506 14
7783 7784 8
7784 728 8
7784 3504 20
7784 5554 3
7784 7013 21
7784 7785 12
7785 7138 4
7785 7786 21
7786 845 8
7786 870 5
7786 1493 3
7786 4732 7
7786 7787 6
7787 5871 10
7787 5885 23
7787 6129 19
7787 7788 17
7788 823 21
7788 833 19
7788 1289 14
7788 1301 10
7788 5756 9
7788 7789 21
7788 8293 14
7789 5546 6
7789 7790 20
7790 275 21
7790 2211 19
7790 3757 16
7790 5189 17
7790 6934 23
7790 7791 23
7791 525 7
7791 963 2
7791 2853 12
7791 3551 17
7791 7792 19
7792 3316 6
7792 3642 6
7792 4655 4
7792 4931 17
7792 6919 11
7792 7793 17
7793 1968 1
7793 4191 7
7793 5594 6
7793 5734 17
7793 7693 12
7793 7794 14
7794 3369 1
7794 4776 16
7794 7795 19
7794 8132 18
7794 9980 8
7795 4454 6
7795 4464 4
7795 7796 4
7796 1237 2
7796 3203 3
7796 3381 19
7796 4128 8
7796 5000 1
7796 6687 18
7796 7797 9
7797 2408 5
7797 4240 8
7797 7798 17
7798 7799 5
7799 5409 18
7799 7649 21
7799 7800 13
7800 1778 22
7800 2796 20
7800 7801 9
7800 8719 1
7800 9051 15
7801 2340 19
7801 2552 13
7801 3692 5
7801 5677 23
7801 5816 1
7801 7061 12
7801 7679 11
7801 7802 1
7802 4646 4
7802 7803 12
7802 8003 15
7802 9525 3
7803 530 21
7803 4771 18
7803 6850 10
7803 7804 12
7803 8828 4
7804 1269 6
7804 6198 7
7804 6661 16
7804 7805 7
7805 1700 2
7805 7806 17
7806 1054 1
7806 6847 21
7806 7807 4
7806 8365 11
7806 9646 6
7807 1816 14
7807 2917 10
7807 4308 14
7807 7808 18
7807 8441 15
7807 8557 6
7807 8867 20
7808 466 5
7808 6334 10
7808 6940 9
7808 7809 20
7809 6913 19
7809 7723 12
7809 7810 17
7810 2396 22
7810 3178 16
7810 4022 3
7810 7811 14
7811 2283 23
7811 2472 1
7811 3850 20
7811 3903 6
7811 4568 2
7811 7305 4
7811 7812 12
7812 534 10
7812 3898 20
7812 7813 18
7812 8205 9
7813 190 11
7813 2757 12
7813 3138 4
7813 5010 14
7813 7814 9
7814 765 11
7814 2225 14
7814 7815 1
7814 8240 4
7814 9108 1
7814 9518 23
7815 736 12
7815 1106 15
7815 7816 10
7815 8553 8
7816 1525 3
7816 7091 3
7816 7817 21
7817 443 2
7817 867 8
7817 7818 22
7817 8977 7
7817 9799 18
7817 9811 2
7818 2224 18
7818 2440 1
7818 4005 21
7818 7819 1
7819 2459 19
7819 4335 12
7819 4942 21
7819 7820 3
7819 9307 16
7820 1128 21
7820 1863 16
7820 2523 12
7820 4065 2
7820 7799 17
7820 7821 7
7821 371 9
7821 7822 6
7821 9359 15
7822 1395 16
7822 3623 4
7822 3796 7
7822 7823 11
7823 224 11
7823 784 20
7823 2068 23
7823 7824 22
7823 9396 4
7824 156 15
7824 2550 8
7824 3122 3
7824 4586 7
7824 7753 16
7824 7825 1
7825 529 8
7825 7726 14
7825 7826 21
7825 8440 9
7825 9518 13
7826 3365 9
7826 3903 7
7826 5393 3
7826 7827 16
7827 7828 22
7827 8235 14
7827 8660 15
7828 620 8
7828 1212 21
7828 1681 10
7828 1869 19
7828 2720 6
7828 3714 2
7828 6200 17
7828 6838 3
7828 7080 11
7828 7829 12
7828 8199 3
7829 189 10
7829 2776 17
7829 6755 13
7829 7830 18
7829 7982 9
7830 7831 21
7831 4434 7
7831 7832 15
7832 4729 11
7832 6604 4
7832 7833 3
7832 9687 12
7833 1249 6
7833 4697 23
7833 6362 19
7833 7035 22
7833 7325 16
7833 7834 8
7834 733 9
7834 4968 16
7834 6156 9
7834 7097 14
7834 7835 8
7834 8512 4
7835 5243 23
7835 5598 3
7835 5808 13
7835 7836 22
7835 8424 11
7836 746 13
7836 1185 15
7836 1554 15
7836 7837 11
7837 342 19
7837 1336 5
7837 4874 8
7837 7838 9
7838 7839 10
7839 1537 17
7839 3299 14
7839 4148 18
7839 4336 2
7839 7840 11
7840 989 12
7840 3330 15
7840 6128 5
7840 7075 16
7840 7841 20
7841 1275 20
7841 4506 10
7841 7842 9
7841 9154 21
7842 745 9
7842 5332 21
7842 7843 17
7842 8560 4
7842 8659 5
7843 4594 20
7843 7844 14
7843 8343 15
7844 1484 19
7844 7220 1
7844 7254 11
7844 7845 11
7845 293 7
7845 1273 12
7845 3925 17
7845 7846 15
7846 612 21
7846 1200 18
7846 2621 9
7846 4701 2
7846 6627 17
7846 7350 5
7846 7847 6
7846 8475 18
7847 7848 23
7848 2813 17
7848 3429 16
7848 5301 13
7848 7849 20
7849 2833 6
7849 5264 12
7849 6207 8
7849 7850 7
7849 8054 4
7850 7736 9
7850 7851 8
7851 1854 1
7851 4409 7
7851 5113 9
7851 5296 4
7851 6962 13
7851 7589 9
7851 7852 9
7852 878 20
7852 2345 21
7852 6139 11
7852 7853 5
7852 9434 11
7853 1216 9
7853 2020 2
7853 3034 21
7853 3904 8
7853 4073 14
7853 5065 8
7853 5484 10
7853 7854 12
7854 117 7
7854 5995 11
7854 7855 12
7854 9047 23
7855 4216 20
7855 7856 14
7856 802 6
7856 2003 8
7856 2254 16
7856 3735 9
7856 5936 11
7856 7857 3
7856 9986 22
7857 1024 6
7857 2057 17
7857 5507 4
7857 6668 21
7857 7858 15
7857 8175 22
7857 9229 15
7857 9882 5
7858 2674 6
7858 4272 13
7858 7416 2
7858 7746 11
7858 7859 17
7859 2742 19
7859 3166 9
7859 4790 8
7859 7860 3
7859 8764 3
7860 1496 11
7860 2654 8
7860 4200 21
7860 7861 17
7861 2703 23
7861 2876 3
7861 4091 9
7861 6875 2
7861 7210 17
7861 7787 19
7861 7862 8
7861 8496 21
7862 7863 21
7862 9988 11
7863 1724 11
7863 2555 13
7863 2772 13
7863 3158 21
7863 6266 12
7863 6438 21
7863 7864 6
7864 1323 23
7864 2342 3
7864 7348 11
7864 7370 10
7864 7865 3
7864 8208 3
7865 2592 9
7865 7866 15
7865 9517 22
7866 111 14
7866 803 7
7866 2548 10
7866 5519 18
7866 7867 11
7867 574 18
7867 1176 9
7867 1716 13
7867 1793 14
7867 1983 13
7867 7868 4
7868 2056 1
7868 7869 2
7869 170 6
7869 1169 17
7869 1893 11
7869 2496 23
7869 7200 7
7869 7870 14
7870 628 5
7870 4071 9
7870 7871 5
7871 1581 5
7871 6926 18
7871 7872 9
7871 9298 2
7872 7423 6
7872 7873 21
7873 1758 15
7873 2860 13
7873 4288 17
7873 5449 15
7873 7199 20
7873 7874 23
7873 9481 23
7874 1157 4
7874 5321 2
7874 6077 15
7874 7875 18
7874 9105 19
7875 7876 8
7875 8212 22
7875 9153 2
7876 549 23
7876 2761 1
7876 5493 21
7876 7873 13
7876 7877 22
7876 9250 16
7876 9855 7
7877 891 16
7877 2217 6
7877 7257 23
7877 7878 23
7878 3986 18
7878 4272 10
7878 7879 22
7879 7880 1
7879 8221 19
7880 3506 9
7880 5106 19
7880 5594 23
7880 7027 21
7880 7881 11
7881 1383 5
7881 5998 16
7881 7648 11
7881 7882 12
7882 820 19
7882 2788 1
7882 6375 13
7882 7883 17
7882 8187 2
7883 3286 20
7883 5451 13
7883 7884 6
7883 8124 20
7883 9779 3
7883 9872 12
7884 726 8
7884 4207 13
7884 6871 2
7884 7227 4
7884 7885 22
7885 7423 15
7885 7886 15
7886 7887 23
7887 2024 19
7887 2383 8
7887 5742 12
7887 7418 8
7887 7888 2
7888 186 21
7888 1495 15
7888 2442 2
7888 7889 19
7889 80 7
7889 3162 10
7889 5023 1
7889 7890 10
7890 7766 3
7890 7891 18
7890 9249 8
7891 2766 4
7891 5003 3
7891 5530 11
7891 5624 6
7891 7444 15
7891 7830 10
7891 7892 14
7892 5260 6
7892 6088 16
7892 7893 23
7892 7988 14
7892 9927 12
7893 2404 5
7893 3205 17
7893 5345 5
7893 5814 8
7893 7894 13
7893 7988 5
7893 9692 21
7894 6568 7
7894 6619 3
7894 7895 22
7894 8006 13
7894 8207 14
7894 9354 8
7895 2983 22
7895 4679 16
7895 4847 11
7895 6323 22
7895 7896 21
7895 8918 6
7896 1959 13
7896 2309 13
7896 3627 6
7896 4424 3
7896 4566 12
7896 5737 11
7896 7236 14
7896 7897 9
7896 9124 9
7896 9502 22
7897 7898 19
7897 8050 5
7897 9222 22
7898 225 23
7898 250 6
7898 5254 19
7898 7421 7
7898 7899 14
7899 984 10
7899 2912 8
7899 4611 18
7899 5545 16
7899 6203 10
7899 6804 18
7899 7900 15
7899 9866 3
7899 9967 2
7900 5253 15
7900 7901 6
7900 8455 17
7900 8851 12
7901 907 21
7901 1615 10
7901 1808 4
7901 3412 14
7901 4702 11
7901 5034 13
7901 5694 5
7901 7902 5
7902 4766 18
7902 6542 15
7902 7903 12
7903 2155 16
7903 7904 10
7904 7905 6
7904 9566 4
7905 6963 22
7905 7121 7
7905 7311 1
7905 7906 18
7905 8242 11
7906 377 17
7906 1356 19
7906 1989 18
7906 3230 23
7906 4702 15
7906 4823 11
7906 7324 7
7906 7907 8
7906 8586 9
7907 1317 7
7907 2837 5
7907 7908 18
7907 9101 6
7908 7909 16
7909 982 18
7909 2951 11
7909 3368 19
7909 7910 4
7910 1005 19
7910 3834 22
7910 6492 5
7910 7911 17
7911 4828 21
7911 7912 15
7912 244 10
7912 1618 1
7912 3463 3
7912 7064 1
7912 7913 2
7913 328 21
7913 1614 5
7913 2866 1
7913 5062 19
7913 6741 9
7913 7669 3
7913 7914 15
7914 359 7
7914 1139 1
7914 1155 4
7914 6299 3
7914 7915 18
7914 9742 23
7914 9971 16
7915 2627 20
7915 3675 10
7915 4158 14
7915 7858 9
7915 7916 22
7915 9916 22
7916 348 3
7916 7917 6
7916 9303 11
7917 1014 11
7917 2525 3
7917 5040 7
7917 7918 11
7918 3751 3
7918 5194 15
7918 7919 11
7918 8238 23
7919 331 2
7919 1271 20
7919 1627 4
7919 2123 22
7919 7920 12
7920 3767 2
7920 4890 18
7920 4924 11
7920 7921 19
7920 9715 13
7921 1985 8
7921 2420 16
7921 7271 10
7921 7503 19
7921 7922 9
7921 8048 11
7921 9644 15
7922 1546 19
7922 2032 13
7922 7923 9
7923 3384 2
7923 3904 4
7923 5808 12
7923 7924 10
7923 7937 7
7923 9626 10
7924 246 22
7924 4405 10
7924 7925 14
7925 6468 10
7925 7126 13
7925 7926 9
7925 8663 10
7925 9646 11
7926 7927 15
7926 8034 14
7927 7431 9
7927 7928 16
7927 9052 1
7927 9114 3
7928 1724 22
7928 2242 11
7928 7929 20
7929 590 8
7929 1234 11
7929 1422 15
7929 2958 13
7929 7930 8
7929 9667 17
7930 397 6
7930 2142 19
7930 2257 4
7930 7229 10
7930 7836 6
7930 7931 3
7931 2483 22
7931 7932 4
7932 544 16
7932 922 2
7932 6072 7
7932 7933 14
7932 8016 10
7933 904 10
7933 1280 12
7933 1446 1
7933 1585 22
7933 2200 16
7933 7934 11
7934 755 15
7934 1900 16
7934 3095 10
7934 3643 5
7934 7935 5
7935 1302 23
7935 3074 7
7935 4094 4
7935 5813 13
7935 6349 13
7935 6957 4
7935 7936 23
7935 8740 8
7936 5211 8
7936 5643 14
7936 6709 23
7936 7370 14
7936 7937 7
7937 2729 6
7937 2881 22
7937 7938 13
7938 3246 23
7938 7939 7
7939 4341 4
7939 7940 12
7940 1287 18
7940 4440 12
7940 7941 9
7940 9700 19
7941 2202 17
7941 3565 1
7941 7942 4
7941 8105 20
7942 676 10
7942 1253 22
7942 2321 5
7942 4066 1
7942 4740 14
7942 7012 2
7942 7943 23
7942 8454 5
7942 9242 21
7943 1814 21
7943 1967 18
7943 7944 7
7943 9832 5
7944 1719 18
7944 3966 20
7944 7243 12
7944 7945 4
7944 9480 10
7945 2420 9
7945 2649 22
7945 6020 7
7945 7946 20
7945 9362 7
7946 7947 11
7947 1762 9
7947 2679 3
7947 2884 23
7947 3004 17
7947 6725 12
7947 6917 2
7947 7571 7
7947 7948 1
7947 8855 22
7947 9192 12
7948 1049 16
7948 7858 1
7948 7949 3
7948 9271 12
7949 177 4
7949 5194 11
7949 5306 15
7949 5602 2
7949 5865 17
7949 7950 20
7950 1491 4
7950 7951 10
7951 7952 3
7951 9765 4
7952 807 6
7952 4011 13
7952 4224 2
7952 4435 14
7952 5927 5
7952 7953 18
7953 1192 15
7953 5427 22
7953 6918 23
7953 7954 11
7953 8590 14
7953 9511 7
7954 1248 23
7954 1706 8
7954 3167 10
7954 4040 3
7954 7955 11
7955 321 4
7955 1625 6
7955 3741 22
7955 5663 8
7955 7956 18
7956 3535 1
7956 3883 14
7956 4840 10
7956 6593 1
7956 7383 17
7956 7957 2
7957 488 5
7957 1233 12
7957 1242 18
7957 7958 11
7958 1325 17
7958 6151 13
7958 7323 20
7958 7959 14
7959 1726 7
7959 3612 15
7959 4495 9
7959 5160 3
7959 7960 16
7960 4216 5
7960 7961 12
7960 9546 20
7961 371 4
7961 1831 2
7961 4542 22
7961 5803 3
7961 7962 13
7961 9681 2
7962 5001 9
7962 7963 11
7962 8682 10
7962 9151 3
7962 9363 11
7963 1161 21
7963 2271 16
7963 4158 20
7963 6024 1
7963 6373 4
7963 7964 22
7964 199 11
7964 272 21
7964 742 13
7964 866 4
7964 1277 14
7964 1561 2
7964 1638 23
7964 1648 8
7964 6839 13
7964 7965 23
7964 8603 2
7964 9524 17
7965 27 7
7965 4189 8
7965 4900 11
7965 6282 10
7965 7966 22
7965 8448 18
7966 3150 1
7966 7967 8
7966 9643 18
7967 513 6
7967 997 2
7967 2041 20
7967 7075 4
7967 7816 8
7967 7968 18
7968 301 6
7968 4859 13
7968 7969 2
7968 9121 5
7969 1072 10
7969 3429 23
7969 3552 2
7969 7970 6
7969 8427 5
7970 2108 2
7970 7971 18
7970 8881 7
7971 2727 9
7971 4836 2
7971 7150 6
7971 7972 9
7972 2621 16
7972 3588 1
7972 4860 8
7972 5485 1
7972 7400 15
7972 7973 16
7973 263 17
7973 486 20
7973 2286 11
7973 6426 20
7973 7252 4
7973 7974 18
7974 769 23
7974 796 13
7974 978 3
7974 2128 21
7974 7975 4
7974 9028 13
7974 9834 15
7975 243 3
7975 4238 13
7975 6045 20
7975 7976 21
7975 9240 3
7975 9355 23
7976 3622 19
7976 5963 19
7976 7977 18
7977 3771 3
7977 5558 17
7977 6220 11
7977 6766 8
7977 7978 11
7978 7979 3
7979 1009 19
7979 7436 15
7979 7980 7
7980 2725 4
7980 6913 6
7980 7981 17
7981 754 1
7981 5797 3
7981 7738 19
7981 7982 2
7982 27 11
7982 1446 20
7982 3306 21
7982 7983 16
7983 2877 9
7983 7885 1
7983 7984 23
7983 9304 9
7984 677 16
7984 3905 19
7984 7985 5
7984 9685 2
7985 5281 3
7985 6447 22
7985 7556 20
7985 7986 2
7986 785 20
7986 5204 19
7986 7987 6
7987 5741 16
7987 7988 12
7988 3318 15
7988 3772 16
7988 4293 1
7988 6444 23
7988 7989 7
7989 2378 19
7989 6474 15
7989 7990 15
7989 9745 5
7990 1042 10
7990 1834 9
7990 3396 6
7990 5922 12
7990 6204 15
7990 7991 20
7990 8598 6
7990 9695 1
7991 31 20
7991 1900 8
7991 2180 2
7991 7758 17
7991 7813 18
7991 7881 16
7991 7992 21
7992 4 2
7992 2554 14
7992 7993 4
7993 1822 18
7993 4359 12
7993 6967 13
7993 7994 4
7993 9098 14
7993 9866 13
7994 3523 19
7994 4933 5
7994 7377 17
7994 7593 5
7994 7995 7
7995 2674 17
7995 3293 20
7995 3593 8
7995 5954 7
7995 6592 23
7995 7467 2
7995 7917 17
7995 7996 23
7996 1104 5
7996 1903 21
7996 7997 10
7997 4764 1
7997 7998 1
7998 226 16
7998 3215 7
7998 4235 22
7998 5001 13
7998 7999 17
7998 8242 21
7998 9260 6
7999 2352 2
7999 4411 17
7999 6421 21
7999 8000 10
8000 506 21
8000 2683 22
8000 3445 1
8000 3590 5
8000 4044 14
8000 6696 8
8000 8001 13
8001 2189 9
8001 6478 9
8001 8002 2
8001 9025 21
8002 1874 18
8002 2353 21
8002 2492 20
8002 4246 9
8002 8003 17
8003 4564 11
8003 5379 4
8003 5387 1
8003 5390 2
8003 7466 15
8003 8004 17
8003 9031 4
8004 2032 4
8004 2185 15
8004 8005 21
8004 9208 2
8005 7385 23
8005 8006 18
8006 2762 12
8006 3181 3
8006 8007 1
8006 8232 1
8007 6873 8
8007 8008 9
8008 1009 9
8008 8009 9
8008 8134 8
8009 8010 6
8010 1187 14
8010 3146 12
8010 7520 20
8010 7790 3
8010 7943 1
8010 8011 19
8010 9255 14
8011 1318 17
8011 2023 10
8011 3004 20
8011 8012 18
8011 8833 16
8012 561 16
8012 604 21
8012 2243 15
8012 2696 2
8012 3501 12
8012 8013 6
8013 1444 7
8013 8014 3
8014 1371 6
8014 2104 16
8014 5161 9
8014 8015 22
8014 8896 2
8015 469 10
8015 4155 11
8015 5108 4
8015 5640 20
8015 8016 7
8016 2170 20
8016 2329 20
8016 5081 2
8016 8017 20
8017 1410 11
8017 3445 16
8017 4854 23
8017 5748 3
8017 6941 23
8017 7589 7
8017 8018 4
8018 1352 19
8018 5230 9
8018 6315 6
8018 7301 8
8018 7599 23
8018 8019 19
8019 280 15
8019 1294 23
8019 3522 18
8019 4022 10
8019 7479 17
8019 7885 12
8019 7957 13
8019 8020 16
8019 8599 22
8020 4244 19
8020 6148 3
8020 6650 14
8020 7118 11
8020 8021 9
8021 931 5
8021 7982 14
8021 8022 11
8022 4120 4
8022 8023 15
8023 4475 13
8023 5928 20
8023 6966 8
8023 8024 21
8024 1940 15
8024 1944 9
8024 8025 22
8025 1736 20
8025 3137 8
8025 8026 16
8026 1320 13
8026 1331 2
8026 2245 7
8026 2785 1
8026 3305 7
8026 8027 3
8027 1121 15
8027 6473 16
8027 8028 8
8028 566 11
8028 1669 2
8028 6218 22
8028 8029 21
8029 68 19
8029 2817 19
8029 5885 19
8029 8030 21
8029 8734 14
8030 2028 4
8030 3911 7
8030 6598 1
8030 8031 8
8031 981 9
8031 1178 4
8031 4068 12
8031 8032 7
8031 9879 17
8032 1697 22
8032 6268 23
8032 8033 6
8032 9525 4
8033 26 12
8033 3482 9
8033 8034 22
8034 6917 15
8034 8035 14
8035 2015 22
8035 8036 2
8035 9499 10
8036 2012 11
8036 3590 3
8036 4984 11
8036 8037 22
8037 4852 13
8037 5139 3
8037 8038 20
8038 3825 18
8038 5708 15
8038 7396 12
8038 7931 8
8038 8039 4
8039 3382 18
8039 5183 4
8039 6929 13
8039 8040 17
8040 344 21
8040 3886 12
8040 3947 16
8040 6923 18
8040 7477 16
8040 8041 1
8041 312 18
8041 1410 23
8041 2395 17
8041 8042 12
8041 8735 13
8042 1476 18
8042 8043 21
8042 8662 11
8043 4391 2
8043 8044 2
8043 8246 6
8044 272 6
8044 8045 17
8044 8194 20
8044 8680 6
8045 1747 6
8045 1769 1
8045 1880 17
8045 1945 22
8045 5868 16
8045 6879 1
8045 8046 2
8045 9353 5
8046 234 4
8046 4050 20
8046 5026 4
8046 5479 20
8046 5695 14
8046 8047 21
8047 341 19
8047 2503 12
8047 3098 17
8047 5744 3
8047 7027 15
8047 7922 6
8047 8048 19
8048 2734 3
8048 3226 4
8048 3986 13
8048 4648 14
8048 7370 18
8048 8049 11
8049 5264 10
8049 5339 16
8049 5514 10
8049 7555 3
8049 8050 9
8050 102 1
8050 1808 9
8050 2553 8
8050 3011 19
8050 8051 22
8050 8741 11
8051 4374 2
8051 4550 16
8051 8052 12
8051 9068 11
8051 9959 22
8052 1367 10
8052 2319 5
8052 2715 11
8052 4097 13
8052 5784 12
8052 8053 15
8053 1173 11
8053 1957 3
8053 8054 10
8054 1387 7
8054 4273 19
8054 8055 13
8054 8545 4
8054 9006 12
8055 726 1
8055 2944 3
8055 8056 1
8056 1244 1
8056 5639 1
8056 8057 8
8057 468 20
8057 1115 11
8057 1424 9
8057 3167 1
8057 6918 14
8057 8058 10
8057 9005 22
8058 3797 12
8058 8059 22
8058 9953 1
8059 1602 17
8059 4230 10
8059 5481 10
8059 8060 15
8059 8751 21
8060 1877 14
8060 3405 15
8060 8061 18
8061 296 12
8061 323 8
8061 1965 5
8061 2807 17
8061 8062 15
8061 8800 8
8062 3036 4
8062 4761 16
8062 5935 6
8062 6057 4
8062 6222 3
8062 8063 18
8062 9310 17
8063 993 14
8063 7177 8
8063 8064 3
8063 8242 11
8064 2872 22
8064 4745 11
8064 6739 10
8064 7619 4
8064 8065 1
8064 9749 11
8065 915 8
8065 1592 13
8065 5453 6
8065 8066 23
8066 5198 4
8066 6905 15
8066 8067 21
8066 9499 17
8067 1300 10
8067 4188 13
8067 4222 23
8067 7240 17
8067 8068 6
8068 1075 21
8068 3392 10
8068 6978 5
8068 8069 12
8069 1605 13
8069 8070 1
8069 9655 9
8070 2103 11
8070 6316 10
8070 8071 22
8071 1282 18
8071 1895 12
8071 4754 19
8071 5579 18
8071 8072 10
8072 3474 17
8072 4554 23
8072 5008 23
8072 5568 6
8072 8073 4
8073 1327 7
8073 2855 6
8073 8074 7
8074 652 12
8074 2762 8
8074 3292 6
8074 3559 18
8074 4204 12
8074 4949 11
8074 6999 4
8074 8075 5
8074 8185 11
8075 724 4
8075 1282 18
8075 8076 17
8076 1404 3
8076 2427 20
8076 2488 15
8076 5491 15
8076 6636 1
8076 7798 23
8076 8077 7
8076 8853 5
8077 328 13
8077 4979 22
8077 5781 5
8077 8078 18
8077 8944 11
8078 1168 11
8078 2629 12
8078 5939 5
8078 6106 16
8078 8079 23
8078 9780 20
8079 2816 3
8079 8080 6
8080 5552 5
8080 5745 19
8080 8081 15
8081 1197 14
8081 1781 18
8081 3525 1
8081 4582 19
8081 5209 4
8081 6858 20
8081 8082 12
8081 8924 22
8082 711 23
8082 1144 7
8082 3194 23
8082 7039 22
8082 8083 6
8082 8771 23
8083 1320 7
8083 3683 22
8083 5092 5
8083 8084 9
8083 9337 3
8084 46 11
8084 1946 13
8084 8085 20
8085 8086 1
8085 8287 19
8086 3291 4
8086 3361 14
8086 6139 4
8086 8087 12
8087 195 8
8087 6085 5
8087 6635 5
8087 8088 1
8087 9882 10
8088 1552 10
8088 8089 13
8089 5049 22
8089 8090 18
8089 8641 6
8090 3031 11
8090 3816 20
8090 7881 5
8090 8091 18
8091 624 13
8091 2224 4
8091 6847 23
8091 7985 10
8091 8092 1
8092 1116 11
8092 1149 20
8092 4338 22
8092 6084 9
8092 7404 13
8092 8093 11
8093 3929 23
8093 8094 2
8094 2588 5
8094 8095 15
8095 1298 13
8095 1691 21
8095 4714 19
8095 6508 21
8095 7163 20
8095 7234 17
8095 8096 4
8096 1767 2
8096 3866 11
8096 6476 20
8096 8097 16
8097 5540 21
8097 8098 18
8098 1089 22
8098 4442 17
8098 7017 2
8098 8099 11
8098 8475 21
8099 1102 9
8099 2088 3
8099 8100 6
8100 1512 1
8100 2317 10
8100 7138 9
8100 8101 7
8100 8163 11
8100 8435 18
8100 9121 6
8101 30 10
8101 4717 21
8101 7838 15
8101 8102 5
8101 9423 15
8102 17 22
8102 1381 17
8102 5014 1
8102 5480 21
8102 8103 18
8103 2568 3
8103 6792 5
8103 7206 16
8103 8104 11
8104 6643 21
8104 8105 22
8104 8168 3
8104 9157 15
8104 9384 18
8105 1658 5
8105 5806 16
8105 6433 9
8105 8106 3
8105 9602 20
8106 5 2
8106 286 15
8106 1959 15
8106 4972 4
8106 7894 6
8106 8107 10
8106 9207 10
8107 8108 5
8108 1803 9
8108 3520 13
8108 8109 7
8108 9012 12
8108 9900 21
8109 160 19
8109 341 20
8109 1896 1
8109 4899 15
8109 4933 9
8109 6497 4
8109 8110 19
8110 1045 3
8110 3544 22
8110 6181 23
8110 8111 1
8111 1803 17
8111 2464 13
8111 7968 11
8111 8112 13
8112 2564 16
8112 3513 1
8112 5002 14
8112 8113 21
8113 6977 14
8113 8114 13
8114 477 20
8114 4547 5
8114 6613 20
8114 8115 22
8115 727 14
8115 4544 1
8115 5262 20
8115 8116 19
8115 8741 18
8116 2895 20
8116 2982 17
8116 3613 18
8116 7157 3
8116 8117 23
8116 9623 18
8117 316 11
8117 4765 3
8117 5212 16
8117 5414 15
8117 8118 1
8118 5223 3
8118 6412 2
8118 6504 23
8118 8119 1
8119 281 6
8119 657 19
8119 2568 9
8119 5459 19
8119 7724 10
8119 8120 21
8119 8396 12
8119 9345 14
8119 9508 6
8119 9557 8
8120 1738 9
8120 4721 22
8120 4820 11
8120 6703 3
8120 8030 16
8120 8121 13
8120 8724 1
8120 9418 10
8121 2704 16
8121 8122 11
8121 8952 12
8122 1138 23
8122 2108 22
8122 5017 23
8122 5147 21
8122 8123 2
8122 9857 1
8123 1377 20
8123 1393 13
8123 1480 1
8123 5812 17
8123 5939 16
8123 8073 1
8123 8124 21
8123 9770 20
8123 9940 22
8124 8125 16
8124 9136 21
8125 5474 20
8125 8057 11
8125 8126 5
8125 8177 20
8125 9556 17
8126 8127 8
8127 350 17
8127 8128 12
8128 1150 7
8128 1631 6
8128 2620 14
8128 8129 9
8129 6346 6
8129 8130 8
8130 3578 17
8130 6648 9
8130 6761 13
8130 8131 15
8131 378 2
8131 1187 14
8131 5157 9
8131 5211 10
8131 5636 3
8131 7634 3
8131 8132 3
8131 9121 13
8132 32 17
8132 7945 1
8132 8133 8
8133 338 14
8133 4991 18
8133 7151 1
8133 8134 8
8134 692 11
8134 891 2
8134 3593 5
8134 4517 16
8134 4578 5
8134 4891 6
8134 8135 17
8134 8830 12
8135 160 13
8135 6902 21
8135 8136 17
8136 2292 20
8136 3535 15
8136 8137 23
8137 873 11
8137 2496 1
8137 6384 1
8137 8138 8
8137 8593 17
8138 93 22
8138 782 1
8138 2383 17
8138 2589 12
8138 6398 14
8138 8139 21
8139 1259 5
8139 3867 7
8139 7290 5
8139 8140 20
8140 8141 12
8140 8487 21
8140 9431 9
8141 844 19
8141 2679 20
8141 2818 12
8141 8062 13
8141 8142 23
8141 8428 12
8142 905 15
8142 1205 20
8142 8143 3
8143 1293 5
8143 5313 14
8143 5328 3
8143 6931 23
8143 8144 20
8143 8663 18
8143 9531 20
8144 969 10
8144 1248 12
8144 2782 17
8144 3273 22
8144 3560 20
8144 5338 13
8144 8145 21
8145 1773 9
8145 7184 2
8145 7917 9
8145 8146 10
8146 4025 21
8146 4090 19
8146 5356 8
8146 8147 20
8146 9111 18
8146 9192 16
8147 951 7
8147 2908 16
8147 4321 17
8147 8148 18
8148 1584 14
8148 2236 10
8148 3471 20
8148 8149 12
8149 2819 12
8149 3026 12
8149 5420 6
8149 8150 13
8150 1072 21
8150 3931 10
8150 8151 9
8151 59 5
8151 518 22
8151 1292 11
8151 4265 12
8151 4314 18
8151 8152 2
8151 9556 8
8152 402 17
8152 2690 7
8152 3215 11
8152 3532 10
8152 7803 9
8152 8153 1
8152 8614 10
8153 2274 16
8153 2641 1
8153 2995 13
8153 6312 10
8153 8154 3
8153 9068 22
8153 9492 4
8154 8042 4
8154 8155 17
8155 6745 17
8155 6990 22
8155 8156 13
8156 3076 10
8156 4510 18
8156 6305 1
8156 8157 15
8157 2733 20
8157 5962 18
8157 8158 5
8157 9461 16
8158 8159 18
8158 9279 23
8159 1594 20
8159 2411 23
8159 6215 8
8159 6897 18
8159 8160 9
8159 8313 5
8159 9700 16
8160 2146 19
8160 2476 10
8160 7179 6
8160 8161 13
8161 1812 13
8161 8162 11
8162 2690 1
8162 4315 13
8162 4409 14
8162 7940 8
8162 8163 17
8163 1620 16
8163 2338 17
8163 6301 13
8163 7337 9
8163 7600 2
8163 7829 8
8163 8164 14
8163 8260 10
8164 1645 13
8164 5349 14
8164 8165 17
8165 2209 10
8165 8166 20
8166 2123 21
8166 4217 11
8166 4329 4
8166 8167 6
8167 2347 18
8167 5522 9
8167 7883 20
8167 8168 5
8167 8976 6
8168 120 6
8168 856 18
8168 1602 13
8168 1686 21
8168 2286 2
8168 3743 22
8168 3897 7
8168 5276 12
8168 6416 19
8168 7011 5
8168 7860 2
8168 8169 2
8169 646 15
8169 4550 9
8169 5110 1
8169 6421 21
8169 6587 3
8169 8170 3
8169 8835 6
8170 649 15
8170 1770 18
8170 2744 11
8170 7314 13
8170 8171 7
8171 8172 6
8171 9642 11
8172 804 12
8172 3278 2
8172 4984 7
8172 6021 3
8172 7238 1
8172 7247 13
8172 8173 7
8173 2173 17
8173 6127 9
8173 6269 21
8173 7224 15
8173 8174 21
8173 9508 16
8174 1548 18
8174 1726 10
8174 7324 18
8174 8175 14
8174 8180 17
8175 2688 14
8175 3880 9
8175 4242 6
8175 7846 8
8175 8176 22
8176 1107 3
8176 2303 2
8176 4165 2
8176 8177 12
8176 8450 7
8177 193 17
8177 2111 17
8177 6217 10
8177 8178 7
8178 268 14
8178 8179 21
8178 9245 20
8178 9555 15
8179 5066 3
8179 6643 19
8179 8180 21
8180 2312 10
8180 8181 8
8181 2902 9
8181 6251 23
8181 7930 17
8181 8182 4
8182 7325 22
8182 8183 4
8183 1381 5
8183 2416 6
8183 8184 1
8183 9353 17
8184 2000 17
8184 6732 18
8184 8185 9
8184 9039 12
8185 1391 8
8185 4141 10
8185 8186 5
8185 8689 20
8186 816 14
8186 1010 19
8186 1039 5
8186 5549 22
8186 8187 16
8186 8633 18
8187 3019 5
8187 4369 13
8187 7678 20
8187 8188 12
8188 209 21
8188 1211 2
8188 1878 3
8188 5085 23
8188 8189 16
8188 9046 15
8189 280 6
8189 2188 22
8189 3142 10
8189 8190 8
8190 1604 8
8190 5357 22
8190 5909 5
8190 6766 12
8190 8191 23
8190 8870 16
8191 465 16
8191 1729 17
8191 3008 5
8191 3636 10
8191 4592 5
8191 5452 4
8191 6485 12
8191 7983 19
8191 8192 3
8191 8819 3
8191 9354 18
8192 187 4
8192 223 10
8192 1644 20
8192 2597 18
8192 7690 12
8192 8193 21
8192 9112 10
8193 2268 11
8193 5102 2
8193 6719 8
8193 8194 1
8193 9770 18
8194 1913 7
8194 2110 18
8194 5409 6
8194 6011 5
8194 8195 22
8194 8609 1
8195 2728 17
8195 3128 23
8195 7112 8
8195 7976 16
8195 8196 21
8195 8753 17
8196 118 3
8196 966 15
8196 3102 12
8196 3403 9
8196 8197 1
8196 8268 11
8196 8798 16
8197 981 20
8197 1621 20
8197 2178 5
8197 8198 8
8197 8813 20
8197 9820 2
8198 859 4
8198 8199 5
8198 8721 17
8198 9728 12
8199 2047 7
8199 4473 17
8199 4929 8
8199 8200 10
8199 9670 14
8200 1930 9
8200 6930 12
8200 8201 20
8201 1061 19
8201 1370 13
8201 3133 12
8201 3467 11
8201 3501 15
8201 4639 3
8201 8202 7
8201 9254 13
8202 5550 14
8202 8203 6
8202 9062 20
8202 9628 7
8203 1039 8
8203 1369 10
8203 3018 4
8203 3154 19
8203 5277 19
8203 7899 22
8203 8204 4
8204 3502 15
8204 4981 20
8204 8205 3
8205 2983 19
8205 3690 13
8205 8206 12
8206 931 11
8206 1235 1
8206 2429 4
8206 3360 17
8206 7749 5
8206 8207 21
8206 8330 7
8206 9032 15
8207 3507 21
8207 3966 11
8207 6187 3
8207 6905 17
8207 8208 7
8208 753 22
8208 3522 21
8208 5134 22
8208 5415 5
8208 5611 1
8208 5818 6
8208 5846 18
8208 8209 19
8209 5573 1
8209 8210 2
8210 360 3
8210 1733 1
8210 2268 22
8210 2895 16
8210 3156 13
8210 4350 23
8210 7962 20
8210 8211 13
8211 8212 22
8211 9209 17
8212 2715 23
8212 3488 17
8212 4958 19
8212 6106 3
8212 8213 20
8213 2377 11
8213 8214 13
8214 841 4
8214 1482 2
8214 2699 7
8214 3023 7
8214 4044 7
8214 7428 13
8214 8215 11
8215 45 16
8215 1828 8
8215 2370 10
8215 6508 3
8215 8216 6
8215 8963 11
8216 364 17
8216 952 3
8216 2270 11
8216 4241 11
8216 5446 5
8216 5791 14
8216 6550 21
8216 8217 5
8217 232 12
8217 4140 2
8217 4300 15
8217 8218 23
8218 793 21
8218 5330 7
8218 8219 10
8218 9739 10
8219 2187 16
8219 2730 17
8219 4129 8
8219 5426 18
8219 5965 21
8219 8220 7
8219 9819 21
8220 3576 22
8220 4072 18
8220 5858 6
8220 5960 12
8220 8221 8
8220 8856 5
8220 9558 4
8221 1016 12
8221 2925 18
8221 3537 22
8221 3706 12
8221 5313 15
8221 5472 20
8221 8222 5
8221 9606 23
8222 670 11
8222 8223 23
8222 9511 10
8222 9976 9
8223 4595 6
8223 8224 17
8223 8339 23
8224 3380 1
8224 3679 4
8224 5024 19
8224 5481 12
8224 8225 13
8224 8475 9
8225 712 22
8225 6967 22
8225 8226 21
8225 9821 6
8225 9902 16
8226 227 13
8226 1584 18
8226 4373 20
8226 6252 8
8226 7059 8
8226 8227 6
8226 9082 18
8227 2179 4
8227 2733 9
8227 8228 13
8228 284 10
8228 911 15
8228 3208 2
8228 5012 4
8228 8229 21
8229 7844 5
8229 7929 11
8229 8230 4
8230 631 12
8230 2271 7
8230 6890 16
8230 8231 3
8230 8624 3
8231 78 2
8231 5223 12
8231 8232 19
8232 2461 13
8232 6684 12
8232 8233 23
8232 8582 16
8233 456 4
8233 1277 12
8233 3786 22
8233 6099 22
8233 8234 15
8234 1182 8
8234 1925 8
8234 8235 16
8235 119 2
8235 3323 17
8235 6073 3
8235 6141 3
8235 6519 7
8235 8236 19
8235 8799 3
8236 1217 7
8236 2845 6
8236 3448 18
8236 8237 5
8236 9685 6
8237 1165 4
8237 2344 15
8237 5776 13
8237 5890 2
8237 8238 5
8237 9442 2
8238 1289 18
8238 2116 13
8238 8239 15
8239 2924 11
8239 4181 5
8239 5111 8
8239 5326 13
8239 5520 10
8239 6864 5
8239 8240 12
8239 9667 16
8240 162 5
8240 631 6
8240 6197 21
8240 6708 1
8240 8241 16
8240 8408 10
8241 28 17
8241 1676 10
8241 2197 12
8241 2335 3
8241 5933 4
8241 6749 13
8241 7021 9
8241 7363 23
8241 8242 4
8242 544 7
8242 2353 23
8242 6709 17
8242 7351 23
8242 8243 3
8242 8893 21
8243 1089 10
8243 1420 3
8243 6004 19
8243 8244 1
8244 2383 19
8244 5561 6
8244 8245 6
8244 8844 16
8244 9624 11
8245 669 12
8245 1512 18
8245 3128 6
8245 4799 13
8245 6649 3
8245 8246 12
8246 510 14
8246 2619 13
8246 5099 17
8246 8247 23
8247 8147 21
8247 8248 3
8247 8655 21
8248 6837 2
8248 8249 4
8249 606 1
8249 5797 15
8249 8250 15
8250 903 14
8250 3417 3
8250 6008 12
8250 8251 7
8250 8966 21
8251 1308 1
8251 6975 4
8251 8252 22
8252 4843 21
8252 4970 13
8252 6224 23
8252 6941 4
8252 8253 10
8253 4235 17
8253 5055 15
8253 8011 8
8253 8254 12
8254 1220 15
8254 4547 16
8254 6568 23
8254 8255 14
8254 8412 3
8255 1186 18
8255 3292 20
8255 4072 21
8255 8256 7
8255 8267 10
8255 8433 15
8256 83 1
8256 5324 17
8256 6817 20
8256 8257 16
8257 17 4
8257 1826 7
8257 8258 14
8257 8306 10
8258 109 8
8258 1284 11
8258 1710 16
8258 1964 21
8258 3580 13
8258 8032 17
8258 8259 20
8258 9046 4
8259 8260 9
8259 8797 18
8260 1264 4
8260 6987 11
8260 8261 4
8260 9630 20
8261 319 15
8261 8262 4
8262 8263 12
8263 730 17
8263 955 6
8263 8264 14
8263 8909 16
8264 3304 1
8264 3483 2
8264 8265 1
8264 9907 5
8265 224 9
8265 2228 13
8265 3707 7
8265 7265 3
8265 8266 6
8266 3142 17
8266 7155 22
8266 8267 3
8267 2313 12
8267 4136 16
8267 4330 22
8267 6071 18
8267 8268 10
8268 8269 13
8269 809 20
8269 2427 1
8269 2810 23
8269 6872 12
8269 7137 17
8269 8270 20
8269 9428 12
8269 9648 4
8270 1762 12
8270 2100 8
8270 2516 17
8270 5145 15
8270 8271 11
8271 230 7
8271 346 4
8271 611 1
8271 2915 14
8271 6642 13
8271 7387 7
8271 8272 13
8271 9513 5
8272 618 18
8272 1707 19
8272 1934 20
8272 5221 15
8272 6432 11
8272 8273 6
8272 8918 17
8273 3718 9
8273 5090 21
8273 8274 9
8274 1190 16
8274 5386 12
8274 6242 7
8274 6299 21
8274 8275 7
8274 8537 14
8275 630 13
8275 2849 1
8275 5270 22
8275 8276 10
8276 3543 23
8276 6606 2
8276 8277 18
8276 8328 18
8277 896 19
8277 1200 21
8277 1961 20
8277 8206 19
8277 8278 22
8278 4265 8
8278 4431 6
8278 7617 1
8278 8279 1
8278 8400 1
8278 8941 23
8279 981 22
8279 1566 18
8279 2709 18
8279 8280 17
8280 1212 16
8280 6095 16
8280 8281 2
8281 7422 11
8281 8282 4
8281 9412 19
8282 4896 6
8282 8283 11
8282 9868 22
8283 71 12
8283 2264 19
8283 3395 23
8283 8284 12
8284 607 19
8284 3171 5
8284 6357 18
8284 6440 16
8284 8285 11
8285 32 3
8285 680 4
8285 2453 20
8285 2618 8
8285 2961 18
8285 3674 11
8285 6229 22
8285 8286 18
8286 362 20
8286 1041 5
8286 1649 1
8286 3233 11
8286 4087 20
8286 7639 20
8286 8287 22
8287 5820 9
8287 8288 5
8288 2487 16
8288 5842 9
8288 7000 10
8288 8289 21
8289 5885 18
8289 6764 16
8289 7409 11
8289 8290 19
8290 321 19
8290 3309 2
8290 4356 15
8290 6917 17
8290 7426 22
8290 8027 8
8290 8291 5
8290 8899 21
8291 2283 4
8291 5094 21
8291 8292 11
8292 156 10
8292 164 13
8292 310 19
8292 1150 11
8292 2293 9
8292 6974 10
8292 8279 18
8292 8293 11
8293 5194 22
8293 6391 20
8293 8294 11
8293 8691 3
8293 9351 23
8294 309 2
8294 1922 5
8294 2858 13
8294 6811 1
8294 8263 3
8294 8295 9
8294 8694 15
8294 9127 23
8295 1659 1
8295 2759 3
8295 8296 4
8295 8530 10
8296 7218 2
8296 8297 21
8296 9474 20
8297 3756 16
8297 5874 23
8297 8298 3
8298 2257 5
8298 2627 1
8298 4778 13
8298 7076 22
8298 8299 20
8298 9332 19
8299 1792 7
8299 3054 15
8299 5030 9
8299 6939 6
8299 7637 1
8299 8300 12
8299 8347 17
8300 710 21
8300 4465 8
8300 5559 17
8300 8301 1
8301 8302 21
8302 796 18
8302 963 13
8302 1156 8
8302 3149 7
8302 3897 9
8302 8303 17
8303 691 5
8303 1075 8
8303 2132 21
8303 6167 5
8303 6967 13
8303 8304 13
8304 1381 7
8304 1716 1
8304 4980 4
8304 7329 18
8304 8305 10
8305 1309 7
8305 2314 23
8305 2396 1
8305 8306 6
8305 8348 5
8305 8409 9
8306 380 14
8306 1910 11
8306 5028 21
8306 5126 1
8306 8307 2
8306 8612 11
8307 6886 6
8307 8172 18
8307 8308 22
8307 9998 11
8308 2998 22
8308 8309 13
8309 5603 9
8309 6409 14
8309 8310 14
8309 8833 9
8310 87 9
8310 248 17
8310 443 12
8310 1199 7
8310 2297 5
8310 8311 12
8310 9120 21
8310 9313 2
8311 2347 17
8311 3427 16
8311 5602 18
8311 7580 10
8311 8312 1
8311 9280 12
8312 272 9
8312 787 15
8312 2009 19
8312 2414 14
8312 7889 22
8312 8313 14
8313 916 11
8313 2622 6
8313 3042 21
8313 8314 18
8313 9259 5
8314 423 9
8314 2291 18
8314 4800 20
8314 6406 13
8314 8315 9
8315 1105 12
8315 2993 22
8315 7831 11
8315 8316 22
8316 33 15
8316 96 2
8316 169 4
8316 1958 21
8316 5003 22
8316 5229 18
8316 8317 12
8316 9827 17
8317 297 16
8317 1792 9
8317 5039 6
8317 8318 15
8318 2373 9
8318 2875 5
8318 4960 12
8318 8319 8
8318 9727 9
8319 154 20
8319 2850 13
8319 6804 15
8319 8320 9
8320 2238 6
8320 2568 4
8320 4978 4
8320 8321 2
8321 4385 4
8321 8322 12
8322 3159 8
8322 4234 12
8322 8009 10
8322 8323 7
8322 8699 6
8322 9820 14
8323 1927 21
8323 2722 6
8323 5529 8
8323 7562 19
8323 8075 20
8323 8324 13
8323 9118 18
8324 6394 10
8324 7988 10
8324 8325 17
8325 164 18
8325 2813 13
8325 4302 18
8325 6390 6
8325 8326 17
8325 9826 21
8326 1027 5
8326 1662 22
8326 2325 23
8326 2410 5
8326 3061 15
8326 4332 21
8326 4413 12
8326 5036 5
8326 7967 5
8326 8327 8
8327 474 21
8327 1506 3
8327 2551 8
8327 3307 13
8327 7976 2
8327 8328 5
8327 8372 20
8327 8735 15
8327 9043 15
8327 9099 10
8328 2565 15
8328 3934 4
8328 5508 17
8328 7215 7
8328 8329 13
8329 8 10
8329 629 9
8329 5248 4
8329 8330 20
8330 5584 14
8330 8331 14
8331 1404 10
8331 1406 5
8331 8332 14
8332 708 1
8332 3863 11
8332 5021 11
8332 6661 6
8332 6748 6
8332 8333 20
8332 9125 9
8332 9815 9
8333 1180 16
8333 3006 2
8333 4432 2
8333 8334 19
8334 2956 6
8334 4543 21
8334 5545 10
8334 6585 19
8334 8335 21
8334 8683 10
8335 356 17
8335 2298 3
8335 8336 8
8335 8657 9
8335 8902 12
8335 9534 1
8336 2883 19
8336 8337 4
8337 670 10
8337 1733 5
8337 5724 3
8337 7059 8
8337 8072 8
8337 8338 17
8338 1689 9
8338 2723 9
8338 8339 15
8339 90 1
8339 655 15
8339 1765 9
8339 8340 17
8339 8897 10
8339 9103 1
8340 2123 21
8340 6852 23
8340 8341 21
8341 941 8
8341 3186 3
8341 3810 9
8341 6534 17
8341 7546 18
8341 8342 13
8342 4335 13
8342 6756 19
8342 7833 9
8342 8343 3
8342 9321 14
8343 3270 11
8343 8344 10
8343 8870 21
8344 150 6
8344 1737 16
8344 4334 9
8344 8345 4
8345 8346 22
8346 944 9
8346 1684 16
8346 1937 9
8346 3470 20
8346 8347 3
8347 495 8
8347 746 13
8347 1602 12
8347 5498 11
8347 8348 9
8348 3771 3
8348 4108 15
8348 4890 19
8348 7482 5
8348 8349 18
8348 8807 1
8349 1602 13
8349 4402 23
8349 4723 2
8349 6187 15
8349 6291 2
8349 7077 18
8349 8350 19
8350 2762 16
8350 3756 12
8350 8351 23
8351 3455 10
8351 8352 18
8352 1051 1
8352 4008 17
8352 5458 1
8352 5787 7
8352 8353 5
8353 1078 9
8353 4569 2
8353 8354 17
8353 9238 16
8354 2138 12
8354 5968 10
8354 7419 20
8354 8355 3
8354 8411 5
8355 47 22
8355 3368 16
8355 5604 17
8355 8356 4
8355 8838 7
8355 9684 8
8356 701 21
8356 1121 1
8356 1865 1
8356 7762 14
8356 8357 15
8357 5084 5
8357 5926 7
8357 7388 16
8357 8358 19
8358 2920 5
8358 4198 11
8358 6511 16
8358 7082 15
8358 8359 18
8359 1181 4
8359 5810 15
8359 7339 5
8359 8360 23
8360 4754 22
8360 5840 23
8360 6047 16
8360 7175 10
8360 7186 13
8360 7679 16
8360 8361 3
8360 9277 14
8360 9705 21
8361 2714 20
8361 8362 7
8362 1289 7
8362 2702 7
8362 6418 12
8362 8363 23
8363 699 10
8363 817 14
8363 1021 10
8363 1358 9
8363 1364 3
8363 1560 2
8363 4640 8
8363 8364 5
8364 1806 22
8364 4636 9
8364 5415 21
8364 5869 11
8364 8365 18
8364 8639 19
8365 3430 5
8365 7257 1
8365 8366 11
8366 1646 14
8366 6073 20
8366 8367 6
8367 705 9
8367 1625 7
8367 3740 17
8367 5442 22
8367 8368 6
8368 4141 15
8368 6300 7
8368 7699 18
8368 7915 20
8368 8369 7
8369 689 9
8369 1464 13
8369 1758 6
8369 3202 9
8369 5180 10
8369 5657 2
8369 7098 10
8369 7720 6
8369 8370 8
8369 8852 23
8369 9156 13
8370 837 15
8370 3881 10
8370 8371 6
8370 8729 13
8371 4782 19
8371 8372 3
8371 8598 12
8372 1072 22
8372 2661 7
8372 5642 15
8372 8373 3
8373 822 4
8373 1664 13
8373 6711 7
8373 8374 19
8373 9614 23
8374 290 7
8374 4351 7
8374 7152 4
8374 8375 18
8375 3471 22
8375 5845 16
8375 8376 4
8375 8888 14
8376 10 7
8376 175 1
8376 8377 9
8376 9575 11
8377 1582 23
8377 2258 10
8377 8378 10
8377 9615 10
8378 8379 7
8379 5713 15
8379 6010 2
8379 8380 14
8379 9046 3
8380 7862 23
8380 8381 22
8381 640 14
8381 1944 8
8381 6603 1
8381 8382 18
8382 7496 1
8382 8153 11
8382 8383 16
8382 9116 22
8382 9891 4
8383 53 7
8383 3458 15
8383 6753 2
8383 8384 19
8383 9366 9
8384 5798 10
8384 8385 5
8385 312 18
8385 2431 16
8385 6315 11
8385 8181 8
8385 8386 23
8386 1610 4
8386 3615 17
8386 3642 5
8386 8387 8
8387 300 6
8387 2662 17
8387 6080 3
8387 8388 20
8387 9138 9
8387 9324 14
8388 1420 6
8388 5341 16
8388 8389 23
8388 9435 22
8389 2087 16
8389 2745 21
8389 3582 22
8389 5619 19
8389 8390 5
8390 2821 19
8390 3161 5
8390 7781 10
8390 8391 16
8390 8547 11
8391 2317 8
8391 6891 15
8391 8392 8
8392 2413 3
8392 6011 1
8392 8393 17
8393 473 15
8393 2040 20
8393 6008 8
8393 8394 14
8394 689 13
8394 971 17
8394 1306 20
8394 7425 8
8394 7774 8
8394 8395 18
8395 446 19
8395 2410 6
8395 3960 16
8395 6839 15
8395 7284 7
8395 7743 6
8395 8396 23
8395 9269 6
8395 9520 4
8396 78 12
8396 2104 20
8396 5466 17
8396 8042 9
8396 8397 14
8397 785 20
8397 2017 16
8397 8398 18
8397 8467 19
8397 9805 14
8398 220 23
8398 1197 14
8398 2641 19
8398 4519 12
8398 6034 10
8398 7832 17
8398 8399 1
8399 2571 13
8399 2786 2
8399 2806 8
8399 8400 5
8399 8855 16
8400 1129 19
8400 2375 12
8400 2613 8
8400 5640 12
8400 8075 20
8400 8401 12
8400 8941 17
8401 4738 21
8401 8402 22
8402 1694 16
8402 2376 20
8402 3950 19
8402 6084 7
8402 7402 18
8402 8403 13
8403 332 18
8403 1921 14
8403 2601 7
8403 6932 3
8403 8038 2
8403 8404 23
8403 8734 4
8403 9813 8
8404 813 20
8404 2423 3
8404 3737 21
8404 4351 20
8404 8405 4
8405 1806 4
8405 4042 21
8405 8406 4
8406 1151 21
8406 1861 6
8406 7988 9
8406 8407 1
8406 9385 12
8407 4825 2
8407 5691 2
8407 8408 3
8407 9235 15
8407 9237 6
8408 7981 12
8408 8409 7
8408 8507 10
8408 9166 2
8409 1330 5
8409 4221 17
8409 4984 3
8409 8410 14
8410 819 16
8410 3052 10
8410 7007 13
8410 8411 18
8411 2328 7
8411 4677 20
8411 8412 9
8411 8613 1
8411 8643 19
8412 19 2
8412 1477 21
8412 3800 23
8412 8413 11
8413 900 4
8413 1666 21
8413 6022 12
8413 8414 5
8413 8734 12
8414 8415 7
8414 8475 22
8415 1222 9
8415 2760 19
8415 8416 9
8416 939 7
8416 8417 5
8416 9885 2
8417 4838 22
8417 8418 1
8418 1777 15
8418 2592 10
8418 3112 16
8418 8419 15
8418 9585 21
8419 1242 9
8419 1275 2
8419 1848 18
8419 6704 5
8419 8420 18
8420 3929 2
8420 7615 6
8420 8421 9
8421 2143 7
8421 2838 23
8421 5161 18
8421 6988 20
8421 8422 6
8422 1620 2
8422 7728 9
8422 8423 7
8423 3362 9
8423 3892 21
8423 4541 21
8423 5450 10
8423 6535 23
8423 8424 10
8424 643 4
8424 843 18
8424 2378 11
8424 4613 9
8424 4731 15
8424 5880 5
8424 6084 20
8424 6912 15
8424 8425 4
8425 2832 16
8425 3777 22
8425 5447 5
8425 8426 12
8425 8654 4
8425 9957 22
8426 423 11
8426 4879 9
8426 8427 8
8427 1638 16
8427 8428 16
8427 9515 20
8428 682 17
8428 3504 19
8428 5259 11
8428 5931 17
8428 7155 10
8428 8291 15
8428 8429 17
8429 524 13
8429 1372 17
8429 1522 15
8429 2766 23
8429 3968 21
8429 8430 12
8430 1986 7
8430 2184 11
8430 5246 7
8430 8431 7
8430 9327 7
8431 7944 3
8431 8432 12
8432 179 19
8432 2567 2
8432 4006 22
8432 5541 6
8432 6937 18
8432 8433 15
8433 1611 3
8433 3638 8
8433 8434 23
8434 936 11
8434 4020 16
8434 4926 14
8434 8435 8
8435 3116 14
8435 8158 21
8435 8436 16
8436 1517 1
8436 8437 3
8437 705 21
8437 7107 7
8437 8438 1
8437 8663 13
8438 597 17
8438 1960 4
8438 4088 3
8438 5859 9
8438 8439 12
8439 185 19
8439 3119 18
8439 5233 19
8439 8440 20
8440 8002 18
8440 8379 17
8440 8441 23
8441 4709 15
8441 8118 17
8441 8442 7
8442 8443 5
8442 8611 14
8442 9273 15
8443 713 17
8443 1993 9
8443 4072 12
8443 8444 20
8444 678 21
8444 1870 3
8444 1964 9
8444 2638 15
8444 8445 21
8444 9369 15
8445 70 2
8445 3500 19
8445 6646 10
8445 8446 2
8446 393 14
8446 2065 12
8446 2730 14
8446 4977 19
8446 7158 15
8446 8447 16
8447 4140 8
8447 5479 6
8447 6497 20
8447 8237 3
8447 8448 12
8447 9334 3
8447 9621 15
8448 267 12
8448 1504 11
8448 4655 19
8448 7193 17
8448 8449 11
8448 8584 12
8449 685 10
8449 1038 12
8449 1546 15
8449 5730 5
8449 6617 17
8449 8450 10
8450 2491 4
8450 5316 3
8450 8451 17
8451 600 10
8451 1170 18
8451 1341 11
8451 1609 23
8451 8452 7
8452 1015 17
8452 3796 18
8452 4745 5
8452 7075 6
8452 7490 16
8452 8453 20
8453 481 5
8453 1980 21
8453 5410 18
8453 8454 8
8454 503 4
8454 843 15
8454 1382 4
8454 2453 4
8454 8455 15
8454 8885 12
8455 279 4
8455 478 10
8455 3232 14
8455 3993 18
8455 7202 6
8455 8456 20
8455 9699 2
8456 2556 9
8456 5001 22
8456 8127 20
8456 8457 9
8457 734 10
8457 2031 2
8457 7434 8
8457 8458 21
8458 3462 10
8458 8459 23
8459 3765 6
8459 6442 13
8459 8460 9
8460 7998 12
8460 8461 5
8461 1106 7
8461 5676 22
8461 8462 6
8462 2265 16
8462 2511 13
8462 8243 17
8462 8463 9
8463 585 19
8463 3688 4
8463 3790 20
8463 7864 17
8463 8319 14
8463 8464 4
8464 1501 13
8464 8465 5
8464 8823 13
8465 740 9
8465 3358 14
8465 5172 2
8465 5705 23
8465 7902 12
8465 8151 23
8465 8466 14
8466 2183 5
8466 3470 2
8466 8467 19
8466 8527 17
8467 412 4
8467 8468 8
8468 3417 14
8468 4445 17
8468 5167 22
8468 5812 19
8468 8469 19
8468 9707 14
8469 3140 17
8469 8299 4
8469 8470 8
8470 919 2
8470 1296 19
8470 4173 1
8470 6260 3
8470 8471 18
8470 9968 19
8471 6114 21
8471 6708 8
8471 8472 10
8472 277 15
8472 5429 20
8472 6123 10
8472 6224 11
8472 6605 16
8472 7061 17
8472 8473 11
8472 9546 3
8473 172 14
8473 1017 15
8473 3132 18
8473 5239 11
8473 8474 17
8473 9051 2
8473 9962 7
8474 516 22
8474 2690 13
8474 8475 4
8474 9335 15
8475 1286 11
8475 3315 17
8475 4699 5
8475 4845 22
8475 8476 9
8476 2896 11
8476 6282 14
8476 8140 4
8476 8477 11
8476 8523 19
8477 83 9
8477 1308 11
8477 6947 15
8477 7345 14
8477 8478 23
8478 787 4
8478 8479 18
8478 8810 19
8479 228 14
8479 2110 20
8479 5778 15
8479 6380 11
8479 8129 17
8479 8480 2
8479 8564 21
8480 430 22
8480 5630 12
8480 8481 16
8481 489 15
8481 1351 17
8481 1599 12
8481 2341 18
8481 4183 19
8481 8482 20
8482 7848 20
8482 8483 13
8483 7388 10
8483 8484 23
8483 8526 10
8484 324 3
8484 905 2
8484 8485 19
8485 714 12
8485 1141 8
8485 3742 7
8485 5610 18
8485 6365 4
8485 6583 14
8485 8091 16
8485 8486 23
8485 9693 5
8485 9806 22
8486 515 13
8486 935 17
8486 2549 2
8486 6776 19
8486 8487 4
8487 683 2
8487 1119 15
8487 2759 6
8487 8488 16
8487 8665 6
8488 859 19
8488 978 19
8488 5053 8
8488 5204 10
8488 8276 4
8488 8489 2
8489 574 7
8489 805 16
8489 1790 16
8489 1836 13
8489 8490 12
8490 622 13
8490 3252 23
8490 3582 20
8490 6900 16
8490 8491 15
8491 816 15
8491 2357 2
8491 8492 18
8491 9866 18
8492 8493 21
8493 90 18
8493 767 18
8493 1401 15
8493 2294 7
8493 3647 10
8493 5434 10
8493 5904 21
8493 6341 18
8493 8494 13
8493 9415 6
8494 4214 5
8494 4688 3
8494 5572 5
8494 6990 8
8494 8495 7
8494 8821 14
8495 3572 15
8495 5534 13
8495 8496 18
8496 2628 13
8496 4064 8
8496 4498 6
8496 6012 8
8496 7775 19
8496 8497 16
8497 1062 10
8497 1540 8
8497 1723 5
8497 4753 3
8497 5853 15
8497 8498 2
8497 8593 17
8497 9757 12
8498 2551 5
8498 8499 5
8498 8598 22
8499 304 17
8499 3644 17
8499 7685 16
8499 8500 4
8499 8927 12
8500 5572 20
8500 6013 12
8500 8501 22
8500 9258 18
8500 9667 23
8501 1657 18
8501 2813 23
8501 8502 5
8502 2174 5
8502 8278 9
8502 8503 16
8502 9223 3
8503 3311 13
8503 3469 14
8503 4074 10
8503 5596 2
8503 6448 15
8503 6525 8
8503 8504 5
8504 5636 10
8504 7297 2
8504 7390 23
8504 8505 8
8504 9513 11
8505 3568 22
8505 5021 2
8505 7006 8
8505 8506 15
8505 9593 5
8506 3173 22
8506 3339 14
8506 8507 8
8507 851 14
8507 965 4
8507 3341 5
8507 6434 19
8507 8508 23
8507 9702 13
8508 1716 7
8508 3161 20
8508 4167 9
8508 6242 7
8508 8509 3
8508 9873 8
8509 4729 15
8509 6751 8
8509 8510 1
8510 6142 4
8510 8511 13
8511 1938 12
8511 3133 21
8511 8512 5
8512 2514 5
8512 2761 23
8512 4654 11
8512 7568 6
8512 8513 10
8512 8657 14
8513 438 5
8513 2244 19
8513 3732 6
8513 5307 5
8513 8514 22
8514 81 7
8514 1731 12
8514 2759 11
8514 8515 22
8514 9332 19
8515 2410 8
8515 4284 21
8515 6647 1
8515 7784 6
8515 8516 23
8516 1500 18
8516 2918 3
8516 3179 10
8516 7697 23
8516 8517 10
8517 199 23
8517 1703 11
8517 2700 5
8517 3108 8
8517 5922 1
8517 6144 13
8517 6701 22
8517 8518 14
8518 1086 8
8518 5770 21
8518 8214 22
8518 8519 3
8518 9460 22
8519 5394 8
8519 5840 22
8519 8520 12
8520 156 3
8520 1170 2
8520 4308 20
8520 8071 5
8520 8521 22
8520 8598 17
8521 7235 6
8521 8522 6
8522 7126 15
8522 8311 22
8522 8523 14
8522 9526 23
8523 672 21
8523 8524 20
8524 2980 17
8524 3084 11
8524 6766 16
8524 8525 13
8525 1 22
8525 2305 9
8525 5589 15
8525 8526 8
8526 4518 2
8526 4709 16
8526 7204 9
8526 8527 18
8526 9257 14
8527 4044 1
8527 6765 21
8527 8528 7
8527 9819 23
8528 1401 2
8528 2402 3
8528 6373 21
8528 8527 12
8528 8529 18
8529 4303 20
8529 5067 19
8529 8530 6
8529 9705 21
8530 1110 3
8530 2107 13
8530 6031 8
8530 8531 19
8531 8532 22
8532 382 10
8532 1605 13
8532 2014 2
8532 3366 15
8532 5101 16
8532 8533 8
8532 9246 6
8533 536 13
8533 3673 9
8533 8534 23
8534 4932 18
8534 6657 13
8534 6918 13
8534 8535 3
8534 8975 2
8534 9716 1
8535 214 1
8535 690 21
8535 1534 13
8535 8536 22
8536 1340 13
8536 8537 8
8537 3532 20
8537 6877 13
8537 7757 9
8537 8538 9
8537 9155 6
8537 9930 4
8538 3503 7
8538 8539 11
8538 9272 13
8538 9474 22
8539 2126 2
8539 2308 19
8539 7524 22
8539 8540 5
8540 1309 2
8540 2756 9
8540 7595 19
8540 8541 21
8541 2194 16
8541 8542 10
8542 37 20
8542 407 5
8542 1823 14
8542 5399 17
8542 6243 1
8542 6650 6
8542 8543 8
8543 1622 15
8543 2501 7
8543 8544 1
8544 5146 21
8544 6792 3
8544 8545 21
8544 9539 22
8545 3194 17
8545 8546 20
8545 9727 10
8546 2556 2
8546 7104 14
8546 7891 20
8546 8547 18
8547 212 22
8547 8548 20
8547 9083 2
8547 9998 2
8548 860 18
8548 2339 1
8548 3562 11
8548 3770 16
8548 5752 6
8548 7144 17
8548 7920 21
8548 8549 16
8548 8760 12
8549 638 2
8549 990 5
8549 1609 15
8549 8173 14
8549 8550 16
8550 228 13
8550 609 6
8550 894 14
8550 1170 11
8550 2760 6
8550 3095 10
8550 4015 4
8550 6019 5
8550 8551 14
8551 70 12
8551 407 15
8551 476 10
8551 1032 15
8551 3582 19
8551 4648 7
8551 5274 9
8551 7228 4
8551 7443 18
8551 8552 4
8552 1593 13
8552 4220 17
8552 7005 20
8552 7419 8
8552 8553 11
8553 4674 23
8553 5416 2
8553 5622 22
8553 5963 23
8553 7542 22
8553 8554 2
8554 626 23
8554 1255 21
8554 2508 3
8554 6145 4
8554 8555 7
8554 8662 4
8554 8757 23
8555 114 4
8555 968 23
8555 1908 4
8555 4708 11
8555 5046 22
8555 5562 15
8555 6731 11
8555 8556 15
8555 8872 6
8555 9031 19
8556 152 21
8556 629 20
8556 6575 3
8556 8557 9
8557 985 21
8557 3404 5
8557 8558 8
8557 9086 21
8557 9087 20
8558 114 13
8558 236 11
8558 2833 16
8558 6383 11
8558 7754 20
8558 8559 12
8559 993 8
8559 1112 17
8559 4076 23
8559 8560 3
8560 1852 19
8560 7945 13
8560 8561 23
8560 8883 22
8560 8961 9
8561 1882 1
8561 4295 17
8561 4789 13
8561 8562 13
8561 9852 18
8562 30 10
8562 8563 3
8562 9796 8
8563 2282 16
8563 2939 14
8563 6006 19
8563 7066 17
8563 8564 10
8563 9282 13
8564 2339 16
8564 4402 20
8564 5227 12
8564 6622 14
8564 6819 9
8564 7556 2
8564 8244 8
8564 8565 21
8565 8566 17
8565 8763 15
8566 1702 4
8566 1768 4
8566 8166 18
8566 8567 9
8567 4797 7
8567 4799 8
8567 4936 7
8567 7911 14
8567 8259 17
8567 8568 13
8567 9406 4
8568 8569 23
8569 2408 3
8569 3659 10
8569 8360 18
8569 8570 9
8570 8571 22
8571 2572 16
8571 2891 9
8571 2903 3
8571 8572 6
8571 9456 6
8572 106 17
8572 2342 22
8572 4464 3
8572 4552 6
8572 8152 22
8572 8172 16
8572 8573 4
8573 1464 14
8573 2370 15
8573 8574 19
8574 525 14
8574 1755 18
8574 2821 7
8574 3737 15
8574 3904 15
8574 4221 21
8574 5303 19
8574 8575 22
8575 5517 20
8575 8576 15
8576 219 7
8576 1959 21
8576 2414 18
8576 8577 3
8576 9647 15
8577 4252 20
8577 6824 10
8577 8578 2
8577 9466 19
8578 362 8
8578 676 22
8578 1070 13
8578 2410 3
8578 8579 11
8579 3424 8
8579 5693 1
8579 8410 9
8579 8580 20
8579 9351 8
8580 4665 18
8580 5526 2
8580 6298 16
8580 8581 16
8580 8873 1
8581 485 4
8581 1603 23
8581 4602 5
8581 4704 2
8581 5836 15
8581 7118 21
8581 8582 16
8582 1794 7
8582 3196 11
8582 6803 5
8582 8583 9
8583 2389 2
8583 2724 23
8583 5741 20
8583 8584 8
8583 9794 14
8584 8585 7
8585 8586 6
8586 1042 17
8586 4779 6
8586 8587 14
8587 1174 10
8587 1494 5
8587 2583 21
8587 3423 21
8587 7083 1
8587 7350 19
8587 8588 16
8587 9028 2
8588 2009 9
8588 3965 6
8588 5077 23
8588 6564 17
8588 8589 20
8588 9263 16
8589 704 13
8589 2717 10
8589 4796 19
8589 8590 4
8590 512 5
8590 6823 8
8590 8591 1
8590 9613 6
8591 1631 16
8591 8592 9
8592 2426 21
8592 4517 17
8592 5789 4
8592 8593 14
8592 9040 21
8593 90 6
8593 7764 10
8593 8594 6
8594 18 9
8594 8566 4
8594 8595 9
8595 2996 10
8595 5710 17
8595 5979 10
8595 6291 19
8595 8596 2
8595 9730 14
8596 93 9
8596 347 3
8596 4882 14
8596 4950 22
8596 7167 4
8596 8597 4
8596 9588 16
8597 321 11
8597 603 7
8597 1946 15
8597 2740 8
8597 3046 19
8597 4498 23
8597 8598 2
8597 9241 12
8598 1960 20
8598 3804 7
8598 8495 17
8598 8599 14
8599 2545 6
8599 7874 9
8599 8600 15
8600 579 5
8600 3367 20
8600 8601 5
8600 9082 13
8600 9224 21
8601 307 22
8601 4206 4
8601 8602 14
8601 9808 3
8602 1911 1
8602 4299 20
8602 5506 13
8602 6206 21
8602 8603 13
8603 8279 13
8603 8604 6
8603 8898 11
8603 9176 19
8604 1785 16
8604 2629 15
8604 6080 19
8604 8605 20
8604 8703 23
8604 9466 18
8604 9633 19
8605 5341 19
8605 5638 10
8605 6675 10
8605 7445 18
8605 8606 13
8605 8629 3
8605 8860 5
8606 1186 14
8606 4759 14
8606 4954 4
8606 5326 2
8606 5617 13
8606 7017 16
8606 8052 13
8606 8607 17
8607 90 11
8607 197 5
8607 519 18
8607 2124 8
8607 2371 20
8607 3580 13
8607 8608 17
8608 3655 19
8608 6469 1
8608 6646 2
8608 8289 12
8608 8580 1
8608 8609 10
8609 2254 21
8609 5198 5
8609 8610 19
8610 4507 12
8610 8509 21
8610 8581 20
8610 8611 11
8611 660 18
8611 2566 8
8611 2660 19
8611 3925 1
8611 6298 20
8611 8612 14
8611 8766 9
8612 876 9
8612 2146 8
8612 3328 15
8612 3513 6
8612 7117 7
8612 7209 3
8612 8613 2
8613 1549 18
8613 8295 5
8613 8614 1
8614 1319 4
8614 1433 23
8614 2353 11
8614 4908 17
8614 6301 10
8614 8615 22
8615 1179 11
8615 2608 9
8615 2843 17
8615 2849 2
8615 3056 15
8615 3290 17
8615 3623 9
8615 5497 23
8615 5530 19
8615 8616 17
8615 8787 11
8615 9499 18
8616 219 20
8616 1762 5
8616 5793 7
8616 8617 3
8617 2674 22
8617 8411 23
8617 8618 21
8617 8732 19
8617 9228 17
8618 629 11
8618 1095 15
8618 5961 12
8618 8619 10
8618 9014 14
8619 1274 17
8619 3544 4
8619 4487 1
8619 8620 19
8620 2521 8
8620 4389 12
8620 4839 9
8620 4931 11
8620 8621 12
8621 164 7
8621 2703 12
8621 4445 7
8621 4639 6
8621 8359 7
8621 8614 5
8621 8622 13
8622 938 6
8622 2008 1
8622 6953 10
8622 8623 12
8623 3344 12
8623 5941 18
8623 6073 17
8623 8552 10
8623 8624 6
8624 3203 17
8624 3888 7
8624 4567 19
8624 4599 11
8624 8625 7
8625 1059 5
8625 1359 6
8625 2036 1
8625 2735 14
8625 3404 15
8625 5190 3
8625 5520 13
8625 8626 14
8625 9355 20
8626 3681 14
8626 8627 19
8627 225 15
8627 1403 16
8627 8628 11
8628 607 16
8628 8629 5
8629 3281 20
8629 3599 14
8629 3651 2
8629 8630 8
8630 262 3
8630 2064 22
8630 5672 11
8630 8631 6
8631 924 18
8631 3150 10
8631 4923 6
8631 6869 5
8631 8632 17
8631 9463 13
8632 6235 10
8632 8104 16
8632 8633 15
8633 295 13
8633 6966 17
8633 8634 15
8634 5076 9
8634 6041 7
8634 8635 8
8635 4921 16
8635 5010 4
8635 5263 6
8635 6329 14
8635 7795 20
8635 8636 7
8635 9870 11
8636 3990 19
8636 8637 6
8637 4361 23
8637 4758 11
8637 8581 6
8637 8638 9
8638 349 4
8638 1836 18
8638 4269 7
8638 8143 10
8638 8639 20
8638 9858 8
8639 3569 10
8639 4489 16
8639 8640 19
8640 2396 3
8640 5558 20
8640 8641 22
8641 521 7
8641 1775 12
8641 7903 15
8641 8642 7
8642 435 21
8642 3114 11
8642 5432 1
8642 6255 19
8642 8643 9
8643 23 2
8643 301 12
8643 419 12
8643 1075 4
8643 7848 4
8643 8644 9
8643 9332 21
8644 1995 11
8644 3449 3
8644 5437 8
8644 8645 16
8644 9160 21
8645 3887 14
8645 5696 2
8645 6305 4
8645 8646 22
8646 1907 13
8646 5517 20
8646 6754 4
8646 8647 19
8647 8648 6
8648 421 14
8648 735 7
8648 1896 8
8648 5210 17
8648 8649 10
8649 4942 4
8649 6954 11
8649 8650 1
8650 5689 18
8650 8651 13
8651 272 7
8651 1609 3
8651 8652 12
8652 909 14
8652 1404 6
8652 4271 13
8652 4745 18
8652 6801 1
8652 7483 15
8652 8653 5
8653 4489 10
8653 5442 20
8653 6332 23
8653 8654 23
8653 9913 11
8654 454 8
8654 2132 2
8654 3010 19
8654 4080 16
8654 6755 20
8654 8455 10
8654 8655 10
8654 9852 13
8655 2160 2
8655 4543 7
8655 6546 14
8655 8656 18
8656 44 17
8656 655 22
8656 1510 4
8656 1546 9
8656 2560 1
8656 4990 13
8656 7001 6
8656 8657 10
8657 251 18
8657 836 23
8657 1788 21
8657 2458 14
8657 4585 21
8657 8658 5
8658 36 11
8658 2983 23
8658 6695 5
8658 8659 23
8659 7412 6
8659 8660 1
8660 1491 6
8660 2466 8
8660 8661 14
8661 2101 17
8661 2943 8
8661 7651 1
8661 8662 3
8661 9108 10
8661 9654 4
8662 7314 4
8662 8546 19
8662 8663 10
8663 421 6
8663 634 12
8663 8131 6
8663 8664 7
8664 1568 18
8664 1672 16
8664 5466 5
8664 5896 2
8664 7209 2
8664 8665 13
8665 1993 5
8665 8666 17
8666 1413 8
8666 1626 4
8666 2612 7
8666 6084 9
8666 7600 11
8666 8667 4
8667 4179 2
8667 5513 9
8667 8668 19
8668 6634 23
8668 8669 17
8669 3298 12
8669 6113 4
8669 6244 15
8669 8152 10
8669 8670 22
8670 6224 1
8670 8671 16
8670 8952 2
8671 4518 18
8671 8061 15
8671 8672 13
8672 1952 11
8672 4307 19
8672 5005 22
8672 8673 14
8673 795 11
8673 3643 4
8673 4515 5
8673 6016 5
8673 7535 10
8673 8674 9
8674 7879 23
8674 8675 23
8675 2646 1
8675 2694 22
8675 6954 5
8675 8676 14
8675 8963 18
8675 9310 22
8676 355 2
8676 4270 15
8676 4919 7
8676 7825 1
8676 8677 3
8677 3244 12
8677 8678 5
8677 9736 1
8678 3729 22
8678 8561 19
8678 8679 12
8679 762 23
8679 1834 13
8679 4073 11
8679 4738 2
8679 8680 6
8680 2825 5
8680 8190 3
8680 8681 5
8681 3052 10
8681 3484 6
8681 8682 9
8681 9477 16
8682 2738 21
8682 4759 17
8682 6224 15
8682 7311 2
8682 8683 19
8683 1410 20
8683 2375 19
8683 7164 17
8683 8684 12
8684 4550 14
8684 6069 4
8684 6213 20
8684 7531 12
8684 8407 10
8684 8685 2
8685 3049 17
8685 4224 13
8685 8686 22
8685 9910 16
8686 67 19
8686 3616 2
8686 4469 20
8686 6362 11
8686 8314 6
8686 8687 11
8686 9158 2
8687 7355 6
8687 8241 7
8687 8688 17
8687 9050 6
8687 9159 18
8687 9336 13
8688 88 2
8688 7146 15
8688 8462 10
8688 8689 23
8689 420 22
8689 788 10
8689 833 22
8689 7605 14
8689 8690 10
8690 7338 11
8690 7697 9
8690 8223 14
8690 8691 15
8691 7278 19
8691 8692 13
8692 1675 11
8692 5742 19
8692 5873 17
8692 8693 5
8693 1705 19
8693 8197 9
8693 8634 13
8693 8694 14
8694 917 11
8694 1400 8
8694 8382 20
8694 8695 4
8694 9594 5
8695 694 23
8695 1959 17
8695 7157 10
8695 8696 5
8696 4905 12
8696 8697 6
8697 6988 19
8697 7915 10
8697 8032 17
8697 8698 16
8697 9341 4
8698 1684 4
8698 3202 16
8698 4871 16
8698 6823 22
8698 8699 3
8699 2510 5
8699 3862 7
8699 6008 21
8699 8700 9
8700 2390 4
8700 7843 18
8700 8571 10
8700 8701 8
8701 74 18
8701 249 9
8701 1518 5
8701 8702 3
8702 383 14
8702 2215 11
8702 4152 7
8702 6345 22
8702 8703 16
8703 484 3
8703 1742 23
8703 8704 7
8703 9206 4
8704 1106 23
8704 1411 2
8704 5888 22
8704 6173 21
8704 7959 17
8704 8705 12
8705 2842 20
8705 6666 10
8705 8021 1
8705 8706 14
8705 9005 5
8706 855 16
8706 3570 22
8706 3754 6
8706 4168 16
8706 4748 16
8706 6226 12
8706 6786 9
8706 8707 18
8707 91 12
8707 2853 6
8707 3070 11
8707 8708 23
8707 9745 22
8708 351 23
8708 8709 9
8708 9457 7
8709 2622 13
8709 5532 12
8709 6034 21
8709 8710 16
8710 4384 4
8710 6935 20
8710 8711 19
8710 9176 17
8711 333 18
8711 8712 23
8712 1453 7
8712 3179 2
8712 8713 5
8713 1990 18
8713 3779 21
8713 5847 20
8713 8077 3
8713 8714 3
8714 686 16
8714 8715 2
8714 8781 15
8715 962 16
8715 1403 9
8715 2488 18
8715 3327 15
8715 4610 7
8715 6583 18
8715 8716 11
8715 9648 1
8716 86 6
8716 227 16
8716 7883 6
8716 8717 16
8717 1617 11
8717 3878 18
8717 5552 3
8717 8550 15
8717 8718 13
8718 2590 19
8718 8434 22
8718 8445 15
8718 8719 21
8719 8720 2
8719 9005 15
8720 1067 12
8720 5804 4
8720 6175 4
8720 8721 9
8721 1926 4
8721 3231 9
8721 5588 6
8721 8439 18
8721 8722 9
8721 9777 3
8722 6024 16
8722 6874 4
8722 7432 8
8722 8723 20
8723 1299 10
8723 2368 4
8723 2861 17
8723 3480 19
8723 4880 21
8723 8724 12
8723 9569 23
8724 61 20
8724 1369 6
8724 1662 18
8724 2092 16
8724 5218 3
8724 6348 8
8724 6719 18
8724 8725 7
8725 857 1
8725 2520 11
8725 2622 17
8725 2767 23
8725 2808 5
8725 4101 2
8725 5891 8
8725 7944 4
8725 8258 1
8725 8726 16
8726 2499 18
8726 4772 16
8726 6950 17
8726 7194 17
8726 8727 2
8726 8766 17
8727 2420 1
8727 8058 22
8727 8728 2
8727 9551 6
8728 1521 20
8728 2016 12
8728 4043 6
8728 4067 1
8728 7634 4
8728 7807 4
8728 8729 3
8728 8767 8
8729 2031 2
8729 5300 14
8729 6922 12
8729 6998 14
8729 8135 11
8729 8673 7
8729 8730 12
8729 8881 7
8730 4778 3
8730 8731 19
8731 625 18
8731 1419 13
8731 3646 7
8731 3935 2
8731 5915 18
8731 6502 10
8731 8732 5
8732 2524 10
8732 4968 20
8732 8733 15
8733 1677 15
8733 2481 7
8733 7977 20
8733 8734 17
8733 8962 7
8734 7130 15
8734 8735 21
8734 9043 8
8735 791 17
8735 8736 8
8736 691 8
8736 734 2
8736 2146 3
8736 2906 2
8736 6817 1
8736 7955 14
8736 8434 12
8736 8737 11
8737 428 18
8737 994 9
8737 2361 15
8737 4851 7
8737 6245 15
8737 8738 4
8738 8334 14
8738 8739 17
8739 5284 4
8739 7151 22
8739 8740 5
8740 104 15
8740 6745 17
8740 8248 11
8740 8741 16
8741 1166 11
8741 1646 13
8741 7083 20
8741 8742 9
8742 1431 9
8742 2142 17
8742 4116 1
8742 8743 17
8742 9140 10
8743 8744 1
8743 9985 19
8744 580 11
8744 4657 15
8744 8745 22
8745 1990 8
8745 3216 22
8745 4777 4
8745 8746 12
8746 2303 2
8746 3135 17
8746 6499 6
8746 7434 9
8746 7976 3
8746 8112 21
8746 8747 8
8746 9767 22
8747 5490 7
8747 8748 13
8748 663 5
8748 837 15
8748 2336 19
8748 6526 18
8748 8749 2
8748 9168 14
8749 8750 22
8750 642 9
8750 978 18
8750 3076 13
8750 3150 10
8750 7591 18
8750 8751 21
8751 99 16
8751 2872 3
8751 3837 18
8751 8752 5
8752 1282 6
8752 1284 18
8752 2026 10
8752 6076 22
8752 7709 12
8752 8753 12
8752 8830 19
8753 8754 5
8754 2305 15
8754 3953 9
8754 4452 7
8754 8755 17
8755 5057 6
8755 7057 17
8755 8756 6
8756 7644 5
8756 8757 6
8756 9428 6
8757 2723 8
8757 3345 20
8757 6878 1
8757 8758 7
8757 8771 21
8758 477 17
8758 1173 16
8758 1713 21
8758 2802 18
8758 4236 5
8758 5332 14
8758 8759 15
8758 8821 17
8758 8894 20
8759 5150 13
8759 8606 1
8759 8760 11
8760 404 16
8760 4150 11
8760 4823 3
8760 8237 5
8760 8379 18
8760 8761 20
8761 2151 7
8761 5435 3
8761 7818 3
8761 8762 11
8761 9357 4
8762 2345 18
8762 2348 9
8762 3539 5
8762 3975 9
8762 6299 6
8762 8763 15
8763 631 1
8763 1429 2
8763 1711 22
8763 3356 19
8763 6578 6
8763 7900 2
8763 8401 20
8763 8764 17
8763 9294 8
8763 9569 10
8764 461 10
8764 559 1
8764 1217 20
8764 2747 9
8764 6511 3
8764 6672 12
8764 7956 13
8764 8020 4
8764 8306 16
8764 8765 12
8764 9398 3
8765 245 1
8765 371 20
8765 7192 13
8765 7873 17
8765 8766 9
8766 707 5
8766 886 8
8766 1982 20
8766 8180 6
8766 8767 1
8766 9185 3
8767 2159 14
8767 8768 11
8768 1488 20
8768 2293 21
8768 5677 22
8768 7235 10
8768 7386 21
8768 8769 4
8769 227 21
8769 813 10
8769 4745 18
8769 6929 3
8769 8770 13
8770 732 12
8770 816 13
8770 2172 15
8770 2451 4
8770 8771 16
8770 9056 1
8771 6096 23
8771 8772 13
8772 183 2
8772 3079 3
8772 5023 12
8772 5822 4
8772 8628 18
8772 8661 2
8772 8773 23
8773 294 13
8773 3871 22
8773 8140 15
8773 8774 14
8773 9625 21
8774 2613 4
8774 3509 23
8774 6643 9
8774 6801 7
8774 8775 8
8775 813 16
8775 1772 1
8775 2226 22
8775 4707 6
8775 5750 16
8775 8776 9
8775 9585 8
8776 1481 11
8776 7805 21
8776 8777 14
8777 3717 21
8777 4044 3
8777 8778 15
8778 698 9
8778 815 14
8778 2561 14
8778 5196 12
8778 8779 10
8779 2906 13
8779 8780 18
8780 820 12
8780 8781 11
8781 2134 1
8781 6631 3
8781 8782 12
8782 656 17
8782 2629 19
8782 8783 20
8782 9326 2
8783 794 23
8783 1568 18
8783 1731 9
8783 2209 20
8783 8784 14
8784 42 3
8784 2189 16
8784 3319 9
8784 6597 9
8784 7006 14
8784 8785 6
8785 739 16
8785 6937 20
8785 7621 17
8785 8786 16
8786 1175 9
8786 1954 18
8786 3537 2
8786 3609 6
8786 3878 2
8786 5549 19
8786 7956 4
8786 8787 8
8787 197 10
8787 312 15
8787 1057 18
8787 1352 10
8787 7715 11
8787 8277 6
8787 8788 5
8788 2478 20
8788 4529 10
8788 4888 22
8788 4908 12
8788 8789 2
8788 9885 5
8789 586 5
8789 5600 2
8789 5976 3
8789 8790 20
8789 9138 7
8790 1410 11
8790 1943 1
8790 4269 18
8790 4401 20
8790 6705 18
8790 6804 19
8790 7392 17
8790 8791 5
8791 4289 12
8791 8792 23
8792 1750 2
8792 2365 15
8792 8793 4
8793 1667 16
8793 3919 21
8793 8794 11
8794 1052 17
8794 1384 23
8794 8795 14
8795 558 18
8795 1025 20
8795 2364 1
8795 2946 5
8795 4575 21
8795 8708 17
8795 8796 11
8795 9107 9
8796 2047 10
8796 5741 13
8796 6075 23
8796 6949 16
8796 8797 12
8796 9080 15
8797 8798 17
8798 2438 1
8798 3309 21
8798 3465 9
8798 6214 18
8798 7702 18
8798 8799 21
8799 893 10
8799 4462 18
8799 5324 14
8799 8592 4
8799 8800 17
8800 14 23
8800 24 21
8800 369 15
8800 1252 18
8800 5932 9
8800 6312 9
8800 6715 20
8800 8801 17
8801 660 13
8801 2836 12
8801 4882 16
8801 7070 23
8801 8802 2
8802 526 8
8802 1229 3
8802 3849 8
8802 8803 22
8803 746 14
8803 1204 20
8803 7703 22
8803 8804 18
8804 987 16
8804 1603 23
8804 7374 21
8804 8805 23
8804 9209 20
8805 1514 19
8805 5390 1
8805 7226 10
8805 8011 21
8805 8806 23
8806 1940 11
8806 2527 1
8806 5891 9
8806 6352 11
8806 6427 2
8806 8807 7
8806 9215 7
8806 9450 15
8806 9667 10
8807 155 12
8807 645 4
8807 898 18
8807 6767 10
8807 8448 1
8807 8808 16
8808 3020 23
8808 4468 17
8808 8201 5
8808 8809 13
8809 3918 3
8809 4129 14
8809 4386 4
8809 8810 17
8810 1931 13
8810 8811 19
8811 2272 21
8811 4526 3
8811 8812 18
8812 842 7
8812 1187 18
8812 1264 19
8812 1388 21
8812 6250 22
8812 8813 4
8812 9392 12
8813 217 1
8813 4826 16
8813 8614 2
8813 8814 12
8814 270 8
8814 1434 19
8814 6298 6
8814 6688 5
8814 8815 20
8814 9894 16
8815 6982 18
8815 8816 17
8815 9009 20
8815 9175 6
8816 13 15
8816 318 12
8816 2197 2
8816 2557 23
8816 4091 15
8816 4331 1
8816 6678 21
8816 8817 20
8816 9569 10
8817 403 4
8817 8818 6
8817 8834 1
8818 1329 3
8818 1452 8
8818 7452 1
8818 7675 4
8818 7717 10
8818 8819 8
8818 8985 14
8819 4437 21
8819 6744 16
8819 8820 9
8820 1185 11
8820 1759 12
8820 2715 10
8820 5674 6
8820 5829 6
8820 7008 1
8820 7051 7
8820 8821 4
8820 9234 22
8821 7640 1
8821 8368 8
8821 8822 16
8821 9668 11
8821 9745 2
8822 3053 1
8822 6010 23
8822 8221 16
8822 8650 13
8822 8823 7
8823 3670 5
8823 8824 5
8823 9898 21
8824 3507 4
8824 8238 23
8824 8721 3
8824 8825 10
8824 9830 10
8825 3195 18
8825 5563 11
8825 8826 5
8826 3262 10
8826 7032 22
8826 8025 5
8826 8827 5
8827 3753 23
8827 8828 17
8828 393 6
8828 1194 2
8828 2746 15
8828 3232 15
8828 5871 21
8828 6725 5
8828 7114 18
8828 8829 16
8828 9847 18
8829 4999 16
8829 8830 23
8830 798 3
8830 2291 1
8830 7678 15
8830 7681 14
8830 8344 14
8830 8831 18
8830 9016 6
8831 1471 14
8831 5939 3
8831 7565 10
8831 8832 15
8831 9414 22
8832 1448 5
8832 2738 1
8832 3077 18
8832 8833 1
8832 9833 21
8833 1025 16
8833 1438 21
8833 2853 9
8833 6044 14
8833 6633 10
8833 8834 11
8833 8988 7
8834 8753 21
8834 8835 21
8834 8907 12
8835 2229 12
8835 3277 7
8835 7134 9
8835 8836 1
8836 7633 5
8836 8837 14
8837 1183 20
8837 3061 8
8837 6841 14
8837 7445 21
8837 8838 1
8838 5607 23
8838 5823 12
8838 6552 14
8838 7078 12
8838 8839 5
8839 4564 5
8839 8840 15
8840 3025 12
8840 4694 14
8840 7500 23
8840 8220 11
8840 8841 12
8841 1095 21
8841 7588 10
8841 8842 9
8842 793 11
8842 1655 13
8842 2503 17
8842 3457 1
8842 4922 9
8842 8843 22
8843 2751 5
8843 3426 7
8843 4762 23
8843 8844 2
8844 8845 19
8845 263 7
8845 1819 17
8845 8846 12
8846 157 13
8846 4490 12
8846 4679 22
8846 8847 5
8847 6907 9
8847 8848 5
8848 2559 14
8848 2621 20
8848 3924 4
8848 5509 16
8848 7570 14
8848 8417 6
8848 8849 1
8848 9240 23
8849 3840 9
8849 5594 5
8849 6023 20
8849 8850 9
8850 216 21
8850 1487 16
8850 2319 5
8850 4343 10
8850 8851 4
8850 9592 8
8851 3163 16
8851 4586 12
8851 8852 12
8852 55 10
8852 7605 19
8852 8853 17
8853 6564 11
8853 8668 8
8853 8854 16
8854 1957 1
8854 3383 22
8854 3839 12
8854 4399 16
8854 7083 6
8854 8855 10
8855 1152 13
8855 5949 14
8855 8164 5
8855 8856 22
8856 1698 8
8856 1919 3
8856 3247 1
8856 6392 3
8856 8857 7
8857 2927 22
8857 3503 3
8857 7199 9
8857 8858 12
8858 1164 23
8858 4967 12
8858 7338 12
8858 8627 5
8858 8859 4
8859 352 2
8859 2972 12
8859 6580 1
8859 8860 19
8860 70 12
8860 305 23
8860 913 3
8860 5978 3
8860 8861 22
8860 9092 19
8860 9586 9
8861 1172 17
8861 1323 2
8861 1742 4
8861 3418 10
8861 5780 10
8861 5790 13
8861 7400 19
8861 8686 4
8861 8862 19
8861 8963 23
8861 9784 22
8862 212 6
8862 2082 1
8862 4106 22
8862 4818 19
8862 8437 5
8862 8863 10
8862 9863 20
8862 9982 16
8863 353 12
8863 1813 8
8863 4216 11
8863 6853 17
8863 8236 20
8863 8864 16
8863 9183 5
8863 9848 19
8864 122 1
8864 6321 6
8864 8539 12
8864 8865 10
8865 1839 4
8865 3774 12
8865 5514 2
8865 6750 16
8865 6884 22
8865 7256 12
8865 7857 4
8865 8866 10
8865 8892 1
8866 8181 22
8866 8867 5
8866 8905 14
8867 136 19
8867 450 13
8867 1147 19
8867 1802 3
8867 2742 17
8867 5822 2
8867 6082 18
8867 8868 23
8868 122 20
8868 4345 21
8868 5164 7
8868 8869 15
8869 476 6
8869 3021 15
8869 3039 19
8869 6807 10
8869 8870 18
8870 3607 10
8870 5266 13
8870 5845 21
8870 8356 15
8870 8871 20
8871 1367 2
8871 3581 23
8871 8370 20
8871 8518 8
8871 8872 11
8872 1954 4
8872 5631 8
8872 8873 1
8873 1456 9
8873 4663 5
8873 8874 17
8873 9557 17
8874 1056 10
8874 1714 3
8874 1923 22
8874 6211 20
8874 6553 14
8874 7263 11
8874 8875 12
8874 9618 4
8874 9723 16
8875 2592 14
8875 7093 6
8875 7348 1
8875 8876 13
8876 838 9
8876 1316 12
8876 8877 12
8876 9062 19
8877 277 15
8877 1795 5
8877 2360 21
8877 2374 17
8877 3172 21
8877 8345 13
8877 8878 9
8878 8879 15
8878 9295 4
8879 924 2
8879 1626 11
8879 1756 6
8879 4690 7
8879 8880 19
8879 9837 7
8880 2032 18
8880 2126 6
8880 4360 6
8880 8742 5
8880 8881 9
8881 1502 23
8881 4509 5
8881 5715 23
8881 8882 21
8882 2782 21
8882 3094 21
8882 4616 6
8882 8658 11
8882 8883 4
8882 8913 1
8883 6142 3
8883 8884 17
8884 4090 5
8884 8885 16
8885 3069 13
8885 7243 12
8885 8886 14
8885 9523 23
8886 2140 14
8886 2420 4
8886 7516 10
8886 7879 8
8886 8320 13
8886 8868 21
8886 8887 6
8887 97 7
8887 1419 5
8887 6869 15
8887 8888 14
8888 32 2
8888 131 3
8888 864 3
8888 1125 19
8888 8889 3
8889 2863 14
8889 4636 6
8889 8890 2
8889 9583 14
8890 926 14
8890 8891 6
8890 9265 14
8891 4932 15
8891 5299 9
8891 8892 3
8891 8908 14
8891 9778 23
8892 4038 10
8892 8750 21
8892 8893 20
8893 444 6
8893 660 8
8893 4055 7
8893 8894 21
8894 2674 20
8894 3120 21
8894 3125 9
8894 6035 10
8894 6081 23
8894 6511 19
8894 8895 7
8895 906 8
8895 934 10
8895 7360 10
8895 7955 7
8895 8356 16
8895 8896 9
8895 9708 8
8895 9770 14
8896 227 22
8896 1227 2
8896 1535 1
8896 4856 13
8896 8159 11
8896 8897 8
8897 782 2
8897 1802 19
8897 2342 23
8897 3925 4
8897 4002 3
8897 5287 19
8897 7313 23
8897 7807 14
8897 8898 4
8897 9273 18
8898 280 11
8898 6186 1
8898 7127 9
8898 7497 13
8898 7584 10
8898 8899 1
8898 9763 15
8899 4826 14
8899 5746 4
8899 5991 15
8899 8280 14
8899 8447 13
8899 8900 16
8899 9765 9
8900 1656 7
8900 6283 15
8900 8393 16
8900 8901 10
8901 2472 15
8901 3089 11
8901 3662 17
8901 4121 4
8901 5463 13
8901 6005 6
8901 7339 5
8901 8902 3
8902 3152 22
8902 6732 7
8902 8903 21
8903 882 20
8903 3475 13
8903 4099 21
8903 4679 7
8903 8904 16
8904 35 12
8904 1427 5
8904 7236 21
8904 8712 17
8904 8905 12
8905 450 6
8905 799 20
8905 2066 1
8905 8906 13
8905 9116 10
8906 5755 11
8906 8907 10
8906 9291 18
8907 1728 7
8907 2421 22
8907 2656 5
8907 5670 23
8907 8908 1
8908 894 17
8908 2119 5
8908 3952 9
8908 4031 10
8908 5346 14
8908 8909 10
8909 878 9
8909 8068 8
8909 8910 22
8910 7691 7
8910 8161 16
8910 8911 14
8911 1450 2
8911 3007 22
8911 7238 8
8911 7467 20
8911 8912 21
8911 9324 8
8912 153 20
8912 746 18
8912 8085 22
8912 8913 18
8913 849 4
8913 8914 16
8914 924 2
8914 965 1
8914 4480 17
8914 8096 16
8914 8839 1
8914 8915 18
8915 541 16
8915 4487 15
8915 8916 22
8916 866 5
8916 8917 21
8916 9058 19
8917 1201 19
8917 1970 22
8917 2799 14
8917 3225 1
8917 3673 4
8917 5715 12
8917 5838 5
8917 8918 18
8918 2217 15
8918 8236 14
8918 8919 20
8919 356 23
8919 1640 7
8919 1738 18
8919 2585 2
8919 5569 21
8919 6722 2
8919 8920 3
8920 313 2
8920 1708 4
8920 5830 13
8920 8921 5
8920 9863 7
8921 3195 17
8921 5217 13
8921 7721 17
8921 8922 17
8921 9874 12
8922 1732 13
8922 2574 22
8922 3867 4
8922 5065 16
8922 8923 12
8923 1055 15
8923 2391 6
8923 5154 3
8923 8748 2
8923 8924 18
8923 9545 18
8924 2591 17
8924 3278 11
8924 5878 21
8924 8925 10
8924 9832 4
8925 1207 18
8925 1366 14
8925 2917 9
8925 4097 14
8925 4985 7
8925 5083 2
8925 8926 18
8926 3305 7
8926 5451 5
8926 7064 20
8926 8927 14
8927 7850 5
8927 8928 7
8928 512 12
8928 7859 3
8928 8929 9
8928 9744 1
8929 2159 13
8929 2280 16
8929 2365 20
8929 5681 7
8929 6367 12
8929 6683 16
8929 7256 9
8929 7447 22
8929 8142 2
8929 8930 1
8930 4853 10
8930 7514 6
8930 8931 16
8931 1543 13
8931 2581 14
8931 8932 14
8932 1677 4
8932 2962 4
8932 3856 7
8932 7778 18
8932 7949 19
8932 8059 11
8932 8933 2
8933 100 17
8933 892 17
8933 4680 2
8933 5449 19
8933 5921 4
8933 6575 10
8933 7879 1
8933 8934 10
8933 8940 9
8934 5085 5
8934 5955 18
8934 8935 20
8934 9129 3
8935 864 17
8935 8694 6
8935 8936 5
8935 9138 12
8935 9241 10
8936 232 19
8936 2987 5
8936 3227 2
8936 5192 11
8936 8937 2
8937 3323 5
8937 4112 10
8937 8053 12
8937 8938 3
8937 9311 5
8938 91 21
8938 2571 2
8938 7484 10
8938 8747 5
8938 8939 19
8938 9209 15
8939 8376 8
8939 8940 23
8940 2729 11
8940 6658 8
8940 6674 13
8940 8941 17
8941 1310 5
8941 7451 18
8941 8446 5
8941 8942 2
8942 1729 15
8942 2364 17
8942 2685 9
8942 6398 3
8942 7161 8
8942 8943 10
8943 588 6
8943 8648 3
8943 8944 4
8944 2120 5
8944 6712 12
8944 8945 22
8945 190 17
8945 1835 21
8945 3448 3
8945 3764 12
8945 8946 6
8946 4443 3
8946 8947 11
8947 1898 10
8947 6849 10
8947 8948 3
8948 9 23
8948 2039 3
8948 2549 7
8948 4486 11
8948 6638 11
8948 8345 8
8948 8894 4
8948 8949 8
8948 9355 2
8949 97 23
8949 2049 2
8949 8950 2
8949 9036 21
8950 328 6
8950 1794 14
8950 1898 4
8950 6698 18
8950 8951 3
8951 4351 11
8951 4621 12
8951 7949 11
8951 8436 19
8951 8952 7
8952 8953 2
8953 5724 13
8953 6476 22
8953 6964 2
8953 8954 9
8954 1797 10
8954 2021 5
8954 5199 11
8954 8955 2
8954 9776 22
8955 6462 12
8955 8228 2
8955 8956 3
8956 1708 10
8956 8004 7
8956 8957 16
8957 303 5
8957 1664 1
8957 1702 20
8957 3701 2
8957 5106 21
8957 5475 22
8957 8851 20
8957 8958 16
8958 1230 16
8958 8959 23
8959 1973 2
8959 5184 8
8959 6111 22
8959 6589 6
8959 8913 8
8959 8960 6
8960 2916 18
8960 5181 8
8960 8634 15
8960 8961 23
8960 9734 19
8960 9887 21
8961 6680 20
8961 8962 19
8962 448 17
8962 975 15
8962 1000 3
8962 8963 13
8963 1406 21
8963 5156 1
8963 8964 7
8964 3868 6
8964 8426 13
8964 8965 4
8965 8966 2
8966 446 5
8966 662 21
8966 2003 18
8966 3730 1
8966 6551 3
8966 8436 17
8966 8967 5
8967 1673 20
8967 7356 9
8967 8968 20
8967 8984 13
8968 1905 23
8968 3347 5
8968 5853 18
8968 8969 20
8969 6109 1
8969 7185 22
8969 8826 13
8969 8970 7
8970 129 23
8970 1349 12
8970 2810 7
8970 2868 4
8970 4235 5
8970 8018 9
8970 8971 2
8970 9470 6
8971 5157 4
8971 6154 6
8971 8972 9
8972 6799 12
8972 8834 2
8972 8973 9
8973 2434 3
8973 2573 19
8973 3453 10
8973 8974 3
8974 3382 9
8974 8975 23
8974 9213 18
8975 1054 10
8975 2477 5
8975 2635 19
8975 3054 15
8975 4346 11
8975 6623 3
8975 8429 12
8975 8976 21
8976 1354 19
8976 7319 7
8976 8697 21
8976 8977 15
8977 93 16
8977 1435 11
8977 5413 6
8977 5812 7
8977 7627 3
8977 8978 4
8978 3624 11
8978 8979 14
8979 1262 9
8979 3441 20
8979 3790 11
8979 7415 5
8979 8597 13
8979 8980 22
8980 8981 11
8981 4207 21
8981 6045 1
8981 8069 2
8981 8982 5
8981 9433 11
8982 2252 8
8982 2995 1
8982 3357 20
8982 5686 19
8982 8520 4
8982 8983 6
8983 902 13
8983 3336 18
8983 4065 11
8983 6799 20
8983 8984 12
8983 9142 18
8984 68 21
8984 3130 18
8984 3371 11
8984 4048 23
8984 4198 22
8984 8985 8
8985 2615 12
8985 8986 4
8985 9796 18
8986 8987 9
8986 9183 20
8986 9228 13
8987 1048 14
8987 8988 21
8988 2369 14
8988 4071 2
8988 6948 15
8988 8095 16
8988 8989 12
8988 9490 21
8988 9765 11
8989 122 9
8989 1498 17
8989 2307 10
8989 7750 21
8989 7846 23
8989 8171 23
8989 8187 13
8989 8990 23
8990 1660 7
8990 8258 5
8990 8991 18
8991 160 19
8991 869 5
8991 1057 8
8991 8992 2
8991 9572 16
8992 8993 1
8993 5230 9
8993 5607 22
8993 5680 11
8993 6387 6
8993 8606 9
8993 8994 8
8993 9388 16
8994 1762 2
8994 6647 2
8994 8995 20
8995 3960 12
8995 8996 7
8996 510 9
8996 1273 16
8996 2543 19
8996 5809 14
8996 7281 10
8996 8997 1
8997 317 8
8997 1949 5
8997 4913 12
8997 6719 16
8997 6729 10
8997 8998 19
8998 1533 20
8998 6410 7
8998 6943 22
8998 8999 11
8999 362 19
8999 1609 6
8999 2777 17
8999 4604 8
8999 6483 2
8999 9000 4
9000 1903 19
9000 5961 18
9000 9001 10
9000 9494 13
9000 9777 5
9001 1080 23
9001 2544 20
9001 3034 7
9001 8124 15
9001 9002 11
9001 9074 23
9002 813 13
9002 4182 9
9002 9003 3
9003 87 20
9003 5347 14
9003 7949 5
9003 9004 2
9004 4179 10
9004 7270 4
9004 9005 23
9005 1073 20
9005 2121 16
9005 2859 4
9005 3221 1
9005 4417 22
9005 6750 20
9005 9006 1
9006 101 8
9006 300 15
9006 2484 12
9006 3415 23
9006 4836 14
9006 4901 22
9006 6237 2
9006 7455 19
9006 7712 13
9006 9007 18
9006 9049 5
9007 2227 15
9007 3270 3
9007 9008 8
9007 9335 15
9008 1143 6
9008 1792 15
9008 2790 17
9008 5720 7
9008 8896 17
9008 9009 18
9009 226 18
9009 1466 14
9009 1607 20
9009 1868 17
9009 2271 15
9009 5627 8
9009 7461 9
9009 9010 22
9010 4649 6
9010 6534 8
9010 8718 4
9010 9011 13
9011 317 18
9011 1280 18
9011 2989 23
9011 7278 19
9011 9012 13
9012 4044 23
9012 4651 21
9012 8663 16
9012 9013 8
9013 1139 18
9013 2656 7
9013 5535 4
9013 5715 4
9013 8456 5
9013 9014 2
9014 6111 20
9014 8315 4
9014 9015 12
9015 2712 11
9015 8662 15
9015 9016 4
9016 3446 5
9016 7300 17
9016 8163 2
9016 8775 9
9016 9017 17
9017 7757 11
9017 9018 20
9018 1154 5
9018 1824 10
9018 2654 19
9018 6945 3
9018 7490 3
9018 9019 17
9018 9878 9
9019 8143 17
9019 8341 7
9019 9020 21
9020 1290 9
9020 2432 19
9020 3020 13
9020 3190 2
9020 7667 14
9020 9021 2
9020 9907 20
9021 954 17
9021 2085 4
9021 4454 1
9021 9022 15
9022 1794 22
9022 4978 9
9022 7815 14
9022 8113 6
9022 9023 8
9022 9882 17
9023 7487 12
9023 9024 7
9024 239 23
9024 8064 11
9024 8898 4
9024 9025 19
9025 406 1
9025 1987 4
9025 6171 8
9025 9026 6
9025 9265 10
9026 1519 19
9026 1972 7
9026 2115 22
9026 2737 15
9026 8504 9
9026 9027 3
9027 1438 15
9027 9028 20
9028 994 23
9028 1586 15
9028 2487 16
9028 6054 16
9028 9029 21
9029 907 13
9029 2074 5
9029 5404 14
9029 5482 21
9029 6023 18
9029 9030 21
9030 3265 1
9030 4422 5
9030 5879 10
9030 6874 7
9030 9031 13
9031 7175 7
9031 8123 16
9031 9032 14
9032 1909 3
9032 5643 17
9032 9033 4
9033 947 13
9033 2371 12
9033 4263 11
9033 6277 14
9033 9034 7
9034 402 17
9034 927 15
9034 2648 2
9034 4538 4
9034 6456 12
9034 7058 11
9034 9035 8
9035 427 13
9035 6571 15
9035 7632 5
9035 9036 2
9035 9329 4
9036 2375 11
9036 4162 8
9036 5405 21
9036 7739 1
9036 8495 13
9036 9037 2
9037 168 10
9037 2588 1
9037 3259 17
9037 4696 1
9037 6135 15
9037 9038 22
9038 6874 2
9038 9039 17
9038 9464 1
9038 9572 16
9038 9668 6
9039 4210 17
9039 9040 10
9040 1741 10
9040 3065 21
9040 3354 21
9040 6226 15
9040 9041 4
9040 9841 17
9041 2277 13
9041 9042 18
9041 9398 19
9042 36 13
9042 2771 17
9042 7571 12
9042 9043 6
9042 9232 1
9043 1841 11
9043 2652 6
9043 3256 17
9043 6795 13
9043 7437 10
9043 9044 12
9043 9438 1
9044 3207 20
9044 7458 22
9044 9045 16
9045 5939 9
9045 6487 22
9045 6566 11
9045 9046 20
9046 9047 18
9047 4669 18
9047 5764 12
9047 9048 12
9048 715 12
9048 4937 22
9048 9049 23
9049 9050 6
9049 9249 4
9050 54 19
9050 397 14
9050 2183 8
9050 5710 2
9050 6877 22
9050 6987 17
9050 9051 22
9050 9107 11
9051 1163 21
9051 1427 9
9051 1658 2
9051 3544 21
9051 3729 11
9051 7844 21
9051 9052 6
9052 9053 16
9053 1096 12
9053 3790 11
9053 8345 23
9053 9054 10
9054 3471 10
9054 6221 10
9054 8019 5
9054 8402 8
9054 9055 8
9054 9356 15
9055 721 17
9055 1463 1
9055 2251 2
9055 2569 23
9055 6198 16
9055 9056 6
9056 2832 20
9056 7370 4
9056 9057 13
9057 1614 10
9057 5617 15
9057 6551 8
9057 9058 15
9058 1584 16
9058 5336 10
9058 7921 18
9058 9059 7
9058 9440 22
9059 1732 19
9059 2821 1
9059 2934 22
9059 9060 14
9060 1213 19
9060 1866 23
9060 9061 1
9060 9879 5
9061 1774 3
9061 2927 7
9061 9062 21
9062 197 10
9062 3940 6
9062 8381 7
9062 8434 11
9062 9063 22
9062 9850 23
9063 9064 18
9063 9393 14
9064 1221 15
9064 9065 17
9065 1539 8
9065 1761 1
9065 1888 4
9065 4127 15
9065 5712 4
9065 7413 12
9065 8511 19
9065 8763 16
9065 8810 12
9065 9066 6
9066 5302 12
9066 7936 21
9066 9067 3
9067 3837 5
9067 9068 20
9068 3990 21
9068 4962 14
9068 8484 19
9068 8961 7
9068 9069 21
9068 9895 7
9069 2516 17
9069 3934 6
9069 4110 13
9069 4671 23
9069 7709 3
9069 9070 8
9070 6778 11
9070 9071 12
9070 9883 17
9071 1335 12
9071 7121 5
9071 9072 17
9072 594 10
9072 1644 1
9072 2408 1
9072 3959 16
9072 8947 15
9072 9073 4
9073 650 15
9073 3474 17
9073 4057 19
9073 4756 9
9073 5015 19
9073 7045 23
9073 9074 14
9074 2150 3
9074 5705 13
9074 9075 17
9075 4891 10
9075 5584 21
9075 6027 20
9075 9076 20
9076 976 1
9076 1056 2
9076 1560 12
9076 2762 2
9076 3124 12
9076 4294 5
9076 9077 23
9076 9159 7
9077 2690 4
9077 4226 11
9077 9078 21
9078 3718 18
9078 5961 7
9078 9079 10
9079 924 10
9079 2729 20
9079 6550 4
9079 7842 1
9079 9080 5
9080 3185 13
9080 4839 20
9080 5822 21
9080 9081 10
9080 9467 9
9081 151 10
9081 6852 10
9081 7859 7
9081 9082 6
9081 9698 2
9082 4429 7
9082 5147 4
9082 9083 21
9083 4748 5
9083 5458 22
9083 9084 17
9084 153 8
9084 175 16
9084 1831 17
9084 1949 15
9084 2191 20
9084 2964 20
9084 4621 23
9084 7962 5
9084 8556 11
9084 9085 19
9084 9691 18
9085 418 23
9085 2486 15
9085 4725 11
9085 8845 10
9085 9086 15
9086 614 21
9086 4990 18
9086 9087 6
9087 563 15
9087 2607 20
9087 6744 14
9087 7108 22
9087 9088 11
9087 9492 4
9088 2541 2
9088 3175 18
9088 3596 2
9088 4440 12
9088 5515 2
9088 9089 3
9089 1004 15
9089 1179 4
9089 1352 23
9089 5128 7
9089 8638 8
9089 9090 8
9090 663 4
9090 6484 3
9090 7194 13
9090 7452 22
9090 9091 16
9091 3811 20
9091 6068 6
9091 7009 21
9091 9092 12
9092 2532 15
9092 4821 15
9092 5615 6
9092 9093 23
9093 572 11
9093 4029 13
9093 4309 19
9093 9094 22
9094 351 1
9094 1237 14
9094 4837 19
9094 6595 12
9094 7358 21
9094 7412 22
9094 8379 22
9094 8576 21
9094 9095 1
9095 1591 1
9095 2940 18
9095 6435 7
9095 9096 10
9096 1169 4
9096 1815 1
9096 7966 12
9096 9097 8
9097 3801 11
9097 4476 13
9097 7572 1
9097 8984 12
9097 9098 13
9097 9303 2
9097 9808 4
9097 9882 18
9098 5446 15
9098 7716 20
9098 8513 2
9098 9099 10
9099 258 21
9099 2132 6
9099 6008 5
9099 7085 4
9099 9100 3
9099 9117 6
9099 9491 3
9100 404 16
9100 900 14
9100 9101 3
9101 489 17
9101 4221 8
9101 7108 22
9101 7144 14
9101 7445 21
9101 7971 18
9101 8622 21
9101 9102 4
9102 2815 5
9102 3352 17
9102 9103 11
9103 158 4
9103 466 2
9103 3268 13
9103 9104 16
9104 368 17
9104 905 8
9104 992 12
9104 1136 15
9104 9105 22
9104 9296 17
9105 1191 6
9105 1244 2
9105 2723 6
9105 9106 18
9106 377 12
9106 1751 10
9106 3257 18
9106 5276 14
9106 5384 5
9106 9107 15
9107 1091 8
9107 7736 8
9107 8993 12
9107 9108 8
9108 7628 12
9108 9109 12
9109 1748 2
9109 5219 1
9109 9110 11
9110 2132 12
9110 2322 4
9110 5053 13
9110 5132 20
9110 5481 4
9110 9111 3
9111 459 6
9111 1386 5
9111 7232 1
9111 9112 6
9112 2159 21
9112 6252 13
9112 6784 8
9112 6845 20
9112 9113 16
9112 9154 11
9113 318 21
9113 2083 20
9113 4009 6
9113 9114 20
9114 2115 1
9114 2232 16
9114 7781 2
9114 9115 2
9115 1433 16
9115 2090 5
9115 2532 18
9115 4860 1
9115 5467 6
9115 5505 16
9115 9116 1
9115 9713 19
9116 157 22
9116 719 3
9116 9117 22
9117 3249 20
9117 3872 1
9117 7066 17
9117 9118 12
9117 9619 15
9118 1046 9
9118 7047 12
9118 9119 8
9118 9236 4
9119 1032 20
9119 1129 16
9119 1942 14
9119 3298 2
9119 4384 21
9119 5963 18
9119 5967 11
9119 9120 6
9120 8176 4
9120 8875 5
9120 9121 17
9121 3611 19
9121 5465 11
9121 8685 14
9121 9122 2
9122 901 9
9122 2736 17
9122 6633 15
9122 9123 13
9123 422 17
9123 838 15
9123 1099 11
9123 1800 15
9123 2095 14
9123 5115 6
9123 9124 23
9124 1250 14
9124 3151 8
9124 3308 9
9124 3364 7
9124 3869 9
9124 6337 4
9124 6887 19
9124 9125 9
9125 201 15
9125 375 2
9125 3372 6
9125 3953 10
9125 9126 23
9126 389 16
9126 1839 22
9126 3937 14
9126 4693 10
9126 5665 17
9126 6296 2
9126 7740 11
9126 9127 2
9126 9441 10
9126 9787 16
9127 6553 15
9127 6968 4
9127 9128 1
9128 2601 14
9128 8748 18
9128 9129 19
9129 2678 16
9129 3872 18
9129 5418 19
9129 7621 22
9129 7715 18
9129 8426 14
9129 9130 11
9130 786 3
9130 1990 20
9130 4081 2
9130 9131 18
9131 861 6
9131 2035 16
9131 9132 11
9132 68 9
9132 1987 7
9132 3458 8
9132 4394 1
9132 7671 3
9132 9133 4
9133 516 6
9133 2084 11
9133 6922 22
9133 9134 11
9133 9711 19
9134 23 6
9134 353 19
9134 1035 20
9134 2463 21
9134 9135 7
9135 3783 22
9135 8411 13
9135 9062 7
9135 9136 1
9136 5942 11
9136 9137 15
9137 1680 15
9137 2137 20
9137 5521 12
9137 6738 7
9137 8047 16
9137 8486 19
9137 9138 5
9138 2333 19
9138 3402 15
9138 3902 12
9138 4077 6
9138 4157 10
9138 8507 1
9138 9139 13
9139 6958 8
9139 7566 10
9139 9140 14
9139 9245 15
9139 9710 13
9140 2364 6
9140 6846 11
9140 9141 15
9141 3277 6
9141 5532 18
9141 5714 9
9141 8273 20
9141 9142 20
9142 5582 14
9142 8608 9
9142 9143 13
9143 319 19
9143 3478 23
9143 9144 18
9144 2906 9
9144 9145 7
9145 3361 11
9145 4506 5
9145 9146 21
9146 1239 5
9146 4327 6
9146 8534 21
9146 9147 17
9147 2400 14
9147 3998 20
9147 7498 5
9147 7690 20
9147 8918 8
9147 9002 2
9147 9148 8
9148 25 23
9148 4593 3
9148 9149 1
9149 1231 10
9149 6095 13
9149 9042 2
9149 9150 16
9150 1657 7
9150 4995 8
9150 9151 19
9150 9309 14
9150 9911 12
9151 1665 21
9151 4621 21
9151 6242 22
9151 9152 23
9152 313 12
9152 5845 14
9152 9153 14
9153 9154 22
9154 720 11
9154 1124 5
9154 3882 19
9154 4518 4
9154 9155 9
9155 9105 17
9155 9156 3
9156 64 11
9156 418 20
9156 1697 20
9156 4564 18
9156 5881 10
9156 9048 2
9156 9157 6
9157 4062 14
9157 6288 20
9157 9158 17
9158 1104 12
9158 9159 8
9159 3257 15
9159 5437 23
9159 8018 5
9159 9160 21
9160 1534 16
9160 3145 19
9160 3501 16
9160 7193 1
9160 7817 18
9160 8973 14
9160 9161 18
9161 281 10
9161 1916 22
9161 4002 16
9161 9162 18
9162 1700 3
9162 1941 10
9162 4037 11
9162 9163 8
9163 6110 11
9163 7559 14
9163 9164 8
9164 1795 5
9164 2047 4
9164 2459 16
9164 5852 21
9164 9165 19
9165 794 12
9165 3121 14
9165 3420 2
9165 6399 14
9165 7804 15
9165 9166 1
9166 1175 18
9166 2617 12
9166 9167 22
9167 1515 17
9167 2437 20
9167 5179 20
9167 8476 7
9167 9134 14
9167 9168 21
9167 9292 8
9168 3923 18
9168 7883 7
9168 9169 12
9169 347 15
9169 3279 19
9169 9170 13
9170 215 13
9170 1154 23
9170 1416 10
9170 2355 15
9170 3060 20
9170 9171 3
9171 265 14
9171 9169 4
9171 9172 4
9172 3749 17
9172 6641 3
9172 9173 13
9173 1018 15
9173 1179 15
9173 6163 5
9173 7241 4
9173 9174 7
9174 1482 6
9174 9175 20
9174 9823 20
9175 1048 21
9175 1603 19
9175 2286 22
9175 7513 3
9175 9176 2
9176 2469 20
9176 7731 1
9176 9177 2
9177 1215 14
9177 2051 3
9177 2563 23
9177 3823 3
9177 5550 7
9177 7546 3
9177 8057 3
9177 8144 9
9177 8377 17
9177 9178 5
9178 1634 5
9178 2427 1
9178 2909 3
9178 2999 13
9178 3197 4
9178 3567 5
9178 9179 18
9179 376 12
9179 1329 21
9179 6065 23
9179 9180 19
9179 9427 7
9180 1925 4
9180 3193 6
9180 3909 8
9180 4444 20
9180 4790 5
9180 9181 18
9180 9682 4
9181 106 23
9181 1142 5
9181 2756 5
9181 3241 3
9181 3916 8
9181 9182 9
9182 214 2
9182 1513 5
9182 5335 17
9182 6047 20
9182 6426 12
9182 9183 17
9183 1176 8
9183 2037 19
9183 2362 2
9183 7181 22
9183 9184 23
9184 266 5
9184 6304 12
9184 9064 1
9184 9185 16
9185 474 5
9185 1824 13
9185 1855 7
9185 2442 4
9185 9186 10
9186 3191 16
9186 4129 23
9186 6105 12
9186 8262 2
9186 9187 13
9187 653 15
9187 3878 9
9187 9188 19
9188 7962 10
9188 8352 15
9188 9189 23
9189 629 19
9189 5165 1
9189 9190 15
9190 3032 12
9190 5779 9
9190 6918 13
9190 9191 17
9191 41 3
9191 577 13
9191 9192 12
9191 9349 20
9192 830 23
9192 1650 19
9192 4444 9
9192 7264 10
9192 9193 13
9193 1676 4
9193 9194 22
9194 830 5
9194 7350 20
9194 8512 9
9194 9195 5
9194 9687 2
9195 468 2
9195 1545 11
9195 5538 16
9195 6256 19
9195 8829 7
9195 9196 1
9196 498 23
9196 1624 6
9196 1834 5
9196 3980 6
9196 6073 23
9196 8166 11
9196 9197 23
9197 262 13
9197 664 15
9197 2955 22
9197 3246 10
9197 3686 17
9197 4973 4
9197 5795 13
9197 6103 13
9197 9198 3
9197 9841 4
9198 2894 15
9198 4724 14
9198 9199 11
9199 634 6
9199 3182 1
9199 3366 19
9199 6728 3
9199 9200 14
9200 1978 22
9200 2240 11
9200 5201 10
9200 8674 11
9200 9201 2
9201 606 11
9201 1169 17
9201 1621 1
9201 3005 8
9201 3765 2
9201 4056 10
9201 4708 15
9201 7175 20
9201 7985 4
9201 9202 21
9202 74 8
9202 2104 20
9202 2540 22
9202 2636 22
9202 6327 8
9202 8296 9
9202 8889 10
9202 9203 13
9203 845 1
9203 3122 5
9203 4952 5
9203 5436 15
9203 6511 19
9203 7390 3
9203 9204 11
9204 1677 5
9204 8772 4
9204 9205 2
9205 6454 1
9205 9206 20
9206 9091 5
9206 9207 21
9207 1866 6
9207 5204 6
9207 5606 20
9207 9208 20
9208 1782 3
9208 2979 17
9208 4407 6
9208 9209 14
9209 1394 20
9209 5852 13
9209 9210 17
9210 6439 7
9210 6979 9
9210 9211 19
9211 5 3
9211 4227 16
9211 7960 21
9211 9212 5
9212 685 3
9212 1648 18
9212 4710 16
9212 7609 8
9212 9213 21
9213 1379 2
9213 1894 14
9213 5125 3
9213 8251 19
9213 8986 1
9213 9214 16
9214 2126 23
9214 4892 7
9214 5639 6
9214 9215 9
9215 145 22
9215 3828 8
9215 4726 17
9215 9216 3
9216 1377 14
9216 2038 22
9216 3365 1
9216 5277 21
9216 7358 7
9216 9217 11
9217 1768 20
9217 3638 6
9217 4050 18
9217 8062 21
9217 8189 14
9217 9218 17
9217 9402 23
9218 1190 22
9218 1436 22
9218 9219 8
9219 831 15
9219 3168 3
9219 4368 14
9219 8035 11
9219 8981 12
9219 9220 14
9220 948 10
9220 4831 4
9220 6241 5
9220 7422 6
9220 8905 3
9220 9221 21
9221 4398 18
9221 6127 11
9221 8579 4
9221 8740 15
9221 9222 6
9222 2965 17
9222 8580 2
9222 9210 3
9222 9223 10
9222 9598 16
9223 4219 21
9223 4574 15
9223 5589 8
9223 8013 12
9223 9224 17
9224 4429 16
9224 9225 11
9225 2773 23
9225 6001 17
9225 8589 21
9225 9226 23
9226 1800 11
9226 9227 9
9227 9228 11
9228 125 15
9228 1903 11
9228 6036 1
9228 9229 11
9229 7412 17
9229 8138 15
9229 9046 8
9229 9230 23
9230 3196 20
9230 9231 2
9230 9890 7
9231 1146 4
9231 1376 22
9231 3609 11
9231 5346 2
9231 5747 15
9231 9232 5
9232 1458 2
9232 1840 23
9232 4463 23
9232 4855 19
9232 9233 9
9232 9313 10
9233 125 14
9233 1172 13
9233 1845 21
9233 9234 6
9234 2491 15
9234 8019 18
9234 9235 1
9234 9394 17
9235 3216 11
9235 8232 20
9235 9236 19
9236 4290 11
9236 9237 17
9237 8385 16
9237 9238 10
9238 452 17
9238 2497 23
9238 6882 11
9238 9239 14
9239 3872 18
9239 7015 23
9239 9240 19
9239 9409 3
9240 6054 11
9240 6519 2
9240 7726 13
9240 9241 4
9241 1084 7
9241 3708 22
9241 5639 12
9241 7915 16
9241 9242 3
9242 596 11
9242 7275 7
9242 7797 12
9242 9243 22
9242 9322 11
9243 9244 12
9244 1229 2
9244 1234 14
9244 1398 2
9244 3338 14
9244 8094 14
9244 8838 15
9244 9245 20
9244 9992 14
9245 2202 1
9245 9246 17
9246 1048 3
9246 5356 14
9246 5896 8
9246 9247 9
9247 721 14
9247 9190 7
9247 9248 22
9248 4780 3
9248 9249 16
9248 9809 7
9249 4952 23
9249 6924 5
9249 9250 23
9250 829 17
9250 1479 21
9250 2992 10
9250 3507 6
9250 5194 18
9250 7464 3
9250 9251 5
9251 2458 9
9251 5950 14
9251 8131 1
9251 9252 17
9251 9394 12
9252 1591 16
9252 2263 22
9252 7661 8
9252 8154 19
9252 9253 18
9253 634 5
9253 920 3
9253 5510 19
9253 6421 7
9253 9049 6
9253 9254 22
9254 338 23
9254 1385 9
9254 4272 22
9254 4594 7
9254 4803 14
9254 8473 11
9254 9255 18
9255 155 6
9255 1195 11
9255 2966 14
9255 3272 7
9255 4811 7
9255 5365 15
9255 7002 15
9255 9256 7
9256 9257 9
9256 9664 19
9257 1769 17
9257 3781 7
9257 5953 8
9257 8507 16
9257 9258 19
9258 323 13
9258 4281 1
9258 7602 5
9258 8761 21
9258 9259 3
9259 2232 1
9259 4973 7
9259 6329 19
9259 9260 19
9260 4198 18
9260 4570 10
9260 4952 11
9260 7056 3
9260 9261 19
9261 412 11
9261 691 18
9261 4400 14
9261 5329 13
9261 6938 22
9261 9262 22
9262 219 23
9262 769 4
9262 1822 7
9262 4036 3
9262 9263 10
9263 4209 16
9263 8824 21
9263 9264 2
9264 631 1
9264 3244 23
9264 6339 6
9264 7971 16
9264 9265 6
9265 1829 8
9265 4204 1
9265 7916 14
9265 8958 20
9265 9266 5
9266 1052 2
9266 6105 11
9266 7978 9
9266 9267 14
9267 5969 14
9267 8827 1
9267 9268 13
9268 1522 18
9268 1986 15
9268 3299 6
9268 3850 2
9268 8717 20
9268 9269 12
9268 9803 11
9269 2038 14
9269 8326 22
9269 9270 7
9269 9449 11
9270 647 1
9270 9047 16
9270 9271 11
9271 2651 1
9271 5574 5
9271 9272 19
9272 4266 10
9272 5187 21
9272 9273 9
9272 9311 8
9272 9435 5
9273 2650 1
9273 5662 15
9273 6823 17
9273 9274 2
9274 1261 23
9274 1608 15
9274 5282 7
9274 9275 10
9275 420 8
9275 1795 19
9275 4053 13
9275 4534 8
9275 4582 9
9275 9276 9
9276 1144 22
9276 1293 23
9276 9277 20
9277 461 17
9277 4057 21
9277 6086 23
9277 7650 11
9277 9278 7
9278 1673 6
9278 6511 16
9278 9279 19
9278 9391 4
9279 2396 7
9279 3545 23
9279 6373 15
9279 6802 12
9279 9280 6
9280 1144 10
9280 1595 23
9280 3056 14
9280 8100 1
9280 9281 4
9280 9660 6
9280 9863 3
9281 2736 1
9281 4340 23
9281 7288 11
9281 8992 10
9281 9282 18
9282 3623 15
9282 9182 16
9282 9283 11
9283 4666 23
9283 6782 7
9283 9284 17
9283 9676 7
9284 209 11
9284 3257 14
9284 6176 20
9284 9285 2
9285 997 23
9285 4851 3
9285 9286 18
9285 9509 13
9286 1953 9
9286 2549 11
9286 4687 23
9286 4737 10
9286 9287 21
9287 2534 19
9287 3392 5
9287 5375 1
9287 7107 20
9287 9288 15
9287 9786 21
9288 994 12
9288 1676 15
9288 2657 15
9288 5196 11
9288 6003 3
9288 9289 8
9289 4106 11
9289 5135 14
9289 5419 11
9289 5569 23
9289 8013 6
9289 9290 6
9289 9905 7
9290 1592 20
9290 5245 9
9290 7281 15
9290 9291 21
9291 712 8
9291 7743 6
9291 8884 3
9291 9292 22
9292 2157 3
9292 3123 8
9292 3229 3
9292 9293 1
9293 3308 17
9293 4787 22
9293 6406 18
9293 7434 8
9293 9294 13
9294 1304 10
9294 5040 14
9294 6218 3
9294 9295 12
9295 149 2
9295 2090 8
9295 2353 22
9295 5229 11
9295 6808 23
9295 9296 21
9296 67 19
9296 934 1
9296 2671 18
9296 7810 5
9296 9297 23
9297 1692 8
9297 1847 7
9297 8658 3
9297 9298 16
9298 359 19
9298 1989 2
9298 4038 21
9298 4331 13
9298 4958 7
9298 9299 22
9299 2489 8
9299 2736 18
9299 8626 5
9299 9300 16
9300 7358 5
9300 9301 6
9301 39 9
9301 2456 11
9301 6122 14
9301 9302 14
9302 3415 14
9302 9303 1
9303 3096 23
9303 4653 17
9303 6771 21
9303 7495 4
9303 8998 12
9303 9304 16
9304 677 1
9304 1033 10
9304 1563 18
9304 5729 3
9304 6314 15
9304 9303 23
9304 9305 18
9304 9790 9
9305 2625 11
9305 9306 9
9306 424 12
9306 737 14
9306 1285 20
9306 8729 8
9306 9307 15
9307 3838 22
9307 9308 21
9307 9411 9
9308 779 9
9308 4047 15
9308 5298 4
9308 8379 5
9308 9309 17
9309 7452 22
9309 9310 22
9310 381 16
9310 2955 23
9310 3051 15
9310 4679 10
9310 7543 10
9310 9311 16
9311 2036 18
9311 4844 5
9311 6823 12
9311 7124 5
9311 9312 1
9312 7095 13
9312 9313 19
9313 1439 21
9313 2359 7
9313 6043 15
9313 6442 13
9313 9314 9
9314 85 15
9314 4286 19
9314 6192 7
9314 9315 20
9315 17 18
9315 2229 19
9315 2602 5
9315 5391 12
9315 7114 19
9315 8423 9
9315 9316 5
9315 9817 3
9316 505 13
9316 1339 22
9316 1422 2
9316 2019 3
9316 6766 4
9316 8714 14
9316 8898 6
9316 9317 8
9317 2021 16
9317 4317 1
9317 9318 8
9318 2248 20
9318 2322 16
9318 4081 10
9318 6194 3
9318 7151 18
9318 8528 22
9318 9319 12
9319 1884 5
9319 4503 1
9319 7715 7
9319 9320 8
9320 4247 22
9320 4722 3
9320 5765 5
9320 6806 18
9320 9321 22
9321 1700 23
9321 1930 16
9321 8412 18
9321 9322 12
9322 1040 13
9322 3966 4
9322 6473 20
9322 7743 9
9322 9323 19
9323 4214 4
9323 7730 4
9323 8794 9
9323 9324 5
9324 2303 7
9324 9325 23
9325 914 3
9325 2876 21
9325 4069 1
9325 4149 6
9325 9326 22
9326 1910 20
9326 7413 18
9326 9327 8
9327 400 14
9327 1219 17
9327 3041 4
9327 6304 22
9327 9328 18
9328 3953 15
9328 5452 10
9328 9329 23
9329 357 1
9329 3895 5
9329 5473 8
9329 5984 8
9329 9330 21
9330 3518 15
9330 7720 13
9330 9331 2
9331 5591 10
9331 9332 2
9332 2565 3
9332 6387 19
9332 9333 16
9333 632 9
9333 5762 11
9333 9334 23
9334 2981 22
9334 5062 5
9334 9335 13
9335 1379 20
9335 2008 1
9335 5010 9
9335 9336 1
9335 9747 14
9336 2052 11
9336 3212 21
9336 7585 5
9336 7957 16
9336 9337 20
9337 5033 17
9337 5385 21
9337 8574 10
9337 9154 9
9337 9338 18
9338 12 16
9338 902 17
9338 9339 2
9339 3533 9
9339 4455 16
9339 9340 7
9339 9971 10
9340 3070 19
9340 9341 10
9341 7477 12
9341 8197 6
9341 9342 21
9342 265 8
9342 1057 10
9342 1186 19
9342 1507 13
9342 1532 14
9342 2051 11
9342 9343 4
9343 3559 16
9343 6150 5
9343 9344 9
9344 2019 4
9344 2242 16
9344 5357 2
9344 5810 15
9344 6231 18
9344 7180 16
9344 7401 20
9344 9345 13
9344 9490 12
9345 803 6
9345 2752 6
9345 3209 18
9345 3476 13
9345 3825 20
9345 5465 5
9345 5493 10
9345 8530 12
9345 8995 1
9345 9346 18
9346 918 20
9346 1341 15
9346 1740 15
9346 4256 22
9346 4954 19
9346 7799 19
9346 9347 14
9347 2171 18
9347 3271 3
9347 3786 9
9347 9348 4
9348 895 6
9348 1136 8
9348 1964 1
9348 2789 9
9348 9128 4
9348 9349 23
9349 1821 23
9349 6781 17
9349 9043 8
9349 9350 12
9349 9520 15
9350 5351 20
9350 7560 15
9350 9351 9
9351 1582 15
9351 8921 9
9351 9352 19
9352 88 3
9352 2250 8
9352 7631 17
9352 8095 14
9352 9353 8
9353 6287 10
9353 9354 5
9354 1472 19
9354 2646 9
9354 2820 6
9354 9355 9
9354 9693 18
9355 829 7
9355 8252 20
9355 9356 9
9355 9524 21
9356 2366 3
9356 4420 4
9356 7064 16
9356 9357 18
9357 181 10
9357 808 12
9357 845 3
9357 3168 8
9357 4242 10
9357 7760 8
9357 9358 15
9358 3216 8
9358 3880 5
9358 5735 13
9358 6300 14
9358 6303 17
9358 9359 3
9359 363 1
9359 1061 18
9359 2233 4
9359 2274 11
9359 9360 19
9359 9518 2
9360 701 8
9360 5318 4
9360 9361 15
9361 3186 2
9361 7961 21
9361 9362 12
9362 694 2
9362 2533 15
9362 3474 7
9362 9363 12
9363 5970 16
9363 7281 18
9363 9101 2
9363 9364 1
9364 798 10
9364 1671 22
9364 3119 15
9364 4208 20
9364 5513 12
9364 9365 17
9365 1201 1
9365 5311 16
9365 9366 19
9366 102 12
9366 3001 17
9366 3357 14
9366 5969 15
9366 9049 19
9366 9367 4
9366 9572 13
9367 33 23
9367 1433 14
9367 2177 10
9367 8425 8
9367 9368 8
9368 2554 7
9368 4177 11
9368 5445 3
9368 8156 5
9368 9369 6
9369 7853 5
9369 9370 18
9369 9628 7
9370 861 19
9370 5688 8
9370 9200 8
9370 9281 17
9370 9371 20
9371 1103 7
9371 1403 11
9371 3061 3
9371 5207 8
9371 9372 13
9372 543 10
9372 657 13
9372 6838 4
9372 8291 18
9372 8415 13
9372 9373 16
9373 9360 21
9373 9374 11
9374 289 16
9374 5880 6
9374 6180 6
9374 8570 3
9374 9375 2
9375 9376 19
9376 342 9
9376 470 22
9376 2052 14
9376 6802 17
9376 7610 21
9376 9377 17
9377 5075 14
9377 7010 12
9377 7963 23
9377 9378 10
9377 9581 23
9377 9741 17
9378 76 14
9378 639 17
9378 4285 11
9378 5089 4
9378 6256 4
9378 9379 17
9379 633 16
9379 3959 7
9379 5410 16
9379 5447 16
9379 6797 16
9379 8138 21
9379 9000 4
9379 9380 12
9380 2764 16
9380 2957 23
9380 5807 13
9380 9381 10
9381 2556 9
9381 4723 22
9381 6819 3
9381 7019 9
9381 9304 9
9381 9382 6
9382 2540 2
9382 9383 10
9383 487 18
9383 1699 4
9383 3114 6
9383 8161 8
9383 9384 22
9384 308 23
9384 2838 3
9384 3048 18
9384 3833 21
9384 5737 22
9384 9385 7
9385 1115 1
9385 1180 21
9385 6856 23
9385 8554 23
9385 9386 18
9386 2806 12
9386 4926 13
9386 8267 5
9386 8697 23
9386 9387 5
9387 1397 16
9387 4204 4
9387 7357 17
9387 9388 17
9388 43 12
9388 1886 12
9388 9389 12
9389 1755 5
9389 1869 15
9389 7817 20
9389 8232 16
9389 9266 13
9389 9390 9
9390 247 22
9390 1291 16
9390 7505 20
9390 9083 12
9390 9391 6
9390 9838 12
9391 469 1
9391 4752 11
9391 9392 23
9392 2194 15
9392 4167 23
9392 4635 20
9392 7224 5
9392 8823 14
9392 9026 7
9392 9393 16
9392 9718 18
9393 171 16
9393 4329 21
9393 6523 11
9393 9394 5
9394 862 2
9394 944 8
9394 1624 9
9394 5901 12
9394 7596 11
9394 7940 3
9394 9395 18
9395 2093 1
9395 6559 20
9395 9396 11
9396 73 9
9396 328 17
9396 523 12
9396 1626 21
9396 6521 2
9396 8019 17
9396 9397 17
9397 3156 8
9397 8460 17
9397 8665 5
9397 9398 12
9397 9513 5
9398 301 11
9398 1827 22
9398 2109 13
9398 4323 1
9398 5771 23
9398 9091 22
9398 9399 22
9399 1085 1
9399 1150 7
9399 2551 3
9399 8034 22
9399 9400 12
9400 227 2
9400 1436 15
9400 6527 1
9400 6945 16
9400 8475 8
9400 9401 22
9401 5303 8
9401 8851 2
9401 9402 17
9402 5408 8
9402 8066 18
9402 9403 4
9403 2440 14
9403 2833 18
9403 4356 18
9403 5699 14
9403 9404 13
9404 1358 9
9404 1363 9
9404 9081 14
9404 9405 17
9405 4870 12
9405 8912 18
9405 9406 8
9406 1311 5
9406 8916 9
9406 9407 22
9407 318 18
9407 2046 5
9407 4016 7
9407 9408 1
9408 39 1
9408 2798 20
9408 3112 9
9408 5304 16
9408 6030 3
9408 8130 7
9408 9409 13
9409 8034 13
9409 9410 13
9409 9588 14
9409 9968 23
9410 1153 21
9410 3552 11
9410 9411 11
9411 9222 15
9411 9412 8
9411 9530 15
9412 4733 21
9412 9276 9
9412 9413 23
9413 502 1
9413 1179 2
9413 3094 7
9413 5558 9
9413 6486 15
9413 9414 17
9413 9452 15
9414 2408 9
9414 9415 5
9414 9421 23
9415 1127 2
9415 1688 4
9415 2209 2
9415 3189 15
9415 4288 10
9415 4333 23
9415 4344 5
9415 9416 13
9416 1836 9
9416 2831 14
9416 3307 18
9416 3538 23
9416 3616 1
9416 9417 5
9417 243 1
9417 2749 3
9417 6413 16
9417 7047 2
9417 9000 7
9417 9418 15
9418 5092 19
9418 9419 3
9418 9655 4
9419 2484 10
9419 3692 8
9419 4984 9
9419 7347 2
9419 9420 23
9420 1677 6
9420 4188 20
9420 4794 11
9420 5653 23
9420 7892 8
9420 9421 4
9421 4633 22
9421 5860 23
9421 7536 5
9421 8754 9
9421 9422 9
9421 9993 12
9422 4992 6
9422 8154 19
9422 9423 22
9423 864 18
9423 1864 19
9423 7508 12
9423 7587 6
9423 9424 8
9424 834 9
9424 9425 13
9424 9697 7
9425 2222 11
9425 2608 10
9425 4060 13
9425 9426 23
9426 1822 11
9426 2278 6
9426 3604 4
9426 3703 1
9426 9427 18
9427 4274 17
9427 7378 17
9427 7712 11
9427 9428 14
9428 4347 7
9428 4381 7
9428 5353 8
9428 5612 14
9428 6621 7
9428 9429 11
9429 975 8
9429 1784 4
9429 2965 22
9429 6946 11
9429 9430 12
9430 1017 15
9430 1980 23
9430 4088 18
9430 9431 6
9431 5120 13
9431 5786 5
9431 8331 8
9431 8801 19
9431 9432 12
9432 2228 10
9432 2396 10
9432 4333 1
9432 5886 13
9432 9433 14
9432 9841 16
9433 9434 3
9434 345 21
9434 5033 4
9434 9435 8
9435 151 5
9435 888 17
9435 2051 9
9435 5241 13
9435 8376 4
9435 9436 1
9436 1605 14
9436 6923 3
9436 9051 17
9436 9437 6
9436 9579 4
9437 195 8
9437 610 2
9437 4022 21
9437 7529 16
9437 8991 15
9437 9438 13
9437 9883 12
9438 4481 17
9438 5488 9
9438 6538 15
9438 6947 23
9438 7166 17
9438 8794 6
9438 9439 13
9439 1052 2
9439 5265 11
9439 6021 12
9439 6506 23
9439 9440 20
9440 3993 12
9440 4492 19
9440 5259 18
9440 9441 11
9441 869 2
9441 2853 16
9441 4125 15
9441 9442 16
9442 580 6
9442 7072 16
9442 9116 17
9442 9443 11
9443 3131 21
9443 3448 6
9443 7326 17
9443 7556 20
9443 9444 3
9444 5474 1
9444 7267 12
9444 9445 10
9445 724 21
9445 1815 9
9445 7363 11
9445 7403 17
9445 9238 8
9445 9446 5
9446 616 12
9446 1421 18
9446 1896 2
9446 2762 14
9446 2791 2
9446 3399 5
9446 9066 17
9446 9447 2
9446 9859 12
9447 736 15
9447 2065 7
9447 3988 10
9447 4528 20
9447 8361 22
9447 9448 18
9447 9561 23
9448 56 5
9448 1172 6
9448 1686 16
9448 2855 9
9448 9449 14
9448 9568 13
9449 2056 8
9449 2726 15
9449 9450 15
9450 3793 3
9450 9451 23
9451 5668 22
9451 9452 19
9452 8673 6
9452 9453 20
9453 307 11
9453 1630 11
9453 4071 18
9453 5421 2
9453 6150 13
9453 9454 7
9454 36 10
9454 834 18
9454 2238 8
9454 9455 6
9455 2234 18
9455 6745 9
9455 6879 11
9455 9456 6
9456 194 10
9456 674 18
9456 1684 2
9456 1746 20
9456 7655 16
9456 8384 23
9456 9457 16
9457 967 23
9457 2940 2
9457 5887 10
9457 6062 12
9457 9458 17
9458 830 3
9458 2522 15
9458 2759 18
9458 9459 9
9459 1896 3
9459 4980 18
9459 9086 16
9459 9460 14
9460 365 13
9460 376 4
9460 2294 10
9460 3065 5
9460 3153 10
9460 5443 9
9460 7382 6
9460 7717 13
9460 8153 3
9460 8289 20
9460 9461 17
9461 120 3
9461 408 6
9461 1001 15
9461 1391 5
9461 1443 5
9461 1768 7
9461 2744 23
9461 9462 16
9462 3334 5
9462 5622 2
9462 6826 21
9462 7770 14
9462 8209 11
9462 9463 15
9463 920 9
9463 6715 21
9463 8109 1
9463 9464 13
9464 1375 4
9464 1630 7
9464 5104 7
9464 9344 11
9464 9465 11
9465 1855 2
9465 3167 15
9465 9466 18
9466 1439 9
9466 3465 2
9466 4391 5
9466 4863 3
9466 7590 13
9466 9467 20
9466 9864 20
9467 474 19
9467 1368 21
9467 3397 11
9467 8317 18
9467 9468 4
9468 4178 10
9468 4212 1
9468 4840 18
9468 9469 17
9469 466 18
9469 1421 1
9469 7497 7
9469 9470 14
9470 122 22
9470 1383 9
9470 4503 7
9470 7324 19
9470 9471 18
9471 3228 17
9471 4322 22
9471 7535 19
9471 9472 9
9472 361 8
9472 1903 2
9472 9473 18
9473 9474 2
9473 9864 12
9473 9886 13
9474 1024 3
9474 9475 5
9475 1418 17
9475 8642 11
9475 9476 6
9476 1834 3
9476 4361 19
9476 9477 4
9477 4877 20
9477 9478 13
9478 1124 21
9478 8296 5
9478 8670 2
9478 8812 19
9478 9479 19
9479 24 8
9479 695 22
9479 1416 1
9479 1953 14
9479 2217 20
9479 4268 5
9479 7262 6
9479 7626 18
9479 9480 12
9480 813 8
9480 2556 19
9480 6434 10
9480 9481 4
9481 418 23
9481 4845 20
9481 8056 11
9481 9243 1
9481 9482 9
9482 1589 12
9482 1611 13
9482 2728 23
9482 6096 23
9482 7069 23
9482 9483 16
9483 641 5
9483 2268 5
9483 4330 1
9483 5838 23
9483 6778 6
9483 7343 7
9483 9484 3
9484 102 4
9484 6769 6
9484 8582 5
9484 9485 1
9485 8918 1
9485 9486 21
9486 1291 16
9486 3181 21
9486 3243 21
9486 4638 21
9486 5048 15
9486 5287 22
9486 9487 14
9487 921 15
9487 2709 3
9487 4948 5
9487 4977 2
9487 6692 10
9487 7074 19
9487 9488 3
9488 6748 3
9488 8743 1
9488 9489 12
9489 1700 8
9489 1867 17
9489 5757 2
9489 9490 1
9490 2020 23
9490 5477 14
9490 9491 15
9491 946 5
9491 3103 10
9491 4935 8
9491 6716 4
9491 9492 18
9491 9975 6
9492 203 11
9492 2980 12
9492 3112 7
9492 9493 5
9493 1796 22
9493 2310 21
9493 5664 21
9493 6283 2
9493 9494 17
9493 9542 23
9494 55 11
9494 4815 16
9494 6618 7
9494 8350 16
9494 8974 2
9494 9495 21
9494 9658 1
9495 1975 18
9495 3249 23
9495 9496 20
9496 4520 19
9496 6212 19
9496 6414 23
9496 9497 23
9497 9498 4
9498 666 23
9498 862 14
9498 5033 18
9498 6643 23
9498 8333 4
9498 9463 6
9498 9499 11
9499 297 8
9499 491 5
9499 496 14
9499 9500 22
9500 528 10
9500 6943 18
9500 9157 17
9500 9501 13
9501 758 10
9501 957 12
9501 1477 17
9501 3767 18
9501 3920 22
9501 9502 15
9501 9795 21
9502 3049 9
9502 8653 4
9502 9414 23
9502 9503 23
9503 984 15
9503 1368 14
9503 2008 4
9503 2278 14
9503 2377 8
9503 3026 13
9503 6679 20
9503 7485 10
9503 9504 7
9504 793 19
9504 2822 21
9504 3784 8
9504 5230 11
9504 9505 11
9505 132 21
9505 5737 17
9505 9506 21
9506 1005 6
9506 2864 16
9506 4917 23
9506 5334 2
9506 5406 17
9506 6977 5
9506 8637 6
9506 9507 19
9507 8815 8
9507 9508 23
9508 2748 6
9508 3881 14
9508 8128 17
9508 8466 9
9508 9509 23
9509 2022 18
9509 9510 1
9510 712 5
9510 1909 12
9510 3307 18
9510 8414 23
9510 9511 2
9511 9512 18
9512 6947 7
9512 7604 3
9512 9513 10
9513 43 1
9513 4229 3
9513 4332 11
9513 7019 15
9513 7757 9
9513 7804 17
9513 9514 21
9514 1630 20
9514 2048 9
9514 3842 16
9514 9515 12
9515 1320 5
9515 2869 10
9515 4482 12
9515 9017 16
9515 9516 9
9515 9550 18
9516 4625 10
9516 9517 2
9517 7601 2
9517 9031 21
9517 9518 22
9518 507 3
9518 6993 8
9518 7627 16
9518 9519 20
9519 992 3
9519 1763 13
9519 3303 8
9519 7573 19
9519 9520 23
9520 1394 4
9520 1611 10
9520 2815 8
9520 7054 9
9520 8027 14
9520 9521 6
9520 9615 9
9520 9837 9
9521 3855 16
9521 6938 4
9521 7442 21
9521 9522 12
9521 9934 19
9522 5815 16
9522 9523 9
9523 2536 8
9523 5800 13
9523 7069 15
9523 7402 16
9523 9524 11
9523 9801 4
9523 9838 23
9524 3182 21
9524 6263 11
9524 6585 6
9524 9525 9
9525 55 21
9525 3188 1
9525 5348 3
9525 8210 14
9525 9526 8
9526 5685 9
9526 6867 19
9526 7385 6
9526 9321 19
9526 9527 14
9526 9776 22
9527 743 4
9527 4383 17
9527 5019 5
9527 6089 19
9527 8786 8
9527 9528 7
9528 3373 15
9528 4400 9
9528 5460 3
9528 7008 16
9528 8188 13
9528 9529 7
9528 9922 21
9529 1290 17
9529 1929 14
9529 3146 9
9529 3897 4
9529 4992 8
9529 7971 20
9529 9530 18
9530 1472 8
9530 2762 22
9530 6861 3
9530 6922 15
9530 8248 22
9530 9531 3
9531 27 10
9531 3039 22
9531 7230 21
9531 7644 16
9531 9532 5
9532 3089 2
9532 5223 19
9532 6128 13
9532 7459 17
9532 8475 23
9532 9533 14
9533 4796 22
9533 5113 18
9533 5394 1
9533 6788 4
9533 8494 5
9533 9534 2
9534 152 18
9534 620 22
9534 1867 9
9534 4865 23
9534 6383 11
9534 6491 18
9534 9535 6
9535 94 22
9535 201 19
9535 2317 5
9535 5303 4
9535 6146 16
9535 6913 6
9535 6970 14
9535 8921 3
9535 9536 22
9536 1101 18
9536 1549 4
9536 3354 4
9536 5897 22
9536 8412 19
9536 9537 19
9537 2614 16
9537 7930 12
9537 9538 9
9538 684 16
9538 895 7
9538 2565 11
9538 7067 23
9538 8364 23
9538 9539 9
9539 1175 12
9539 3219 3
9539 5620 22
9539 9540 11
9540 5254 21
9540 9541 5
9541 2139 10
9541 4669 5
9541 8417 20
9541 8674 20
9541 9542 17
9542 1868 14
9542 2386 2
9542 5290 6
9542 9543 12
9543 1709 6
9543 4197 14
9543 4517 19
9543 8744 4
9543 9544 9
9544 1159 23
9544 2575 23
9544 2979 5
9544 6227 12
9544 8586 8
9544 9545 4
9545 137 21
9545 4620 15
9545 7024 22
9545 9546 5
9546 813 10
9546 1739 21
9546 1794 22
9546 2461 23
9546 5697 22
9546 5924 23
9546 6678 4
9546 9547 5
9547 79 19
9547 9548 15
9548 1202 22
9548 2773 6
9548 3622 6
9548 8569 12
9548 8793 20
9548 9549 8
9548 9956 10
9549 504 23
9549 831 7
9549 1954 3
9549 2214 18
9549 2454 8
9549 9550 10
9550 1815 22
9550 3244 12
9550 7892 13
9550 9551 10
9551 576 10
9551 1972 23
9551 8162 7
9551 9552 13
9552 1347 5
9552 3319 23
9552 9553 7
9553 2608 10
9553 5018 18
9553 7907 15
9553 9554 9
9554 9555 8
9555 980 20
9555 1517 13
9555 6724 23
9555 7174 2
9555 9556 23
9556 2054 14
9556 2342 11
9556 4761 20
9556 9557 15
9557 275 9
9557 2360 16
9557 6194 20
9557 9558 18
9558 4318 4
9558 9559 15
9559 200 3
9559 5566 4
9559 8963 7
9559 9560 19
9560 3072 14
9560 7170 16
9560 9561 3
9560 9838 17
9561 2875 11
9561 3100 12
9561 3171 12
9561 9562 5
9562 9563 18
9563 207 15
9563 1404 9
9563 2170 19
9563 4515 17
9563 9564 16
9564 1075 10
9564 2268 8
9564 5038 22
9564 9506 9
9564 9565 20
9564 9666 23
9565 2055 23
9565 3189 5
9565 8891 1
9565 9566 3
9566 3839 8
9566 6324 15
9566 6626 3
9566 8195 21
9566 9567 5
9567 397 3
9567 3281 18
9567 3628 9
9567 4127 4
9567 6655 1
9567 9568 17
9567 9742 19
9568 2844 18
9568 9180 2
9568 9569 22
9569 162 10
9569 7127 7
9569 9570 3
9570 2926 2
9570 3240 14
9570 6787 12
9570 9571 21
9571 9572 20
9572 9573 23
9573 2028 18
9573 4180 21
9573 8195 18
9573 8245 5
9573 9574 19
9574 145 13
9574 2914 11
9574 3041 6
9574 5416 10
9574 9575 8
9575 1347 6
9575 1720 16
9575 2204 14
9575 2629 19
9575 4011 12
9575 8474 3
9575 9435 7
9575 9452 22
9575 9576 5
9576 5957 14
9576 6722 9
9576 7377 23
9576 9577 19
9577 6790 9
9577 6848 7
9577 9578 8
9578 625 7
9578 9579 12
9579 457 2
9579 1536 20
9579 2321 20
9579 3310 12
9579 7508 16
9579 8585 3
9579 9580 13
9579 9763 19
9580 9581 7
9581 751 16
9581 1994 19
9581 5966 5
9581 6548 14
9581 9455 17
9581 9582 10
9582 647 9
9582 898 11
9582 9583 15
9583 24 17
9583 500 16
9583 1900 7
9583 3889 20
9583 6872 12
9583 8682 12
9583 9584 10
9584 7571 10
9584 9585 2
9585 3358 4
9585 9586 17
9585 9858 23
9586 650 23
9586 1904 14
9586 4816 17
9586 6864 10
9586 8216 20
9586 8845 10
9586 9587 22
9587 2270 1
9587 4730 15
9587 7374 12
9587 7807 15
9587 8905 8
9587 9588 18
9588 789 6
9588 1542 3
9588 9589 6
9589 2273 7
9589 5289 1
9589 6141 11
9589 9590 12
9590 1019 18
9590 1918 10
9590 9534 2
9590 9591 6
9590 9708 1
9591 1439 10
9591 5525 11
9591 6743 8
9591 6825 8
9591 6915 8
9591 7361 6
9591 8292 4
9591 8391 2
9591 9592 15
9592 8730 3
9592 9593 18
9593 1156 2
9593 9594 4
9594 2190 17
9594 2699 1
9594 6615 15
9594 7618 12
9594 8471 14
9594 9595 22
9595 683 20
9595 3066 11
9595 6020 13
9595 7047 12
9595 7534 18
9595 8964 1
9595 9596 3
9596 1767 15
9596 2221 6
9596 7306 21
9596 9597 9
9597 9598 12
9598 2814 17
9598 7318 7
9598 8520 17
9598 9599 12
9599 3530 22
9599 3762 11
9599 4872 7
9599 5677 23
9599 7860 3
9599 9422 4
9599 9600 6
9600 5170 14
9600 5928 13
9600 6300 20
9600 6930 7
9600 9601 18
9601 1327 17
9601 1891 16
9601 6014 1
9601 6466 7
9601 9489 7
9601 9602 21
9602 3777 21
9602 9603 16
9602 9755 19
9603 9131 14
9603 9604 3
9604 5089 18
9604 7000 19
9604 9605 17
9605 302 10
9605 356 9
9605 2067 3
9605 7991 13
9605 8344 4
9605 8436 11
9605 9606 20
9606 2152 11
9606 9607 11
9607 3102 18
9607 7903 13
9607 9608 12
9608 63 5
9608 1061 1
9608 1668 4
9608 2894 10
9608 3242 20
9608 4794 18
9608 5684 2
9608 9609 12
9609 9610 9
9610 744 5
9610 2629 10
9610 9611 12
9611 3435 9
9611 3967 12
9611 4273 18
9611 6067 14
9611 9612 9
9612 627 11
9612 2678 5
9612 3288 13
9612 6739 6
9612 9613 8
9613 4928 18
9613 6935 8
9613 9328 15
9613 9512 1
9613 9614 10
9614 85 2
9614 3968 13
9614 9615 14
9615 1646 13
9615 4171 3
9615 7356 1
9615 8348 20
9615 9616 11
9616 3033 4
9616 4136 2
9616 7833 19
9616 8246 16
9616 9617 10
9617 799 6
9617 1597 10
9617 2375 20
9617 2577 22
9617 9618 10
9618 1583 7
9618 2131 14
9618 2581 12
9618 4571 6
9618 9619 21
9618 9698 16
9619 2855 6
9619 4797 22
9619 6409 2
9619 9620 14
9620 4041 17
9620 6860 11
9620 8303 16
9620 9621 17
9621 4363 9
9621 9622 8
9622 7068 14
9622 7105 22
9622 9623 3
9623 2349 21
9623 8509 13
9623 9624 15
9624 933 6
9624 6290 12
9624 9625 3
9625 560 19
9625 8771 2
9625 9626 3
9626 7510 23
9626 9627 20
9627 1823 15
9627 3892 7
9627 5373 3
9627 6069 17
9627 6740 11
9627 6860 10
9627 7142 5
9627 9628 16
9628 181 3
9628 4798 21
9628 8614 23
9628 9629 22
9629 89 8
9629 4116 15
9629 5065 4
9629 9630 10
9629 9646 23
9630 2772 5
9630 5239 16
9630 6055 23
9630 7169 5
9630 9108 10
9630 9631 17
9631 1230 13
9631 1480 6
9631 9632 22
9632 746 7
9632 2043 2
9632 2780 10
9632 7956 15
9632 9529 18
9632 9633 21
9633 5326 19
9633 9634 3
9633 9678 10
9634 6455 4
9634 6478 10
9634 9073 14
9634 9635 2
9635 847 23
9635 4380 10
9635 9636 11
9636 2046 14
9636 3496 17
9636 5562 18
9636 9637 5
9636 9679 11
9637 1292 7
9637 9638 21
9638 556 15
9638 894 15
9638 2512 12
9638 8502 10
9638 8678 12
9638 9639 23
9639 540 12
9639 908 19
9639 2236 6
9639 5172 2
9639 6501 18
9639 8157 8
9639 9640 8
9639 9997 18
9640 3098 16
9640 9641 3
9641 1535 19
9641 5313 3
9641 6161 14
9641 9642 1
9642 1056 3
9642 6698 4
9642 9382 15
9642 9643 2
9643 7751 19
9643 8917 4
9643 9644 7
9644 5283 19
9644 9645 17
9645 2814 20
9645 3091 18
9645 4187 14
9645 4692 19
9645 8078 12
9645 8235 5
9645 9646 22
9646 2200 14
9646 2276 7
9646 6072 2
9646 7402 16
9646 9647 13
9646 9735 15
9647 79 14
9647 2506 22
9647 5623 13
9647 7127 16
9647 8255 17
9647 9648 21
9647 9751 13
9648 1173 14
9648 1504 6
9648 1772 4
9648 2166 3
9648 3523 11
9648 4368 17
9648 9649 13
9649 4695 8
9649 4723 17
9649 6172 16
9649 9650 15
9650 4182 17
9650 7960 21
9650 9651 15
9651 56 13
9651 320 3
9651 2295 21
9651 4343 5
9651 4735 23
9651 7333 22
9651 9217 8
9651 9652 13
9652 1002 3
9652 9653 18
9653 728 21
9653 3039 6
9653 3512 2
9653 8191 20
9653 8232 17
9653 9654 23
9654 4459 5
9654 8023 9
9654 9655 23
9655 1324 19
9655 9656 8
9655 9716 23
9656 9495 11
9656 9657 19
9657 2173 6
9657 5412 13
9657 9322 18
9657 9496 13
9657 9658 16
9658 5270 19
9658 6284 2
9658 9659 1
9659 965 20
9659 1620 21
9659 2460 5
9659 3122 6
9659 5404 16
9659 9660 22
9660 3929 1
9660 5219 15
9660 6079 1
9660 9661 11
9661 755 13
9661 2928 17
9661 8595 17
9661 9662 22
9662 2587 20
9662 2850 12
9662 3295 18
9662 3651 12
9662 8107 19
9662 9663 10
9663 686 21
9663 793 22
9663 1349 1
9663 1599 23
9663 7459 5
9663 9664 14
9663 9914 6
9664 1116 16
9664 3898 5
9664 6090 4
9664 6739 18
9664 9665 3
9665 1011 13
9665 4206 6
9665 5031 10
9665 9666 20
9666 837 12
9666 9667 6
9667 1142 14
9667 3980 13
9667 6611 14
9667 9637 7
9667 9668 17
9667 9865 20
9668 9669 5
9669 471 20
9669 1606 10
9669 2535 22
9669 3876 19
9669 4832 23
9669 5619 10
9669 9323 14
9669 9670 1
9670 7558 15
9670 9671 4
9671 978 10
9671 3748 2
9671 3815 2
9671 6607 20
9671 6742 17
9671 9672 13
9672 4268 11
9672 4927 1
9672 9096 11
9672 9673 12
9673 812 12
9673 1394 7
9673 2695 4
9673 5433 16
9673 6267 16
9673 7210 19
9673 9674 2
9674 2734 5
9674 3699 18
9674 4489 10
9674 7420 22
9674 7958 16
9674 9542 5
9674 9675 21
9675 478 8
9675 3405 2
9675 9676 23
9675 9907 15
9676 2450 4
9676 3001 6
9676 3271 9
9676 9677 23
9677 4755 7
9677 6118 2
9677 8554 9
9677 9678 9
9678 820 4
9678 3701 20
9678 5106 13
9678 6432 10
9678 8460 4
9678 9679 1
9679 1178 3
9679 1377 15
9679 3212 9
9679 5114 13
9679 9680 22
9680 4388 1
9680 4501 6
9680 4578 14
9680 9681 22
9681 445 21
9681 5268 19
9681 6351 4
9681 7270 3
9681 8915 6
9681 9682 16
9682 509 21
9682 1080 1
9682 4688 15
9682 6911 22
9682 9683 5
9683 4328 13
9683 5024 15
9683 5718 6
9683 8444 2
9683 9684 4
9684 376 2
9684 387 4
9684 800 16
9684 3927 20
9684 6368 8
9684 8748 21
9684 9592 13
9684 9685 12
9685 3456 8
9685 5955 1
9685 8805 8
9685 9020 20
9685 9686 15
9686 861 10
9686 2065 10
9686 4051 10
9686 4344 23
9686 6561 7
9686 9687 14
9686 9791 23
9686 9890 20
9687 5739 10
9687 7838 15
9687 9440 8
9687 9688 3
9688 3098 14
9688 4101 1
9688 4735 19
9688 5192 4
9688 6955 4
9688 7644 11
9688 9689 22
9689 385 22
9689 1431 18
9689 5393 8
9689 9690 16
9690 1926 2
9690 8899 11
9690 9691 13
9691 1681 11
9691 9163 20
9691 9692 8
9692 1593 4
9692 3418 18
9692 6063 15
9692 9693 2
9693 4575 21
9693 9694 5
9693 9990 7
9694 5712 11
9694 8295 11
9694 9695 4
9695 15 12
9695 384 15
9695 2479 3
9695 2717 2
9695 4902 9
9695 9696 6
9696 2832 6
9696 9697 14
9697 770 21
9697 2450 21
9697 5330 16
9697 7952 3
9697 7986 2
9697 8081 21
9697 9698 22
9698 319 16
9698 3564 13
9698 4018 13
9698 4701 9
9698 5950 4
9698 6694 4
9698 8664 14
9698 9699 18
9699 77 22
9699 726 10
9699 1691 13
9699 2170 14
9699 9700 15
9700 357 2
9700 852 14
9700 2062 17
9700 9701 5
9701 2619 11
9701 8307 18
9701 9702 13
9701 9778 13
9702 3053 10
9702 8636 4
9702 9703 11
9703 1977 14
9703 5374 3
9703 5820 12
9703 6782 10
9703 9704 4
9704 7151 10
9704 9705 7
9705 2643 9
9705 3486 6
9705 9706 10
9706 1466 18
9706 8620 1
9706 9707 18
9707 370 2
9707 1692 9
9707 9708 13
9708 798 21
9708 8166 15
9708 9709 17
9709 1604 5
9709 4901 4
9709 6324 18
9709 8087 2
9709 9710 7
9710 110 5
9710 6748 9
9710 8215 7
9710 9711 16
9711 1117 6
9711 9288 19
9711 9712 2
9712 190 12
9712 351 23
9712 449 9
9712 9713 20
9713 1714 18
9713 5650 4
9713 5953 5
9713 6547 22
9713 7999 22
9713 9714 18
9714 3097 1
9714 5010 16
9714 6379 8
9714 6487 2
9714 9715 2
9715 2133 14
9715 7552 11
9715 7776 17
9715 7975 15
9715 9716 2
9716 1160 14
9716 5173 4
9716 9315 23
9716 9581 6
9716 9717 10
9717 2410 7
9717 3927 1
9717 6025 8
9717 6348 14
9717 7126 15
9717 9575 14
9717 9718 3
9718 1944 4
9718 9302 3
9718 9719 19
9719 2903 23
9719 3369 3
9719 4118 9
9719 4740 14
9719 9658 15
9719 9720 2
9720 898 9
9720 8210 20
9720 9083 1
9720 9721 20
9721 4906 10
9721 6819 17
9721 9001 8
9721 9234 2
9721 9342 1
9721 9722 11
9722 3320 9
9722 3530 22
9722 9723 1
9723 2778 23
9723 3957 22
9723 4238 12
9723 4352 8
9723 4646 14
9723 4687 19
9723 9516 22
9723 9724 20
9724 594 23
9724 1995 1
9724 4731 1
9724 5311 22
9724 8131 3
9724 9725 13
9725 442 20
9725 2350 20
9725 3218 18
9725 3438 15
9725 9726 6
9726 3316 11
9726 4620 13
9726 5310 11
9726 6593 9
9726 8742 6
9726 9727 4
9727 2136 3
9727 6876 5
9727 9060 2
9727 9592 1
9727 9728 12
9728 837 7
9728 1977 6
9728 2464 12
9728 4157 10
9728 5683 16
9728 7019 5
9728 9729 20
9729 456 11
9729 1998 21
9729 3396 15
9729 4248 20
9729 5676 13
9729 9730 20
9730 6529 11
9730 9731 1
9731 5186 7
9731 6496 8
9731 9732 21
9732 1337 1
9732 3476 22
9732 4923 12
9732 7947 2
9732 8946 5
9732 9146 17
9732 9733 15
9733 790 13
9733 1079 4
9733 2066 10
9733 6382 14
9733 9734 16
9734 4176 7
9734 9735 1
9735 609 11
9735 2107 6
9735 2215 10
9735 3484 14
9735 5635 6
9735 9736 17
9736 3760 3
9736 6923 21
9736 9737 9
9737 1001 7
9737 6367 7
9737 9286 22
9737 9738 12
9738 2386 8
9738 9739 5
9739 1557 13
9739 9740 22
9740 380 16
9740 1280 2
9740 1332 10
9740 2582 12
9740 6089 21
9740 9741 6
9741 420 19
9741 3673 21
9741 6458 13
9741 8489 23
9741 9742 21
9742 1270 10
9742 1432 14
9742 1469 18
9742 2692 5
9742 2897 23
9742 3453 20
9742 3629 9
9742 9743 12
9743 374 12
9743 621 21
9743 632 7
9743 1769 9
9743 4636 12
9743 9744 13
9744 209 4
9744 1725 22
9744 2307 21
9744 3153 7
9744 3305 2
9744 7915 3
9744 9745 7
9745 936 13
9745 1468 4
9745 2190 18
9745 4723 12
9745 7264 5
9745 9746 5
9746 2358 20
9746 5960 5
9746 6498 21
9746 6632 2
9746 9747 21
9747 4276 12
9747 4748 23
9747 5482 4
9747 6578 5
9747 9748 20
9748 1778 22
9748 7536 3
9748 9749 2
9749 1618 8
9749 7320 21
9749 8181 17
9749 9750 18
9750 5088 16
9750 9751 18
9751 2810 1
9751 3604 15
9751 5604 17
9751 6420 8
9751 8005 22
9751 9752 1
9752 1092 15
9752 1478 15
9752 1907 11
9752 4930 7
9752 6688 22
9752 9753 8
9753 2689 13
9753 3142 6
9753 7260 23
9753 7704 13
9753 9754 19
9754 2703 14
9754 3967 21
9754 4278 22
9754 5340 15
9754 9755 2
9755 7124 4
9755 7141 16
9755 9756 1
9756 5619 15
9756 5884 6
9756 9757 9
9757 45 18
9757 1280 2
9757 1753 6
9757 9758 11
9757 9908 12
9758 4108 4
9758 7799 3
9758 9759 22
9759 6448 12
9759 9760 11
9760 328 16
9760 6086 9
9760 8725 18
9760 8935 7
9760 9761 8
9761 843 10
9761 1802 15
9761 2342 3
9761 3124 2
9761 9762 21
9762 2691 11
9762 7522 17
9762 9763 10
9763 2950 16
9763 7081 10
9763 9168 7
9763 9764 12
9764 33 8
9764 2203 19
9764 5173 7
9764 8654 23
9764 9013 16
9764 9765 14
9764 9889 21
9765 217 18
9765 339 13
9765 1103 19
9765 1446 5
9765 1760 15
9765 2779 4
9765 9727 11
9765 9766 12
9766 677 16
9766 2508 6
9766 4297 14
9766 4646 13
9766 8845 3
9766 9767 18
9767 1425 17
9767 9768 15
9768 1170 14
9768 5399 6
9768 7581 17
9768 9769 9
9769 752 12
9769 1394 9
9769 2150 10
9769 2894 7
9769 9770 11
9770 1778 1
9770 2294 4
9770 2420 23
9770 2598 13
9770 3107 17
9770 4484 5
9770 8970 13
9770 9771 4
9771 1688 15
9771 2575 11
9771 2791 15
9771 2968 16
9771 9772 20
9772 302 11
9772 967 7
9772 1286 5
9772 3351 17
9772 3723 4
9772 4358 3
9772 5004 20
9772 5919 4
9772 7531 21
9772 8229 23
9772 9773 3
9773 534 9
9773 1872 2
9773 1985 17
9773 3897 13
9773 6950 6
9773 8757 14
9773 8770 8
9773 9774 13
9774 630 19
9774 2723 20
9774 7860 19
9774 8349 22
9774 9775 5
9775 120 7
9775 6816 8
9775 9776 6
9776 4856 9
9776 7471 12
9776 9044 13
9776 9428 23
9776 9777 17
9777 9447 3
9777 9778 17
9778 750 21
9778 1940 2
9778 9779 11
9779 414 23
9779 566 14
9779 1088 9
9779 9780 4
9780 287 6
9780 8494 2
9780 9781 6
9781 69 1
9781 3316 6
9781 6644 23
9781 8488 13
9781 9460 15
9781 9782 20
9782 2838 10
9782 4058 4
9782 4078 20
9782 5356 5
9782 7205 10
9782 9461 5
9782 9783 23
9783 3866 1
9783 7385 3
9783 9784 10
9783 9993 8
9784 1044 5
9784 1296 12
9784 2796 1
9784 2869 21
9784 9785 8
9785 1183 10
9785 1232 1
9785 1334 8
9785 1824 7
9785 2976 12
9785 3958 20
9785 6276 17
9785 9688 9
9785 9786 5
9786 508 17
9786 1704 22
9786 1841 19
9786 4435 23
9786 4660 5
9786 6187 2
9786 8023 19
9786 8344 6
9786 9189 20
9786 9787 4
9787 801 15
9787 2979 11
9787 3848 8
9787 9788 14
9788 3245 15
9788 5989 10
9788 9789 5
9789 2932 5
9789 6325 9
9789 9790 4
9790 4466 12
9790 4535 23
9790 8593 8
9790 8859 11
9790 8887 14
9790 9791 9
9791 1743 13
9791 5467 9
9791 9792 10
9792 228 8
9792 590 14
9792 9793 3
9793 228 3
9793 1006 5
9793 1417 7
9793 5182 11
9793 9794 9
9794 961 10
9794 6093 16
9794 8533 23
9794 9795 10
9795 2046 20
9795 5679 4
9795 6399 13
9795 7307 11
9795 9263 11
9795 9796 13
9796 4098 19
9796 5915 22
9796 9239 1
9796 9797 8
9796 9947 3
9797 368 4
9797 695 16
9797 1905 14
9797 6983 23
9797 9798 15
9798 3526 13
9798 9604 11
9798 9799 7
9799 288 21
9799 1169 15
9799 4994 10
9799 8338 20
9799 9270 8
9799 9800 2
9800 405 6
9800 4353 14
9800 6298 20
9800 7604 10
9800 9801 3
9801 1857 18
9801 4908 23
9801 9802 14
9802 7545 16
9802 9803 9
9803 9804 14
9804 2360 17
9804 2690 5
9804 4395 20
9804 9805 10
9805 2800 16
9805 9806 15
9806 2041 13
9806 2176 2
9806 2302 9
9806 7894 17
9806 9807 13
9807 1601 19
9807 2924 23
9807 4001 7
9807 5500 7
9807 8587 4
9807 9808 5
9808 1152 5
9808 1239 3
9808 2174 10
9808 3099 18
9808 4207 7
9808 5585 17
9808 9809 13
9809 306 13
9809 1516 23
9809 6730 6
9809 7476 11
9809 9707 7
9809 9810 22
9810 1525 13
9810 2155 13
9810 6084 23
9810 9811 16
9811 32 9
9811 1529 3
9811 1672 21
9811 2108 21
9811 9812 10
9812 3051 7
9812 6476 16
9812 8675 16
9812 9813 21
9813 2657 8
9813 6879 14
9813 9814 3
9814 1096 8
9814 1142 9
9814 1862 8
9814 9815 5
9815 4184 5
9815 9033 8
9815 9816 11
9816 648 7
9816 1135 8
9816 2995 3
9816 5149 9
9816 5960 8
9816 9817 4
9817 361 8
9817 871 17
9817 2752 13
9817 2916 11
9817 9818 9
9818 309 12
9818 1923 13
9818 7734 12
9818 9819 8
9819 904 9
9819 4089 16
9819 7363 19
9819 9820 22
9820 1065 3
9820 4029 19
9820 4707 14
9820 5305 6
9820 6287 8
9820 9821 21
9821 8460 22
9821 8666 11
9821 9153 17
9821 9176 8
9821 9822 10
9821 9910 4
9822 147 23
9822 5836 13
9822 7878 22
9822 8353 22
9822 9823 12
9822 9967 1
9823 1317 21
9823 1736 20
9823 5619 4
9823 9717 15
9823 9824 5
9824 709 18
9824 965 20
9824 1094 19
9824 1415 13
9824 1733 22
9824 5147 12
9824 6629 1
9824 7464 22
9824 8475 3
9824 8960 4
9824 9825 9
9824 9985 4
9825 2206 4
9825 2439 15
9825 6461 4
9825 6661 8
9825 6778 1
9825 8069 21
9825 8073 23
9825 9826 20
9826 818 13
9826 3505 13
9826 6014 11
9826 9827 12
9827 452 10
9827 712 4
9827 1464 6
9827 3651 3
9827 4280 16
9827 8113 12
9827 8370 5
9827 9828 6
9827 9985 7
9828 3108 19
9828 3442 17
9828 4174 7
9828 9829 9
9829 538 3
9829 620 12
9829 817 9
9829 2792 17
9829 3281 20
9829 4674 1
9829 5571 17
9829 9456 11
9829 9830 1
9830 1174 17
9830 4124 15
9830 9831 22
9831 1884 19
9831 8801 20
9831 9832 16
9832 122 6
9832 173 15
9832 366 21
9832 4180 20
9832 6282 5
9832 7167 18
9832 7290 11
9832 8973 18
9832 9833 16
9833 25 13
9833 119 10
9833 5597 9
9833 5740 10
9833 8103 11
9833 9295 11
9833 9834 12
9834 746 20
9834 1767 19
9834 1928 20
9834 2690 12
9834 3959 10
9834 4484 14
9834 7381 6
9834 7710 10
9834 9835 3
9835 3381 3
9835 3884 8
9835 4233 20
9835 4591 7
9835 9836 19
9836 1274 22
9836 5596 14
9836 9398 15
9836 9837 16
9837 4690 16
9837 9838 3
9838 164 12
9838 9839 2
9839 205 14
9839 7992 2
9839 9840 5
9840 279 4
9840 523 14
9840 1668 6
9840 2174 18
9840 2714 4
9840 7629 14
9840 8057 12
9840 9841 19
9841 2296 16
9841 8770 1
9841 9277 13
9841 9842 5
9842 94 9
9842 9440 15
9842 9448 4
9842 9627 15
9842 9843 2
9843 168 5
9843 5012 21
9843 7196 5
9843 8805 9
9843 8915 23
9843 9484 14
9843 9844 22
9844 2749 23
9844 3090 10
9844 5508 7
9844 8019 15
9844 9845 10
9845 347 12
9845 1116 11
9845 1871 4
9845 2038 6
9845 9277 8
9845 9846 12
9846 3685 4
9846 5901 18
9846 8228 23
9846 9847 16
9847 3876 18
9847 3927 11
9847 9848 20
9848 1712 18
9848 4934 11
9848 8611 7
9848 8974 1
9848 9849 22
9849 6949 8
9849 7670 22
9849 9850 7
9850 2271 11
9850 5626 19
9850 6219 2
9850 6699 9
9850 7935 7
9850 9851 11
9851 1472 13
9851 5128 19
9851 5376 10
9851 7537 5
9851 9350 18
9851 9852 19
9852 7983 1
9852 9853 15
9853 2240 21
9853 4644 15
9853 6089 7
9853 9854 16
9854 3345 23
9854 6430 15
9854 7477 9
9854 8685 17
9854 9855 11
9855 9856 8
9856 2586 19
9856 6626 6
9856 7422 7
9856 7647 10
9856 9053 22
9856 9857 9
9857 2047 3
9857 9858 22
9858 980 16
9858 6044 19
9858 9859 16
9859 356 13
9859 2819 13
9859 4107 12
9859 8446 5
9859 9860 2
9860 665 9
9860 1355 13
9860 5014 16
9860 6966 2
9860 8691 5
9860 9861 8
9861 3768 6
9861 7139 12
9861 9862 19
9862 90 9
9862 2155 5
9862 2320 2
9862 4704 2
9862 6355 4
9862 8739 9
9862 9863 21
9863 2621 13
9863 3210 16
9863 6743 3
9863 9361 8
9863 9864 17
9864 4368 20
9864 5613 21
9864 6286 12
9864 6340 9
9864 6698 11
9864 9865 21
9865 1642 16
9865 2271 4
9865 7116 11
9865 8211 20
9865 9866 5
9866 192 16
9866 2197 7
9866 2952 14
9866 3334 7
9866 5999 4
9866 9867 13
9867 401 7
9867 3480 15
9867 4150 21
9867 7682 3
9867 9868 13
9868 3432 6
9868 7468 6
9868 9869 17
9869 31 15
9869 5266 23
9869 7614 19
9869 9870 18
9869 9914 3
9870 2435 21
9870 2754 15
9870 6975 21
9870 9421 12
9870 9440 8
9870 9871 21
9871 3346 15
9871 7553 16
9871 9872 12
9872 1121 5
9872 3075 14
9872 9873 11
9873 2579 8
9873 3033 4
9873 8036 12
9873 9874 7
9874 905 10
9874 4908 12
9874 6559 19
9874 9875 9
9875 4546 17
9875 6382 10
9875 9558 9
9875 9876 15
9876 1757 21
9876 6660 21
9876 9877 7
9877 4755 4
9877 9878 9
9878 4245 8
9878 7637 3
9878 7684 21
9878 9879 5
9879 4759 11
9879 4908 1
9879 6848 11
9879 8788 12
9879 9880 15
9880 2163 23
9880 5943 15
9880 6108 6
9880 8093 16
9880 8323 15
9880 9881 6
9881 116 7
9881 1605 14
9881 1662 13
9881 2139 3
9881 4756 12
9881 6589 10
9881 8254 17
9881 9882 23
9882 1002 20
9882 2438 19
9882 5623 23
9882 9883 7
9883 1990 23
9883 7523 17
9883 9884 6
9884 2255 14
9884 4479 7
9884 4693 21
9884 9754 16
9884 9885 19
9884 9939 5
9885 629 2
9885 6943 11
9885 9886 12
9886 571 2
9886 3512 10
9886 4068 14
9886 9887 22
9887 9888 17
9888 5487 14
9888 5857 16
9888 9228 9
9888 9513 14
9888 9889 5
9889 4022 4
9889 9122 3
9889 9538 19
9889 9890 8
9890 913 21
9890 1325 23
9890 1956 11
9890 4168 22
9890 6630 19
9890 7222 7
9890 7411 20
9890 8618 5
9890 9292 5
9890 9891 18
9891 495 6
9891 692 17
9891 3575 18
9891 4195 14
9891 4557 9
9891 7281 9
9891 7318 23
9891 8045 12
9891 9892 19
9892 1771 7
9892 5741 9
9892 7501 18
9892 7824 18
9892 8226 3
9892 9893 12
9893 7974 20
9893 9894 9
9894 4794 2
9894 6676 10
9894 7302 2
9894 9871 11
9894 9895 15
9895 1175 7
9895 2263 11
9895 9795 6
9895 9896 23
9896 1497 10
9896 1616 19
9896 2931 14
9896 3036 23
9896 4547 13
9896 9271 20
9896 9897 16
9897 6027 11
9897 6188 18
9897 9898 11
9898 2133 14
9898 3094 15
9898 5405 20
9898 9899 6
9899 81 5
9899 1041 6
9899 3672 16
9899 5165 2
9899 7323 1
9899 7584 17
9899 8786 4
9899 9485 3
9899 9900 6
9900 9549 15
9900 9718 4
9900 9901 21
9901 2202 20
9901 7951 21
9901 8903 13
9901 9902 13
9902 8 18
9902 1906 1
9902 4016 8
9902 5968 23
9902 9903 13
9903 476 10
9903 3284 6
9903 6977 20
9903 9089 13
9903 9904 22
9904 525 1
9904 860 2
9904 4913 18
9904 9905 21
9905 3870 17
9905 4456 11
9905 5440 23
9905 8179 3
9905 9906 18
9906 1290 23
9906 3399 16
9906 4077 14
9906 4454 19
9906 5469 23
9906 9033 2
9906 9907 17
9907 769 10
9907 2247 7
9907 6387 23
9907 8347 11
9907 9908 17
9908 2245 1
9908 5140 10
9908 5715 12
9908 6160 14
9908 6375 21
9908 8066 12
9908 9909 17
9909 450 10
9909 1564 11
9909 9910 9
9910 3172 7
9910 6430 14
9910 8523 18
9910 9911 4
9911 392 6
9911 3858 2
9911 4663 13
9911 9912 9
9912 9913 21
9913 244 2
9913 2945 1
9913 6199 1
9913 9576 16
9913 9914 13
9914 2446 19
9914 3235 9
9914 5733 4
9914 7105 9
9914 9915 10
9915 7050 18
9915 9916 2
9916 2684 18
9916 5612 16
9916 9917 11
9916 9927 9
9917 504 23
9917 2335 12
9917 9918 21
9918 3007 1
9918 3824 2
9918 4980 7
9918 6130 18
9918 6387 19
9918 6893 6
9918 7290 12
9918 9919 2
9919 819 22
9919 2478 15
9919 3224 4
9919 9920 12
9920 544 14
9920 1921 5
9920 6377 3
9920 7729 16
9920 8167 22
9920 9921 23
9921 1921 8
9921 2779 19
9921 6367 21
9921 9721 6
9921 9922 12
9922 515 13
9922 1323 15
9922 7650 19
9922 8546 22
9922 9923 23
9923 5550 7
9923 6087 14
9923 9924 17
9924 2122 21
9924 3220 4
9924 5526 18
9924 8158 7
9924 9596 2
9924 9925 8
9925 1937 9
9925 5842 4
9925 6784 11
9925 7197 15
9925 7262 15
9925 7507 4
9925 9926 23
9926 2244 23
9926 2877 1
9926 8863 8
9926 9927 21
9927 2442 10
9927 6532 5
9927 8083 17
9927 9928 17
9928 1431 23
9928 2359 12
9928 5400 14
9928 5903 19
9928 7079 11
9928 9924 13
9928 9929 14
9929 692 22
9929 3001 23
9929 7417 1
9929 9930 10
9930 642 6
9930 6388 19
9930 6502 18
9930 9931 18
9931 2588 19
9931 8025 15
9931 9932 3
9932 380 20
9932 437 16
9932 2571 11
9932 6044 11
9932 9933 18
9933 76 6
9933 2076 9
9933 3450 3
9933 4089 6
9933 6987 10
9933 8560 11
9933 9934 11
9934 162 22
9934 5359 15
9934 9835 21
9934 9935 18
9935 1733 1
9935 7992 3
9935 9034 6
9935 9936 2
9936 4236 8
9936 4464 6
9936 6770 10
9936 9937 1
9937 2306 20
9937 2774 6
9937 4813 14
9937 7786 17
9937 7961 8
9937 9938 2
9938 423 8
9938 693 8
9938 9484 16
9938 9939 23
9939 2957 15
9939 9026 19
9939 9940 2
9940 9041 16
9940 9941 3
9941 939 18
9941 1210 8
9941 1780 21
9941 2673 7
9941 4500 7
9941 7133 17
9941 9942 8
9942 1874 20
9942 2755 5
9942 4135 10
9942 6285 15
9942 9943 14
9943 3103 4
9943 5557 22
9943 5594 1
9943 8373 21
9943 8926 20
9943 9944 5
9944 214 22
9944 2654 12
9944 2831 23
9944 3324 6
9944 3744 18
9944 4556 4
9944 9945 10
9945 314 14
9945 1949 19
9945 2837 4
9945 5338 14
9945 8534 3
9945 9946 11
9946 115 14
9946 4547 15
9946 9914 10
9946 9947 9
9947 3377 6
9947 9948 1
9948 497 20
9948 5779 17
9948 5784 14
9948 6913 1
9948 7736 10
9948 9949 13
9949 1679 9
9949 2511 15
9949 9950 6
9950 433 1
9950 992 18
9950 3270 8
9950 9894 17
9950 9951 22
9950 9977 8
9951 836 20
9951 9952 19
9952 293 9
9952 2443 7
9952 2708 8
9952 3602 1
9952 3670 6
9952 4621 17
9952 7901 9
9952 8677 22
9952 9953 21
9953 915 4
9953 3009 14
9953 8650 21
9953 9954 13
9954 666 23
9954 1969 3
9954 9465 7
9954 9955 14
9955 258 21
9955 8705 7
9955 8827 4
9955 9956 18
9956 2504 16
9956 5490 6
9956 9957 12
9957 4677 20
9957 9958 23
9958 3202 18
9958 6770 12
9958 9959 12
9959 659 13
9959 6030 1
9959 6039 6
9959 6217 20
9959 8465 1
9959 9960 19
9960 1734 1
9960 2890 7
9960 5398 15
9960 5854 19
9960 6097 17
9960 9961 7
9961 7030 8
9961 7315 18
9961 7911 3
9961 8309 20
9961 8319 19
9961 9962 2
9962 681 18
9962 3571 23
9962 9963 16
9963 675 13
9963 2089 18
9963 4934 20
9963 9964 9
9964 665 23
9964 1163 4
9964 2736 18
9964 9522 4
9964 9735 8
9964 9926 5
9964 9965 13
9965 1753 6
9965 1804 6
9965 2774 12
9965 3453 6
9965 6453 16
9965 9800 13
9965 9966 21
9966 291 2
9966 1284 18
9966 2694 8
9966 3097 18
9966 4942 22
9966 5097 9
9966 5997 2
9966 9967 23
9967 212 9
9967 6495 14
9967 7289 1
9967 8390 9
9967 8805 6
9967 9968 21
9968 3041 12
9968 9764 5
9968 9969 19
9969 3616 1
9969 5912 20
9969 8230 23
9969 9237 19
9969 9970 17
9970 3231 3
9970 3331 22
9970 3517 15
9970 6450 17
9970 6968 8
9970 9971 19
9971 1219 10
9971 2137 18
9971 3811 15
9971 4207 8
9971 4536 17
9971 7397 22
9971 8041 2
9971 9972 2
9972 898 6
9972 4028 9
9972 9482 7
9972 9973 10
9973 7909 6
9973 8794 10
9973 9974 17
9974 911 16
9974 3157 22
9974 3483 18
9974 6023 9
9974 8947 21
9974 9975 12
9975 8548 23
9975 8630 12
9975 9976 8
9976 2445 8
9976 4977 18
9976 9957 6
9976 9977 5
9977 939 19
9977 1534 23
9977 2319 21
9977 5097 18
9977 6154 3
9977 9313 4
9977 9978 12
9978 1241 17
9978 1884 15
9978 3174 5
9978 3307 5
9978 4409 11
9978 6254 5
9978 9028 9
9978 9979 2
9979 6423 20
9979 9105 22
9979 9980 2
9980 160 11
9980 2828 2
9980 8143 3
9980 9981 17
9981 1353 10
9981 2302 17
9981 8240 9
9981 8474 19
9981 9982 4
9982 5641 5
9982 7733 17
9982 9756 1
9982 9983 5
9983 8277 13
9983 9984 8
9984 4772 19
9984 5294 4
9984 9985 5
9985 2674 10
9985 5695 13
9985 7884 8
9985 9986 17
9986 4890 2
9986 8706 15
9986 9987 12
9987 508 6
9987 957 5
9987 1262 2
9987 1550 6
9987 4034 17
9987 5411 8
9987 9988 5
9988 325 10
9988 2530 8
9988 4311 6
9988 6871 11
9988 7496 2
9988 7838 13
9988 9989 7
9989 5903 7
9989 9990 19
9990 1155 17
9990 2115 8
9990 2788 18
9990 6782 20
9990 9991 19
9991 2303 12
9991 4790 18
9991 7923 20
9991 9358 11
9991 9992 5
9992 604 2
9992 673 19
9992 7117 13
9992 9993 19
9993 2121 20
9993 2308 6
9993 2430 18
9993 8144 9
9993 9994 2
9994 140 12
9994 1127 10
9994 3025 12
9994 4429 11
9994 5808 20
9994 6607 23
9994 9300 12
9994 9995 10
9995 3320 23
9995 8195 11
9995 9996 23
9996 386 14
9996 2090 6
9996 2309 19
9996 2459 15
9996 7279 22
9996 9997 1
9997 4747 9
9997 6710 3
9997 8982 6
9997 9998 6
9998 411 23
9998 732 22
9998 768 7
9998 5384 21
9998 7688 18
9998 9999 17
9999 3572 10
9999 4487 4
9999 5710 12
9999 6016 17
